name,code,category,brand,model,serial,condition,quantity,ownership,location,warehouse,qr,description,notes,purchasePrice,replacementValue,currentBookValue
Tripode C-Stand GVM C330 Turtle-Base & Grip Arm Kit (10.5'),R-485,RIG,,,,Good,2,owned,,,1000295,Tripode C-Stand GVM C330 Turtle-Base & Grip Arm Kit (10.5'),Origen: Rentman legacy inventory 2021-10-15; Código Rentman original: 485; Carpeta Rentman: Gripería/Tripodes; Tipo carpeta Rentman: Equipos; Tipo item Rentman: Articulo; Tiene accesorios Rentman: 0,,,
"Extension Grip Arm Impact 40"" (Black)",R-488,RIG,,,,Good,1,owned,,,1000296,"Extension Grip Arm Impact 40"" (Black)",Origen: Rentman legacy inventory 2021-10-15; Código Rentman original: 488; Carpeta Rentman: Gripería/Accesorios Gripería; Tipo carpeta Rentman: Equipos; Tipo item Rentman: Articulo; Tiene accesorios Rentman: 0,,,
"Tripode Baby Stand Avenger w/ Leveling Leg (Chrome-Plated, 3.3')",R-489,RIG,,,,Good,2,owned,,,1000297,"Tripode Baby Stand Avenger w/ Leveling Leg (Chrome-Plated, 3.3')",Origen: Rentman legacy inventory 2021-10-15; Código Rentman original: 489; Carpeta Rentman: Gripería/Tripodes; Tipo carpeta Rentman: Equipos; Tipo item Rentman: Articulo; Tiene accesorios Rentman: 0,,,
Barra Baby Triple Header Avenger F900 (Chrome-Plated),R-490,RIG,,,,Good,3,owned,,,1000298,Barra Baby Triple Header Avenger F900 (Chrome-Plated),Origen: Rentman legacy inventory 2021-10-15; Código Rentman original: 490; Carpeta Rentman: Gripería/Accesorios Gripería; Tipo carpeta Rentman: Equipos; Tipo item Rentman: Articulo; Tiene accesorios Rentman: 0,,,
Sliding Arm Support Impact w/ Hand Grip,R-492,RIG,,,,Good,1,owned,,,1000300,Sliding Arm Support Impact w/ Hand Grip,Origen: Rentman legacy inventory 2021-10-15; Código Rentman original: 492; Carpeta Rentman: Gripería/Accesorios Gripería; Tipo carpeta Rentman: Equipos; Tipo item Rentman: Articulo; Tiene accesorios Rentman: 0,,,
"Grip Head Impact 2.5"" (Chrome)",R-493,RIG,,,,Good,4,owned,,2D,1000301,"Grip Head Impact 2.5"" (Chrome)",Origen: Rentman legacy inventory 2021-10-15; Código Rentman original: 493; Carpeta Rentman: Gripería/Accesorios Gripería; Tipo carpeta Rentman: Equipos; Tipo item Rentman: Articulo; Tiene accesorios Rentman: 0,,,
"Threaded Adapter Impact Rapid Baby to 3/8"" Male",R-494,RIG,,,,Good,11,owned,,6B,1000302,"Threaded Adapter Impact Rapid Baby to 3/8"" Male",Origen: Rentman legacy inventory 2021-10-15; Código Rentman original: 494; Carpeta Rentman: Gripería/Accesorios Gripería; Tipo carpeta Rentman: Equipos; Tipo item Rentman: Articulo; Tiene accesorios Rentman: 0,,,
"Case Impact Rolling for Three 52"" C-Stands",R-495,CAS,,,,Good,1,owned,,,1000303,"Case Impact Rolling for Three 52"" C-Stands",Origen: Rentman legacy inventory 2021-10-15; Código Rentman original: 495; Carpeta Rentman: Maletas/Cases/Bultos/Cases; Tipo carpeta Rentman: Equipos; Tipo item Rentman: Articulo; Tiene accesorios Rentman: 0,,,
"Clamp Impact w/ 5/8"" Snap-In Pin",R-496,RIG,,,,Good,3,owned,,,1000304,"Clamp Impact w/ 5/8"" Snap-In Pin",Origen: Rentman legacy inventory 2021-10-15; Código Rentman original: 496; Carpeta Rentman: Gripería/Accesorios Gripería; Tipo carpeta Rentman: Equipos; Tipo item Rentman: Articulo; Tiene accesorios Rentman: 0,,,
"Snap-In Pin for Super Clamps Impact 5/8"" (Black)",R-497,RIG,,,,Good,1,owned,,,1000305,"Snap-In Pin for Super Clamps Impact 5/8"" (Black)",Origen: Rentman legacy inventory 2021-10-15; Código Rentman original: 497; Carpeta Rentman: Gripería/Accesorios Gripería; Tipo carpeta Rentman: Equipos; Tipo item Rentman: Articulo; Tiene accesorios Rentman: 0,,,
Batería Watson Pro 14.4V 95Wh Slim (Gold Mount),R-499,BATT,,,,Good,12,owned,,3A,1000307,Batería Watson Pro 14.4V 95Wh Slim (Gold Mount),Origen: Rentman legacy inventory 2021-10-15; Código Rentman original: 499; Carpeta Rentman: Power/Baterías; Tipo carpeta Rentman: Equipos; Tipo item Rentman: Articulo; Tiene accesorios Rentman: 0,,,
Cargador Batería Watson Pro Dual Position (Gold Mount),R-500,POW,,,,Good,2,owned,,3A,1000308,Cargador Batería Watson Pro Dual Position (Gold Mount),Origen: Rentman legacy inventory 2021-10-15; Código Rentman original: 500; Carpeta Rentman: Power/Cargadores; Tipo carpeta Rentman: Equipos; Tipo item Rentman: Articulo; Tiene accesorios Rentman: 1,,,
Plate SHAPE V-Mount to Gold Mount Converter,R-501,ACC,,,,Good,3,owned,,2A,1000309,Plate SHAPE V-Mount to Gold Mount Converter,Origen: Rentman legacy inventory 2021-10-15; Código Rentman original: 501; Carpeta Rentman: Accesorios/Plates; Tipo carpeta Rentman: Equipos; Tipo item Rentman: Articulo; Tiene accesorios Rentman: 0,,,
Plate SHAPE Pivoting for Shogun 7 Monitor Cage (V-Mount),R-502,ACC,,,,Good,5,owned,,2A,1000310,Plate SHAPE Pivoting for Shogun 7 Monitor Cage (V-Mount),Origen: Rentman legacy inventory 2021-10-15; Código Rentman original: 502; Carpeta Rentman: Accesorios/Plates; Tipo carpeta Rentman: Equipos; Tipo item Rentman: Articulo; Tiene accesorios Rentman: 0,,,
"Magliner Nose 5/8"" Baby Pin Dual",R-503,MON,,,,Good,1,owned,,,1000311,"Magliner Nose 5/8"" Baby Pin Dual",Origen: Rentman legacy inventory 2021-10-15; Código Rentman original: 503; Carpeta Rentman: Monitores/Accesorios Monitores; Tipo carpeta Rentman: Equipos; Tipo item Rentman: Articulo; Tiene accesorios Rentman: 0,,,
Cable AC XLR 4 Pins 10ft,R-515,POW,,,,Good,5,owned,,02 A,1000323,Cable AC XLR 4 Pins 10ft,Origen: Rentman legacy inventory 2021-10-15; Código Rentman original: 515; Carpeta Rentman: Power/Alimentadores AC/No Asignados; Tipo carpeta Rentman: Equipos; Tipo item Rentman: Articulo; Tiene accesorios Rentman: 0,,,
Power AC AJA,R-516,POW,,,,Good,2,owned,,,1000324,Power AC AJA,Origen: Rentman legacy inventory 2021-10-15; Código Rentman original: 516; Carpeta Rentman: Power/Alimentadores AC/Asignados; Tipo carpeta Rentman: Equipos; Tipo item Rentman: Articulo; Tiene accesorios Rentman: 0,,,
Cable Video BNC 1ft (Skinny),R-518,SIG,,,,Good,35,owned,,08 D,1000326,Cable Video BNC 1ft (Skinny),Origen: Rentman legacy inventory 2021-10-15; Código Rentman original: 518; Carpeta Rentman: Cables/Cables Video; Tipo carpeta Rentman: Equipos; Tipo item Rentman: Articulo; Tiene accesorios Rentman: 0,,,
Cable Video BNC 3ft,R-519,SIG,,,,Good,2,owned,,08 D,1000327,Cable Video BNC 3ft,Origen: Rentman legacy inventory 2021-10-15; Código Rentman original: 519; Carpeta Rentman: Cables/Cables Video; Tipo carpeta Rentman: Equipos; Tipo item Rentman: Articulo; Tiene accesorios Rentman: 0,,,
Regleta IKEA,R-532,POW,,,,Good,15,owned,,02 A,1000340,Regleta IKEA,Origen: Rentman legacy inventory 2021-10-15; Código Rentman original: 532; Carpeta Rentman: Power/Regletas; Tipo carpeta Rentman: Equipos; Tipo item Rentman: Articulo; Tiene accesorios Rentman: 0,,,
Extensión Eléctrica,R-533,POW,,,,Good,4,owned,,,1000341,Extensión Eléctrica,Origen: Rentman legacy inventory 2021-10-15; Código Rentman original: 533; Carpeta Rentman: Power/Extensiones; Tipo carpeta Rentman: Equipos; Tipo item Rentman: Articulo; Tiene accesorios Rentman: 0,,,
Rods 6”,R-538,MON,,,,Good,3,owned,,6B,1000346,Rods 6”,Origen: Rentman legacy inventory 2021-10-15; Código Rentman original: 538; Carpeta Rentman: Monitores/Accesorios Monitores; Tipo carpeta Rentman: Equipos; Tipo item Rentman: Articulo; Tiene accesorios Rentman: 0,,,
Cable AC Americano,R-546,POW,,,,Good,29,owned,,02 A,1000354,Cable AC Americano,Origen: Rentman legacy inventory 2021-10-15; Código Rentman original: 546; Carpeta Rentman: Power/Alimentadores AC/No Asignados; Tipo carpeta Rentman: Equipos; Tipo item Rentman: Articulo; Tiene accesorios Rentman: 0,,,
Artículo de Limpieza Duster (Aire Comprimido),R-547,ACC,,,,Good,4,owned,,,1000355,Artículo de Limpieza Duster (Aire Comprimido),Origen: Rentman legacy inventory 2021-10-15; Código Rentman original: 547; Carpeta Rentman: Gastables/Artículos de Limpieza; Tipo carpeta Rentman: Equipos; Tipo item Rentman: Articulo; Tiene accesorios Rentman: 0,,,
Artículo de Limpieza WD-40,R-548,ACC,,,,Good,2,owned,,,1000356,Artículo de Limpieza WD-40,Origen: Rentman legacy inventory 2021-10-15; Código Rentman original: 548; Carpeta Rentman: Gastables/Artículos de Limpieza; Tipo carpeta Rentman: Equipos; Tipo item Rentman: Articulo; Tiene accesorios Rentman: 0,,,
Artículo de Limpieza Bubble Scrubbing,R-549,ACC,,,,Good,1,owned,,,1000357,Artículo de Limpieza Bubble Scrubbing,Origen: Rentman legacy inventory 2021-10-15; Código Rentman original: 549; Carpeta Rentman: Gastables/Artículos de Limpieza; Tipo carpeta Rentman: Equipos; Tipo item Rentman: Articulo; Tiene accesorios Rentman: 0,,,
Lanillas,R-550,ACC,,,,Good,8,owned,,,1000358,Lanillas,Origen: Rentman legacy inventory 2021-10-15; Código Rentman original: 550; Carpeta Rentman: Gastables/Artículos de Limpieza; Tipo carpeta Rentman: Equipos; Tipo item Rentman: Articulo; Tiene accesorios Rentman: 0,,,
Paño Atomos,R-551,ACC,,,,Good,3,owned,,,1000359,Paño Atomos,Origen: Rentman legacy inventory 2021-10-15; Código Rentman original: 551; Carpeta Rentman: Gastables/Artículos de Limpieza; Tipo carpeta Rentman: Equipos; Tipo item Rentman: Articulo; Tiene accesorios Rentman: 0,,,
Paños,R-552,ACC,,,,Good,5,owned,,,1000360,Paños,Origen: Rentman legacy inventory 2021-10-15; Código Rentman original: 552; Carpeta Rentman: Gastables/Artículos de Limpieza; Tipo carpeta Rentman: Equipos; Tipo item Rentman: Articulo; Tiene accesorios Rentman: 0,,,
Tape Velcro,R-553,ACC,,,,Good,1,owned,,,1000361,Tape Velcro,Origen: Rentman legacy inventory 2021-10-15; Código Rentman original: 553; Carpeta Rentman: Gastables; Tipo carpeta Rentman: Equipos; Tipo item Rentman: Articulo; Tiene accesorios Rentman: 0,,,
Carta de Color Xrite Classic Checker,R-554,ACC,,,,Good,1,owned,,,1000362,Carta de Color Xrite Classic Checker,Origen: Rentman legacy inventory 2021-10-15; Código Rentman original: 554; Carpeta Rentman: Accesorios/Accesorios Color; Tipo carpeta Rentman: Equipos; Tipo item Rentman: Articulo; Tiene accesorios Rentman: 0,,,
Gray Charts 18% Kit w/ Strap,R-555,ACC,,,,Good,3,owned,,,1000363,Gray Charts 18% Kit w/ Strap,Origen: Rentman legacy inventory 2021-10-15; Código Rentman original: 555; Carpeta Rentman: Accesorios/Accesorios Color; Tipo carpeta Rentman: Equipos; Tipo item Rentman: Articulo; Tiene accesorios Rentman: 0,,,
Tape Gaffer (Negro),R-556,ACC,,,,Good,1,owned,,,1000364,Tape Gaffer (Negro),Origen: Rentman legacy inventory 2021-10-15; Código Rentman original: 556; Carpeta Rentman: Gastables; Tipo carpeta Rentman: Equipos; Tipo item Rentman: Articulo; Tiene accesorios Rentman: 0,,,
Cinta Métrica,R-557,TOOL,,,,Good,1,owned,,,1000365,Cinta Métrica,Origen: Rentman legacy inventory 2021-10-15; Código Rentman original: 557; Carpeta Rentman: Accesorios/Herramientas; Tipo carpeta Rentman: Equipos; Tipo item Rentman: Articulo; Tiene accesorios Rentman: 0,,,
Fajas,R-558,ACC,,,,Good,2,owned,,,1000366,Fajas,Origen: Rentman legacy inventory 2021-10-15; Código Rentman original: 558; Carpeta Rentman: Accesorios; Tipo carpeta Rentman: Equipos; Tipo item Rentman: Articulo; Tiene accesorios Rentman: 0,,,
Bulto Cinebag Tools Small,R-559,CAS,,,,Good,1,owned,,02 D,1000367,Bulto Cinebag Tools Small,Origen: Rentman legacy inventory 2021-10-15; Código Rentman original: 559; Carpeta Rentman: Maletas/Cases/Bultos/Bultos; Tipo carpeta Rentman: Equipos; Tipo item Rentman: Articulo; Tiene accesorios Rentman: 0,,,
Bulto Tool Bag (Negro),R-560,CAS,,,,Good,1,owned,,08 F,1000368,Bulto Tool Bag (Negro),Origen: Rentman legacy inventory 2021-10-15; Código Rentman original: 560; Carpeta Rentman: Maletas/Cases/Bultos/Bultos; Tipo carpeta Rentman: Equipos; Tipo item Rentman: Articulo; Tiene accesorios Rentman: 0,,,
Guantes,R-561,TOOL,,,,Good,1,owned,,,1000369,Guantes,Origen: Rentman legacy inventory 2021-10-15; Código Rentman original: 561; Carpeta Rentman: Accesorios/Herramientas; Tipo carpeta Rentman: Equipos; Tipo item Rentman: Articulo; Tiene accesorios Rentman: 0,,,
Cover Bag It,R-562,ACC,,,,Good,1,owned,,,1000370,Cover Bag It,Origen: Rentman legacy inventory 2021-10-15; Código Rentman original: 562; Carpeta Rentman: Gastables; Tipo carpeta Rentman: Equipos; Tipo item Rentman: Articulo; Tiene accesorios Rentman: 0,,,
Lonas Plásticas,R-563,ACC,,,,Good,3,owned,,,1000371,Lonas Plásticas,Origen: Rentman legacy inventory 2021-10-15; Código Rentman original: 563; Carpeta Rentman: Gastables; Tipo carpeta Rentman: Equipos; Tipo item Rentman: Articulo; Tiene accesorios Rentman: 0,,,
Capa de Lluvia,R-564,ACC,,,,Good,1,owned,,,1000372,Capa de Lluvia,Origen: Rentman legacy inventory 2021-10-15; Código Rentman original: 564; Carpeta Rentman: Gastables; Tipo carpeta Rentman: Equipos; Tipo item Rentman: Articulo; Tiene accesorios Rentman: 0,,,
Luz LED USB (Small),R-565,ACC,,,,Good,2,owned,,,1000373,Luz LED USB (Small),Origen: Rentman legacy inventory 2021-10-15; Código Rentman original: 565; Carpeta Rentman: Accesorios; Tipo carpeta Rentman: Equipos; Tipo item Rentman: Articulo; Tiene accesorios Rentman: 0,,,
Antenna Replacement (S),R-567,ACC,,,,Good,30,owned,,6B,1000375,Antenna Replacement (S),Origen: Rentman legacy inventory 2021-10-15; Código Rentman original: 567; Carpeta Rentman: Wireless Systems/Accesorios Wireless Systems; Tipo carpeta Rentman: Equipos; Tipo item Rentman: Articulo; Tiene accesorios Rentman: 0,,,
Antenna Replacement (Flat),R-568,ACC,,,,Good,5,owned,,6B,1000376,Antenna Replacement (Flat),Origen: Rentman legacy inventory 2021-10-15; Código Rentman original: 568; Carpeta Rentman: Wireless Systems/Accesorios Wireless Systems; Tipo carpeta Rentman: Equipos; Tipo item Rentman: Articulo; Tiene accesorios Rentman: 0,,,
Antenna Replacement (Skinny),R-569,ACC,,,,Good,6,owned,,6B,1000377,Antenna Replacement (Skinny),Origen: Rentman legacy inventory 2021-10-15; Código Rentman original: 569; Carpeta Rentman: Wireless Systems/Accesorios Wireless Systems; Tipo carpeta Rentman: Equipos; Tipo item Rentman: Articulo; Tiene accesorios Rentman: 0,,,
Antenna Replacement (M),R-570,ACC,,,,Good,5,owned,,6B,1000378,Antenna Replacement (M),Origen: Rentman legacy inventory 2021-10-15; Código Rentman original: 570; Carpeta Rentman: Wireless Systems/Accesorios Wireless Systems; Tipo carpeta Rentman: Equipos; Tipo item Rentman: Articulo; Tiene accesorios Rentman: 0,,,
Herramienta Llave Allen (Pack),R-571,TOOL,,,,Good,3,owned,,,1000379,Herramienta Llave Allen (Pack),Origen: Rentman legacy inventory 2021-10-15; Código Rentman original: 571; Carpeta Rentman: Accesorios/Herramientas; Tipo carpeta Rentman: Equipos; Tipo item Rentman: Articulo; Tiene accesorios Rentman: 0,,,
Calibrador Monitor x-Rite i1 Display Pro,R-572,ACC,,,,Good,1,owned,,,1000380,Calibrador Monitor x-Rite i1 Display Pro,Origen: Rentman legacy inventory 2021-10-15; Código Rentman original: 572; Carpeta Rentman: Accesorios/Accesorios Color; Tipo carpeta Rentman: Equipos; Tipo item Rentman: Articulo; Tiene accesorios Rentman: 0,,,
Lector Lexar CF2,R-577,READ,,,24050863000534,Good,3,owned,,7C,1000385,Lector Lexar CF2,Origen: Rentman legacy inventory 2021-10-15; Código Rentman original: 577; Carpeta Rentman: Lectores; Tipo carpeta Rentman: Equipos; Tipo item Rentman: Articulo; Tiene accesorios Rentman: 0,,,
Lector Lexar CF2,R-577-2,READ,,,24050272200730,Good,3,owned,,7C,1000385,Lector Lexar CF2,Origen: Rentman legacy inventory 2021-10-15; Código Rentman original: 577; Carpeta Rentman: Lectores; Tipo carpeta Rentman: Equipos; Tipo item Rentman: Articulo; Tiene accesorios Rentman: 0,,,
Lector Lexar CF2,R-577-3,READ,,,24050272200856,Good,3,owned,,7C,1000385,Lector Lexar CF2,Origen: Rentman legacy inventory 2021-10-15; Código Rentman original: 577; Carpeta Rentman: Lectores; Tipo carpeta Rentman: Equipos; Tipo item Rentman: Articulo; Tiene accesorios Rentman: 0,,,
Lector RED Mini-Mag,R-578,READ,,,,Good,1,owned,,,1000386,Lector RED Mini-Mag,Origen: Rentman legacy inventory 2021-10-15; Código Rentman original: 578; Carpeta Rentman: Lectores; Tipo carpeta Rentman: Equipos; Tipo item Rentman: Articulo; Tiene accesorios Rentman: 0,,,
"Lector RED Mag 1.8""",R-579,READ,,,,Good,2,owned,,,1000387,"Lector RED Mag 1.8""",Origen: Rentman legacy inventory 2021-10-15; Código Rentman original: 579; Carpeta Rentman: Lectores; Tipo carpeta Rentman: Equipos; Tipo item Rentman: Articulo; Tiene accesorios Rentman: 0,,,
Lector Transcend USB 3.0,R-580,READ,,,673755-1046,Good,5,owned,,7C,1000388,Lector Transcend USB 3.0,Origen: Rentman legacy inventory 2021-10-15; Código Rentman original: 580; Carpeta Rentman: Lectores; Tipo carpeta Rentman: Equipos; Tipo item Rentman: Articulo; Tiene accesorios Rentman: 0,,,
Lector Transcend USB 3.0,R-580-2,READ,,,673755-1058,Good,5,owned,,7C,1000388,Lector Transcend USB 3.0,Origen: Rentman legacy inventory 2021-10-15; Código Rentman original: 580; Carpeta Rentman: Lectores; Tipo carpeta Rentman: Equipos; Tipo item Rentman: Articulo; Tiene accesorios Rentman: 0,,,
Lector Transcend USB 3.0,R-580-3,READ,,,714671-3765,Good,5,owned,,7C,1000388,Lector Transcend USB 3.0,Origen: Rentman legacy inventory 2021-10-15; Código Rentman original: 580; Carpeta Rentman: Lectores; Tipo carpeta Rentman: Equipos; Tipo item Rentman: Articulo; Tiene accesorios Rentman: 0,,,
Tape Label 18mm White,R-581,ACC,,,,Good,9,owned,,,1000389,Tape Label 18mm White,Origen: Rentman legacy inventory 2021-10-15; Código Rentman original: 581; Carpeta Rentman: Gastables; Tipo carpeta Rentman: Equipos; Tipo item Rentman: Articulo; Tiene accesorios Rentman: 0,,,
Tape Label 12 mm White,R-582,ACC,,,,Good,4,owned,,,1000390,Tape Label 12 mm White,Origen: Rentman legacy inventory 2021-10-15; Código Rentman original: 582; Carpeta Rentman: Gastables; Tipo carpeta Rentman: Equipos; Tipo item Rentman: Articulo; Tiene accesorios Rentman: 0,,,
Tape Label 18mm Blue,R-583,ACC,,,,Good,5,owned,,,1000391,Tape Label 18mm Blue,Origen: Rentman legacy inventory 2021-10-15; Código Rentman original: 583; Carpeta Rentman: Gastables; Tipo carpeta Rentman: Equipos; Tipo item Rentman: Articulo; Tiene accesorios Rentman: 0,,,
Tape Label 18mm Red,R-584,ACC,,,,Good,6,owned,,,1000392,Tape Label 18mm Red,Origen: Rentman legacy inventory 2021-10-15; Código Rentman original: 584; Carpeta Rentman: Gastables; Tipo carpeta Rentman: Equipos; Tipo item Rentman: Articulo; Tiene accesorios Rentman: 0,,,
Tape Label 24mm White,R-585,ACC,,,,Good,1,owned,,,1000393,Tape Label 24mm White,Origen: Rentman legacy inventory 2021-10-15; Código Rentman original: 585; Carpeta Rentman: Gastables; Tipo carpeta Rentman: Equipos; Tipo item Rentman: Articulo; Tiene accesorios Rentman: 0,,,
Tape Label Black on Metalic Silver 12mm,R-586,ACC,,,,Good,2,owned,,,1000394,Tape Label Black on Metalic Silver 12mm,Origen: Rentman legacy inventory 2021-10-15; Código Rentman original: 586; Carpeta Rentman: Gastables; Tipo carpeta Rentman: Equipos; Tipo item Rentman: Articulo; Tiene accesorios Rentman: 0,,,
Tape Label Glow in the Dark 12mm,R-587,ACC,,,,Good,1,owned,,,1000395,Tape Label Glow in the Dark 12mm,Origen: Rentman legacy inventory 2021-10-15; Código Rentman original: 587; Carpeta Rentman: Gastables; Tipo carpeta Rentman: Equipos; Tipo item Rentman: Articulo; Tiene accesorios Rentman: 0,,,
Bulto Accessories P,R-588,CAS,,,,Good,1,owned,,07 F,1000396,Bulto Accessories P,Origen: Rentman legacy inventory 2021-10-15; Código Rentman original: 588; Carpeta Rentman: Maletas/Cases/Bultos/Bultos; Tipo carpeta Rentman: Equipos; Tipo item Rentman: Articulo; Tiene accesorios Rentman: 0,,,
Bulto Though Built Large,R-589,CAS,,,,Good,2,owned,,08 F,1000397,Bulto Though Built Large,Origen: Rentman legacy inventory 2021-10-15; Código Rentman original: 589; Carpeta Rentman: Maletas/Cases/Bultos/Bultos; Tipo carpeta Rentman: Equipos; Tipo item Rentman: Articulo; Tiene accesorios Rentman: 0,,,
Mochila JVSTZON,R-590,CAS,,,,Good,2,owned,,07 F,1000398,Mochila JVSTZON,Origen: Rentman legacy inventory 2021-10-15; Código Rentman original: 590; Carpeta Rentman: Maletas/Cases/Bultos/Mochilas; Tipo carpeta Rentman: Equipos; Tipo item Rentman: Articulo; Tiene accesorios Rentman: 0,,,
Convertidor Video AJA T-Tap,R-591,ACC,,,K0215646,Good,1,owned,,7C,1000399,Convertidor Video AJA T-Tap,Origen: Rentman legacy inventory 2021-10-15; Código Rentman original: 591; Carpeta Rentman: Capture & Playback; Tipo carpeta Rentman: Equipos; Tipo item Rentman: Articulo; Tiene accesorios Rentman: 0,,,
Convertidor Video AJA U-Tap SDI,R-592,ACC,,,K0532844,Good,1,owned,,7C,1000400,Convertidor Video AJA U-Tap SDI,Origen: Rentman legacy inventory 2021-10-15; Código Rentman original: 592; Carpeta Rentman: Capture & Playback; Tipo carpeta Rentman: Equipos; Tipo item Rentman: Articulo; Tiene accesorios Rentman: 0,,,
Convertidor Video Porta SDI- HDMI,R-593,SIG,,,,Good,1,owned,,,1000401,Convertidor Video Porta SDI- HDMI,Origen: Rentman legacy inventory 2021-10-15; Código Rentman original: 593; Carpeta Rentman: Accesorios/Accesorios Video; Tipo carpeta Rentman: Equipos; Tipo item Rentman: Articulo; Tiene accesorios Rentman: 0,,,
Cargador Pilas Recargables WATSON,R-594,POW,,,BA0616,Good,4,owned,,6B,1000402,Cargador Pilas Recargables WATSON,Origen: Rentman legacy inventory 2021-10-15; Código Rentman original: 594; Carpeta Rentman: Power/Cargadores; Tipo carpeta Rentman: Equipos; Tipo item Rentman: Articulo; Tiene accesorios Rentman: 1,,,
Cargador Pilas Recargables WATSON,R-594-2,POW,,,BA1113,Good,4,owned,,6B,1000402,Cargador Pilas Recargables WATSON,Origen: Rentman legacy inventory 2021-10-15; Código Rentman original: 594; Carpeta Rentman: Power/Cargadores; Tipo carpeta Rentman: Equipos; Tipo item Rentman: Articulo; Tiene accesorios Rentman: 1,,,
Cargador Pilas Recargables WATSON,R-594-3,POW,,,BA0616,Good,4,owned,,6B,1000402,Cargador Pilas Recargables WATSON,Origen: Rentman legacy inventory 2021-10-15; Código Rentman original: 594; Carpeta Rentman: Power/Cargadores; Tipo carpeta Rentman: Equipos; Tipo item Rentman: Articulo; Tiene accesorios Rentman: 1,,,
Pilas Recargables Watson MX AA,R-595,BATT,,,,Good,2,owned,,,1000403,Pilas Recargables Watson MX AA,Origen: Rentman legacy inventory 2021-10-15; Código Rentman original: 595; Carpeta Rentman: Power/Baterías; Tipo carpeta Rentman: Equipos; Tipo item Rentman: Articulo; Tiene accesorios Rentman: 0,,,
Pilas Recargables Activ Energy AA,R-596,BATT,,,,Good,4,owned,,,1000404,Pilas Recargables Activ Energy AA,Origen: Rentman legacy inventory 2021-10-15; Código Rentman original: 596; Carpeta Rentman: Power/Baterías; Tipo carpeta Rentman: Equipos; Tipo item Rentman: Articulo; Tiene accesorios Rentman: 0,,,
Cargador Pilas Recargables 2U GP,R-597,POW,,,,Good,1,owned,,,1000405,Cargador Pilas Recargables 2U GP,Origen: Rentman legacy inventory 2021-10-15; Código Rentman original: 597; Carpeta Rentman: Power/Cargadores; Tipo carpeta Rentman: Equipos; Tipo item Rentman: Articulo; Tiene accesorios Rentman: 0,,,
Plate V Mount,R-600,ACC,,,,Good,8,owned,,2A,1000408,Plate V Mount,Origen: Rentman legacy inventory 2021-10-15; Código Rentman original: 600; Carpeta Rentman: Accesorios/Plates; Tipo carpeta Rentman: Equipos; Tipo item Rentman: Articulo; Tiene accesorios Rentman: 0,,,
Cargador Dolgin Sony-L Mount,R-601,POW,,,,Good,1,owned,,,1000409,Cargador Dolgin Sony-L Mount,Origen: Rentman legacy inventory 2021-10-15; Código Rentman original: 601; Carpeta Rentman: Power/Cargadores; Tipo carpeta Rentman: Equipos; Tipo item Rentman: Articulo; Tiene accesorios Rentman: 0,,,
Rack Connector BNC,R-602,SIG,,,,Good,38,owned,,6B,1000410,Rack Connector BNC,Origen: Rentman legacy inventory 2021-10-15; Código Rentman original: 602; Carpeta Rentman: Accesorios/Accesorios Video; Tipo carpeta Rentman: Equipos; Tipo item Rentman: Articulo; Tiene accesorios Rentman: 0,,,
Tapa Panel Monitor (1 Color Pack),R-604,MON,,,,Good,9,owned,,,1000412,Tapa Panel Monitor (1 Color Pack),Origen: Rentman legacy inventory 2021-10-15; Código Rentman original: 604; Carpeta Rentman: Monitores/Accesorios Monitores; Tipo carpeta Rentman: Equipos; Tipo item Rentman: Articulo; Tiene accesorios Rentman: 0,,,
Internet Portátil Huawei,R-605,ACC,,,,Good,1,owned,,,1000413,Internet Portátil Huawei,Origen: Rentman legacy inventory 2021-10-15; Código Rentman original: 605; Carpeta Rentman: Wireless Systems; Tipo carpeta Rentman: Equipos; Tipo item Rentman: Articulo; Tiene accesorios Rentman: 0,,,
Impresora Label Epson LW-600P,R-606,ACC,,,UCVZ410215H,Good,4,owned,,LABEL,1000414,Impresora Label Epson LW-600P,Origen: Rentman legacy inventory 2021-10-15; Código Rentman original: 606; Carpeta Rentman: Accesorios/Impresoras; Tipo carpeta Rentman: Equipos; Tipo item Rentman: Articulo; Tiene accesorios Rentman: 1,,,
Enclosure Atomos,R-607,ACC,,,,Good,4,owned,,7C,1000415,Enclosure Atomos,Origen: Rentman legacy inventory 2021-10-15; Código Rentman original: 607; Carpeta Rentman: Archiving/Enclosure; Tipo carpeta Rentman: Equipos; Tipo item Rentman: Articulo; Tiene accesorios Rentman: 0,,,
Enclosure Atomos (w/ Drive),R-608,ACC,,,,Good,2,owned,,7C,1000416,Enclosure Atomos (w/ Drive),Origen: Rentman legacy inventory 2021-10-15; Código Rentman original: 608; Carpeta Rentman: Archiving/Enclosure; Tipo carpeta Rentman: Equipos; Tipo item Rentman: Articulo; Tiene accesorios Rentman: 0,,,
Lector Disco Atomos SSD,R-609,READ,,,K534DCK018556,Good,1,owned,,7C,1000417,Lector Disco Atomos SSD,Origen: Rentman legacy inventory 2021-10-15; Código Rentman original: 609; Carpeta Rentman: Lectores; Tipo carpeta Rentman: Equipos; Tipo item Rentman: Articulo; Tiene accesorios Rentman: 0,,,
Brocha,R-610,TOOL,,,,Good,1,owned,,,1000418,Brocha,Origen: Rentman legacy inventory 2021-10-15; Código Rentman original: 610; Carpeta Rentman: Accesorios/Herramientas; Tipo carpeta Rentman: Equipos; Tipo item Rentman: Articulo; Tiene accesorios Rentman: 0,,,
Brocha Mini,R-611,TOOL,,,,Good,1,owned,,,1000419,Brocha Mini,Origen: Rentman legacy inventory 2021-10-15; Código Rentman original: 611; Carpeta Rentman: Accesorios/Herramientas; Tipo carpeta Rentman: Equipos; Tipo item Rentman: Articulo; Tiene accesorios Rentman: 0,,,
Tiewrap Small (Packs),R-612,ACC,,,,Good,1,owned,,2B,1000420,Tiewrap Small (Packs),Origen: Rentman legacy inventory 2021-10-15; Código Rentman original: 612; Carpeta Rentman: Gastables; Tipo carpeta Rentman: Equipos; Tipo item Rentman: Articulo; Tiene accesorios Rentman: 0,,,
Tiewrap Large (Pack),R-613,ACC,,,,Good,1,owned,,2B,1000421,Tiewrap Large (Pack),Origen: Rentman legacy inventory 2021-10-15; Código Rentman original: 613; Carpeta Rentman: Gastables; Tipo carpeta Rentman: Equipos; Tipo item Rentman: Articulo; Tiene accesorios Rentman: 0,,,
Tape label 12 1/2 on White,R-614,ACC,,,,Good,1,owned,,,1000422,Tape label 12 1/2 on White,Origen: Rentman legacy inventory 2021-10-15; Código Rentman original: 614; Carpeta Rentman: Gastables; Tipo carpeta Rentman: Equipos; Tipo item Rentman: Articulo; Tiene accesorios Rentman: 0,,,
Carro ProAim Victor Large,R-615,CAR,,,,Good,1,owned,,,1000423,Carro ProAim Victor Large,Origen: Rentman legacy inventory 2021-10-15; Código Rentman original: 615; Carpeta Rentman: Movilidad/Carros; Tipo carpeta Rentman: Equipos; Tipo item Rentman: Articulo; Tiene accesorios Rentman: 0; Nota Rentman: 32 inches,,,
Carpa Eurmax + Sides,R-616,ACC,,,,Good,1,owned,,,1000424,Carpa Eurmax + Sides,Origen: Rentman legacy inventory 2021-10-15; Código Rentman original: 616; Carpeta Rentman: Accesorios; Tipo carpeta Rentman: Equipos; Tipo item Rentman: Articulo; Tiene accesorios Rentman: 0,,,
UPS APC 1500,R-617,POW,,,3B1919X23002,Good,5,owned,,,1000425,UPS APC 1500,Origen: Rentman legacy inventory 2021-10-15; Código Rentman original: 617; Carpeta Rentman: Power/UPS; Tipo carpeta Rentman: Equipos; Tipo item Rentman: Articulo; Tiene accesorios Rentman: 0,,,
UPS APC 1500,R-617-2,POW,,,3B1919X23011,Good,5,owned,,,1000425,UPS APC 1500,Origen: Rentman legacy inventory 2021-10-15; Código Rentman original: 617; Carpeta Rentman: Power/UPS; Tipo carpeta Rentman: Equipos; Tipo item Rentman: Articulo; Tiene accesorios Rentman: 0,,,
UPS APC 1500,R-617-3,POW,,,3B2051X68218,Good,5,owned,,,1000425,UPS APC 1500,Origen: Rentman legacy inventory 2021-10-15; Código Rentman original: 617; Carpeta Rentman: Power/UPS; Tipo carpeta Rentman: Equipos; Tipo item Rentman: Articulo; Tiene accesorios Rentman: 0,,,
UPS APC 1500,R-617-4,POW,,,3B2051X68222,Good,5,owned,,,1000425,UPS APC 1500,Origen: Rentman legacy inventory 2021-10-15; Código Rentman original: 617; Carpeta Rentman: Power/UPS; Tipo carpeta Rentman: Equipos; Tipo item Rentman: Articulo; Tiene accesorios Rentman: 0,,,
UPS APC 1500,R-617-5,POW,,,3B1919X23028,Good,5,owned,,,1000425,UPS APC 1500,Origen: Rentman legacy inventory 2021-10-15; Código Rentman original: 617; Carpeta Rentman: Power/UPS; Tipo carpeta Rentman: Equipos; Tipo item Rentman: Articulo; Tiene accesorios Rentman: 0,,,
Carta de Color XRite Syder Check,R-618,ACC,,,,Good,1,owned,,,1000426,Carta de Color XRite Syder Check,Origen: Rentman legacy inventory 2021-10-15; Código Rentman original: 618; Carpeta Rentman: Accesorios/Accesorios Color; Tipo carpeta Rentman: Equipos; Tipo item Rentman: Articulo; Tiene accesorios Rentman: 0; Nota Rentman: + Case Gris,,,
Cable Video BNC 25 fts,R-619,SIG,,,,Good,9,owned,,03 A,1000427,Cable Video BNC 25 fts,Origen: Rentman legacy inventory 2021-10-15; Código Rentman original: 619; Carpeta Rentman: Cables/Cables Video; Tipo carpeta Rentman: Equipos; Tipo item Rentman: Articulo; Tiene accesorios Rentman: 0,,,
Cable Video BNC 50 fts,R-620,SIG,,,,Good,4,owned,,03 A,1000428,Cable Video BNC 50 fts,Origen: Rentman legacy inventory 2021-10-15; Código Rentman original: 620; Carpeta Rentman: Cables/Cables Video; Tipo carpeta Rentman: Equipos; Tipo item Rentman: Articulo; Tiene accesorios Rentman: 0,,,
Impresora Label Epson LW-400,R-621,ACC,,,,Good,2,owned,,LABEL,1000429,Impresora Label Epson LW-400,Origen: Rentman legacy inventory 2021-10-15; Código Rentman original: 621; Carpeta Rentman: Accesorios/Impresoras; Tipo carpeta Rentman: Equipos; Tipo item Rentman: Articulo; Tiene accesorios Rentman: 1; Nota Rentman: +Power,,,
"Monitor Convergent Apollo 7""",R-622,MON,,,25-01660,Good,2,owned,,,1000430,"Monitor Convergent Apollo 7""",Origen: Rentman legacy inventory 2021-10-15; Código Rentman original: 622; Carpeta Rentman: Monitores; Tipo carpeta Rentman: Equipos; Tipo item Rentman: Articulo; Tiene accesorios Rentman: 0,,,
"Monitor Convergent Apollo 7""",R-622-2,MON,,,25-01236,Good,2,owned,,,1000430,"Monitor Convergent Apollo 7""",Origen: Rentman legacy inventory 2021-10-15; Código Rentman original: 622; Carpeta Rentman: Monitores; Tipo carpeta Rentman: Equipos; Tipo item Rentman: Articulo; Tiene accesorios Rentman: 0,,,
Mochila Logic Case,R-623,CAS,,,,Good,3,owned,,DIT / DATA CASE,1000431,Mochila Logic Case,Origen: Rentman legacy inventory 2021-10-15; Código Rentman original: 623; Carpeta Rentman: Maletas/Cases/Bultos/Mochilas; Tipo carpeta Rentman: Equipos; Tipo item Rentman: Articulo; Tiene accesorios Rentman: 0,,,
Cable Video BNC 2fts,R-624,SIG,,,,Good,16,owned,,08 D,1000432,Cable Video BNC 2fts,Origen: Rentman legacy inventory 2021-10-15; Código Rentman original: 624; Carpeta Rentman: Cables/Cables Video; Tipo carpeta Rentman: Equipos; Tipo item Rentman: Articulo; Tiene accesorios Rentman: 0,,,
Monitor DualView Marshall,R-625,MON,,,,Good,1,owned,,,1000433,Monitor DualView Marshall,Origen: Rentman legacy inventory 2021-10-15; Código Rentman original: 625; Carpeta Rentman: Monitores; Tipo carpeta Rentman: Equipos; Tipo item Rentman: Articulo; Tiene accesorios Rentman: 1,,,
Interface Video Ultrastudio 4K Blackmagic,R-627,ACC,,,1876869,Good,2,owned,,,1000435,Interface Video Ultrastudio 4K Blackmagic,Origen: Rentman legacy inventory 2021-10-15; Código Rentman original: 627; Carpeta Rentman: Capture & Playback; Tipo carpeta Rentman: Equipos; Tipo item Rentman: Articulo; Tiene accesorios Rentman: 1,,,
"Monitor Flanders AM250 24"" OLED",R-628,MON,,,MA250A00051,Good,1,owned,,,1000436,"Monitor Flanders AM250 24"" OLED",Origen: Rentman legacy inventory 2021-10-15; Código Rentman original: 628; Carpeta Rentman: Monitores; Tipo carpeta Rentman: Equipos; Tipo item Rentman: Articulo; Tiene accesorios Rentman: 1; Nota Rentman: 2015 SIEMPRE SALE CON : BNC 6FT +POWER AC +MOUNT PLATE,,,
Monitor PC Dell P2419H,R-629,MON,,,CN-OG8TVH-QDC00-1B-8QFL-AL6,Good,2,owned,,,1000437,Monitor PC Dell P2419H,"Origen: Rentman legacy inventory 2021-10-15; Código Rentman original: 629; Carpeta Rentman: Monitores; Tipo carpeta Rentman: Equipos; Tipo item Rentman: Articulo; Tiene accesorios Rentman: 0; Nota Rentman: + arm plate ""M"" + power + HDMI-HDMI",,,
Monitor PC Dell P2419H,R-629-2,MON,,,CN-0G8TVH-QDC00-09M-103S-A11,Good,2,owned,,,1000437,Monitor PC Dell P2419H,"Origen: Rentman legacy inventory 2021-10-15; Código Rentman original: 629; Carpeta Rentman: Monitores; Tipo carpeta Rentman: Equipos; Tipo item Rentman: Articulo; Tiene accesorios Rentman: 0; Nota Rentman: + arm plate ""M"" + power + HDMI-HDMI",,,
Caja Herramientas Remax,R-630,TOOL,,,,Good,1,owned,,,1000438,Caja Herramientas Remax,Origen: Rentman legacy inventory 2021-10-15; Código Rentman original: 630; Carpeta Rentman: Accesorios/Herramientas; Tipo carpeta Rentman: Equipos; Tipo item Rentman: Articulo; Tiene accesorios Rentman: 0,,,
Director's Cage ProAim,R-631,MON,,,,Good,1,owned,,,1000439,Director's Cage ProAim,Origen: Rentman legacy inventory 2021-10-15; Código Rentman original: 631; Carpeta Rentman: Monitores/Accesorios Monitores; Tipo carpeta Rentman: Equipos; Tipo item Rentman: Articulo; Tiene accesorios Rentman: 0,,,
Sunhood SHAPE,R-632,MON,,,,Good,1,owned,,,1000440,Sunhood SHAPE,Origen: Rentman legacy inventory 2021-10-15; Código Rentman original: 632; Carpeta Rentman: Monitores/Accesorios Monitores; Tipo carpeta Rentman: Equipos; Tipo item Rentman: Articulo; Tiene accesorios Rentman: 0,,,
Power AC Apple USBC Macbook Pro,R-637,POW,,,,Good,2,owned,,,1000445,Power AC Apple USBC Macbook Pro,Origen: Rentman legacy inventory 2021-10-15; Código Rentman original: 637; Carpeta Rentman: Power/Alimentadores AC/Asignados; Tipo carpeta Rentman: Equipos; Tipo item Rentman: Articulo; Tiene accesorios Rentman: 0; Nota Rentman: + USB-C - USB-C Power,,,
Adaptador Hyper Drive USBC,R-638,DAC,,,4865EE1-748D4,Good,1,owned,,08 D,1000446,Adaptador Hyper Drive USBC,Origen: Rentman legacy inventory 2021-10-15; Código Rentman original: 638; Carpeta Rentman: Accesorios/Accesorios Data; Tipo carpeta Rentman: Equipos; Tipo item Rentman: Articulo; Tiene accesorios Rentman: 0; Nota Rentman: USBC- Standard 3.0/Thunderbolt 3/ HDMI,,,
Color Panel Tangent Ripple,R-639,SIG,,,10906196,Good,1,owned,,COLOR,1000447,Color Panel Tangent Ripple,Origen: Rentman legacy inventory 2021-10-15; Código Rentman original: 639; Carpeta Rentman: Consola/Video; Tipo carpeta Rentman: Equipos; Tipo item Rentman: Articulo; Tiene accesorios Rentman: 1,,,
Trackballs Kit Color Panel Tangent,R-640,ACC,,,,Good,1,owned,,,1000448,Trackballs Kit Color Panel Tangent,Origen: Rentman legacy inventory 2021-10-15; Código Rentman original: 640; Carpeta Rentman: Accesorios/Accesorios Color; Tipo carpeta Rentman: Equipos; Tipo item Rentman: Articulo; Tiene accesorios Rentman: 0,,,
"Computadora Apple Macbook Pro 2017 15"" (D)",R-641,HD,,,C02V51GHHTDD,Good,1,owned,,,1000449,"Computadora Apple Macbook Pro 2017 15"" (D)",Origen: Rentman legacy inventory 2021-10-15; Código Rentman original: 641; Carpeta Rentman: Hardware/Computadoras; Tipo carpeta Rentman: Equipos; Tipo item Rentman: Articulo; Tiene accesorios Rentman: 1; Nota Rentman: Processor : 2.8 GH2 Intel core i7 Memory : 16 GB Graphics Radeon Pro 560 4GB Intel HD Graphics 630 1536 MB SSD 500 GB macOS Mojave,,,
Power AC Marshall Dual Monitor,R-645,POW,,,,Good,1,owned,,,1000453,Power AC Marshall Dual Monitor,Origen: Rentman legacy inventory 2021-10-15; Código Rentman original: 645; Carpeta Rentman: Power/Alimentadores AC/Asignados; Tipo carpeta Rentman: Equipos; Tipo item Rentman: Articulo; Tiene accesorios Rentman: 0,,,
Cable AC Interface Video Blackmagic Ultrastudio 4K,R-646,POW,,,,Good,2,owned,,,1000454,Cable AC Interface Video Blackmagic Ultrastudio 4K,Origen: Rentman legacy inventory 2021-10-15; Código Rentman original: 646; Carpeta Rentman: Power/Alimentadores AC/Asignados; Tipo carpeta Rentman: Equipos; Tipo item Rentman: Articulo; Tiene accesorios Rentman: 0,,,
Teclado Apple Protools Numeric,R-647,HD,,,,Good,1,owned,,,456,Teclado Apple Protools Numeric,"Origen: Rentman legacy inventory 2021-10-15; Código Rentman original: 647; Carpeta Rentman: Hardware/Teclados; Tipo carpeta Rentman: Equipos; Tipo item Rentman: Articulo; Tiene accesorios Rentman: 0; Nota Rentman: + Case ""Hermit Shell"" + Cable",,,
Hub CalDigit,R-649,DAC,,,SHB00227,Good,1,owned,,08 D,1000457,Hub CalDigit,Origen: Rentman legacy inventory 2021-10-15; Código Rentman original: 649; Carpeta Rentman: Accesorios/Accesorios Data; Tipo carpeta Rentman: Equipos; Tipo item Rentman: Articulo; Tiene accesorios Rentman: 1; Nota Rentman: + Power AC + Transformador,,,
Adaptador USB 2.0 Female-Male,R-650,DAC,,,,Good,1,owned,,08 D,1000458,Adaptador USB 2.0 Female-Male,Origen: Rentman legacy inventory 2021-10-15; Código Rentman original: 650; Carpeta Rentman: Accesorios/Accesorios Data; Tipo carpeta Rentman: Equipos; Tipo item Rentman: Articulo; Tiene accesorios Rentman: 0,,,
Switch Monoprice 2In-1Out,R-651,ACC,,,,Good,2,owned,,,1000459,Switch Monoprice 2In-1Out,Origen: Rentman legacy inventory 2021-10-15; Código Rentman original: 651; Carpeta Rentman: Capture & Playback; Tipo carpeta Rentman: Equipos; Tipo item Rentman: Articulo; Tiene accesorios Rentman: 1,,,
Mouse Etekcity,R-652,HD,,,,Good,1,owned,,,1000460,Mouse Etekcity,Origen: Rentman legacy inventory 2021-10-15; Código Rentman original: 652; Carpeta Rentman: Hardware/Mouses; Tipo carpeta Rentman: Equipos; Tipo item Rentman: Articulo; Tiene accesorios Rentman: 0,,,
Lector Tarjeta USB 3.0 Odyssey,R-653,READ,,,,Good,1,owned,,7C,1000461,Lector Tarjeta USB 3.0 Odyssey,Origen: Rentman legacy inventory 2021-10-15; Código Rentman original: 653; Carpeta Rentman: Lectores; Tipo carpeta Rentman: Equipos; Tipo item Rentman: Articulo; Tiene accesorios Rentman: 0,,,
Convertidor Video Ultrastudio Mini Monitor Blackmagic,R-654,ACC,,,4829666,Good,1,owned,,7C,1000462,Convertidor Video Ultrastudio Mini Monitor Blackmagic,Origen: Rentman legacy inventory 2021-10-15; Código Rentman original: 654; Carpeta Rentman: Capture & Playback; Tipo carpeta Rentman: Equipos; Tipo item Rentman: Articulo; Tiene accesorios Rentman: 0,,,
Lector Startech CF2-USBC,R-656,READ,,,,Good,1,owned,,7C,1000464,Lector Startech CF2-USBC,Origen: Rentman legacy inventory 2021-10-15; Código Rentman original: 656; Carpeta Rentman: Lectores; Tipo carpeta Rentman: Equipos; Tipo item Rentman: Articulo; Tiene accesorios Rentman: 0,,,
Case Seahorse,R-659,CAS,,,,Good,4,owned,,,1000467,Case Seahorse,Origen: Rentman legacy inventory 2021-10-15; Código Rentman original: 659; Carpeta Rentman: Maletas/Cases/Bultos/Cases; Tipo carpeta Rentman: Equipos; Tipo item Rentman: Articulo; Tiene accesorios Rentman: 0,,,
Case Media Case,R-660,CAS,,,,Good,1,owned,,,1000468,Case Media Case,Origen: Rentman legacy inventory 2021-10-15; Código Rentman original: 660; Carpeta Rentman: Maletas/Cases/Bultos/Cases; Tipo carpeta Rentman: Equipos; Tipo item Rentman: Articulo; Tiene accesorios Rentman: 0,,,
Case SKB Teradek,R-661,CAS,,,,Good,2,owned,,6A,1000469,Case SKB Teradek,Origen: Rentman legacy inventory 2021-10-15; Código Rentman original: 661; Carpeta Rentman: Maletas/Cases/Bultos/Cases; Tipo carpeta Rentman: Equipos; Tipo item Rentman: Articulo; Tiene accesorios Rentman: 0,,,
Case Pelican 1650,R-663,CAS,,,,Good,2,owned,,1A,1000471,Case Pelican 1650,Origen: Rentman legacy inventory 2021-10-15; Código Rentman original: 663; Carpeta Rentman: Maletas/Cases/Bultos/Cases; Tipo carpeta Rentman: Equipos; Tipo item Rentman: Articulo; Tiene accesorios Rentman: 0,,,
Case Pelican IM2620,R-665,CAS,,,,Good,1,owned,,,1000473,Case Pelican IM2620,Origen: Rentman legacy inventory 2021-10-15; Código Rentman original: 665; Carpeta Rentman: Maletas/Cases/Bultos/Cases; Tipo carpeta Rentman: Equipos; Tipo item Rentman: Articulo; Tiene accesorios Rentman: 0,,,
Case Gator 6U,R-666,CAS,,,,Good,4,owned,,,1000474,Case Gator 6U,Origen: Rentman legacy inventory 2021-10-15; Código Rentman original: 666; Carpeta Rentman: Maletas/Cases/Bultos/Cases; Tipo carpeta Rentman: Equipos; Tipo item Rentman: Articulo; Tiene accesorios Rentman: 0,,,
Alimentador Serv Pro D-Tap Spliter,R-670,POW,,,,Good,4,owned,,8C,1000478,Alimentador Serv Pro D-Tap Spliter,Origen: Rentman legacy inventory 2021-10-15; Código Rentman original: 670; Carpeta Rentman: Power/Alimentadores AC/Asignados; Tipo carpeta Rentman: Equipos; Tipo item Rentman: Articulo; Tiene accesorios Rentman: 0,,,
Roscas Male 3/8-Male 3/8,R-671,ACC,,,,Good,6,owned,,6B,1000479,Roscas Male 3/8-Male 3/8,Origen: Rentman legacy inventory 2021-10-15; Código Rentman original: 671; Carpeta Rentman: Gastables; Tipo carpeta Rentman: Equipos; Tipo item Rentman: Articulo; Tiene accesorios Rentman: 0,,,
Roscas Male 3/8-Male 1/4,R-672,ACC,,,,Good,4,owned,,6B,1000480,Roscas Male 3/8-Male 1/4,Origen: Rentman legacy inventory 2021-10-15; Código Rentman original: 672; Carpeta Rentman: Gastables; Tipo carpeta Rentman: Equipos; Tipo item Rentman: Articulo; Tiene accesorios Rentman: 0,,,
Roscas Male 1/4-Male 1/4,R-673,ACC,,,,Good,5,owned,,6B,1000481,Roscas Male 1/4-Male 1/4,Origen: Rentman legacy inventory 2021-10-15; Código Rentman original: 673; Carpeta Rentman: Gastables; Tipo carpeta Rentman: Equipos; Tipo item Rentman: Articulo; Tiene accesorios Rentman: 0,,,
Barrilito Female-Female 3/8,R-674,SIG,,,,Good,20,owned,,6B,1000482,Barrilito Female-Female 3/8,Origen: Rentman legacy inventory 2021-10-15; Código Rentman original: 674; Carpeta Rentman: Accesorios/Accesorios Video; Tipo carpeta Rentman: Equipos; Tipo item Rentman: Articulo; Tiene accesorios Rentman: 0,,,
Roscas Female-Male 1/4- 3/8,R-675,ACC,,,,Good,9,owned,,6B,1000483,Roscas Female-Male 1/4- 3/8,Origen: Rentman legacy inventory 2021-10-15; Código Rentman original: 675; Carpeta Rentman: Gastables; Tipo carpeta Rentman: Equipos; Tipo item Rentman: Articulo; Tiene accesorios Rentman: 0,,,
Roscas Male 1/4-Female 3/8,R-676,ACC,,,,Good,4,owned,,6B,1000484,Roscas Male 1/4-Female 3/8,Origen: Rentman legacy inventory 2021-10-15; Código Rentman original: 676; Carpeta Rentman: Gastables; Tipo carpeta Rentman: Equipos; Tipo item Rentman: Articulo; Tiene accesorios Rentman: 0,,,
Adaptador BNC Male-Female,R-678,ACC,,,,Good,14,owned,,6B,1000486,Adaptador BNC Male-Female,Origen: Rentman legacy inventory 2021-10-15; Código Rentman original: 678; Carpeta Rentman: Gastables; Tipo carpeta Rentman: Equipos; Tipo item Rentman: Articulo; Tiene accesorios Rentman: 0,,,
Adaptador BNC Female-Female,R-679,ACC,,,,Good,19,owned,,6B,1000487,Adaptador BNC Female-Female,Origen: Rentman legacy inventory 2021-10-15; Código Rentman original: 679; Carpeta Rentman: Gastables; Tipo carpeta Rentman: Equipos; Tipo item Rentman: Articulo; Tiene accesorios Rentman: 0,,,
Adaptador BNC Male-Female,R-680,ACC,,,,Good,3,owned,,8C,1000488,Adaptador BNC Male-Female,Origen: Rentman legacy inventory 2021-10-15; Código Rentman original: 680; Carpeta Rentman: Gastables; Tipo carpeta Rentman: Equipos; Tipo item Rentman: Articulo; Tiene accesorios Rentman: 0,,,
Adaptador HDMI Male-Female,R-681,ACC,,,,Good,6,owned,,8C,1000489,Adaptador HDMI Male-Female,Origen: Rentman legacy inventory 2021-10-15; Código Rentman original: 681; Carpeta Rentman: Gastables; Tipo carpeta Rentman: Equipos; Tipo item Rentman: Articulo; Tiene accesorios Rentman: 0,,,
Medidor de Tornillos,R-686,ACC,,,,Good,1,owned,,,1000494,Medidor de Tornillos,Origen: Rentman legacy inventory 2021-10-15; Código Rentman original: 686; Carpeta Rentman: Gastables; Tipo carpeta Rentman: Equipos; Tipo item Rentman: Articulo; Tiene accesorios Rentman: 0,,,
Rack Connector USB 3.0,R-687,DAC,,,,Good,8,owned,,08 D,1000495,Rack Connector USB 3.0,Origen: Rentman legacy inventory 2021-10-15; Código Rentman original: 687; Carpeta Rentman: Accesorios/Accesorios Data; Tipo carpeta Rentman: Equipos; Tipo item Rentman: Articulo; Tiene accesorios Rentman: 0,,,
"Power AC Lector RED Mag 1.8""",R-688,POW,,,,Good,2,owned,,,1000496,"Power AC Lector RED Mag 1.8""",Origen: Rentman legacy inventory 2021-10-15; Código Rentman original: 688; Carpeta Rentman: Power/Alimentadores AC/Asignados; Tipo carpeta Rentman: Equipos; Tipo item Rentman: Articulo; Tiene accesorios Rentman: 0,,,
Cable AC Flanders Monitor,R-690,POW,,,,Good,3,owned,,,1000498,Cable AC Flanders Monitor,Origen: Rentman legacy inventory 2021-10-15; Código Rentman original: 690; Carpeta Rentman: Power/Alimentadores AC/Asignados; Tipo carpeta Rentman: Equipos; Tipo item Rentman: Articulo; Tiene accesorios Rentman: 0,,,
Cargador Apple Ipad Lightning,R-691,POW,,,,Good,7,owned,,,1000499,Cargador Apple Ipad Lightning,Origen: Rentman legacy inventory 2021-10-15; Código Rentman original: 691; Carpeta Rentman: Power/Alimentadores AC/Asignados; Tipo carpeta Rentman: Equipos; Tipo item Rentman: Articulo; Tiene accesorios Rentman: 0,,,
Cargador AC Carro,R-692,POW,,,,Good,2,owned,,,1000500,Cargador AC Carro,Origen: Rentman legacy inventory 2021-10-15; Código Rentman original: 692; Carpeta Rentman: Power/Cargadores; Tipo carpeta Rentman: Equipos; Tipo item Rentman: Articulo; Tiene accesorios Rentman: 0,,,
Hub Atolla,R-694,DAC,,,,Good,1,owned,,08 D,1000502,Hub Atolla,Origen: Rentman legacy inventory 2021-10-15; Código Rentman original: 694; Carpeta Rentman: Accesorios/Accesorios Data; Tipo carpeta Rentman: Equipos; Tipo item Rentman: Articulo; Tiene accesorios Rentman: 0,,,
Accesorios de Plate Monitor,R-695,MON,,,,Good,8,owned,,,1000503,Accesorios de Plate Monitor,Origen: Rentman legacy inventory 2021-10-15; Código Rentman original: 695; Carpeta Rentman: Monitores/Accesorios Monitores; Tipo carpeta Rentman: Equipos; Tipo item Rentman: Articulo; Tiene accesorios Rentman: 0,,,
Pins,R-696,ACC,,,,Good,4,owned,,,1000504,Pins,Origen: Rentman legacy inventory 2021-10-15; Código Rentman original: 696; Carpeta Rentman: Gastables; Tipo carpeta Rentman: Equipos; Tipo item Rentman: Articulo; Tiene accesorios Rentman: 0,,,
Mount Nebtek,R-697,MON,,,,Good,1,owned,,,1000505,Mount Nebtek,Origen: Rentman legacy inventory 2021-10-15; Código Rentman original: 697; Carpeta Rentman: Monitores/Accesorios Monitores; Tipo carpeta Rentman: Equipos; Tipo item Rentman: Articulo; Tiene accesorios Rentman: 0,,,
Cable Video BNC 6fts,R-698,SIG,,,,Good,3,owned,,08 D,1000506,Cable Video BNC 6fts,Origen: Rentman legacy inventory 2021-10-15; Código Rentman original: 698; Carpeta Rentman: Cables/Cables Video; Tipo carpeta Rentman: Equipos; Tipo item Rentman: Articulo; Tiene accesorios Rentman: 0,,,
Enclosure OWC 4Bay Thunderbolt 2,R-701,ACC,,,2770004060,Good,1,owned,,STORAGE 01,1000509,Enclosure OWC 4Bay Thunderbolt 2,Origen: Rentman legacy inventory 2021-10-15; Código Rentman original: 701; Carpeta Rentman: Archiving/Enclosure; Tipo carpeta Rentman: Equipos; Tipo item Rentman: Articulo; Tiene accesorios Rentman: 1,,,
"Computadora Apple Macbook Pro 2015 15"" (C)",R-702,HD,,,C02S63TMG8WP,Good,1,owned,,,1000510,"Computadora Apple Macbook Pro 2015 15"" (C)",Origen: Rentman legacy inventory 2021-10-15; Código Rentman original: 702; Carpeta Rentman: Hardware/Computadoras; Tipo carpeta Rentman: Equipos; Tipo item Rentman: Articulo; Tiene accesorios Rentman: 1; Nota Rentman: Processor : 2.5 GHz Intel Core i7 Memory : 16 GB 1600 MHz DDR3 Graphics : AMD Radeon R9 M370X 2GB Intel Iris Pro 1536 MB macOS Mojave,,,
Tableta Apple iPad 8th Generation Wi-Fi,R-703,HD,,,GG7DX7YQQ1GC,Good,6,owned,,,1000512,Tableta Apple iPad 8th Generation Wi-Fi,Origen: Rentman legacy inventory 2021-10-15; Código Rentman original: 703; Carpeta Rentman: Hardware/Tabletas; Tipo carpeta Rentman: Equipos; Tipo item Rentman: Articulo; Tiene accesorios Rentman: 1; Nota Rentman: +Cargador +Protector Case + Straps 32GB Model A2270,,,
Tableta Apple iPad 8th Generation Wi-Fi,R-703-2,HD,,,GG7DRJ62Q1GF,Good,6,owned,,,1000512,Tableta Apple iPad 8th Generation Wi-Fi,Origen: Rentman legacy inventory 2021-10-15; Código Rentman original: 703; Carpeta Rentman: Hardware/Tabletas; Tipo carpeta Rentman: Equipos; Tipo item Rentman: Articulo; Tiene accesorios Rentman: 1; Nota Rentman: +Cargador +Protector Case + Straps 32GB Model A2270,,,
Tableta Apple iPad 8th Generation Wi-Fi,R-703-3,HD,,,GG7DRL2JQ1GF,Good,6,owned,,,1000512,Tableta Apple iPad 8th Generation Wi-Fi,Origen: Rentman legacy inventory 2021-10-15; Código Rentman original: 703; Carpeta Rentman: Hardware/Tabletas; Tipo carpeta Rentman: Equipos; Tipo item Rentman: Articulo; Tiene accesorios Rentman: 1; Nota Rentman: +Cargador +Protector Case + Straps 32GB Model A2270,,,
Tableta Apple iPad 8th Generation Wi-Fi,R-703-4,HD,,,GG7DRBPWQ1GF,Good,6,owned,,,1000512,Tableta Apple iPad 8th Generation Wi-Fi,Origen: Rentman legacy inventory 2021-10-15; Código Rentman original: 703; Carpeta Rentman: Hardware/Tabletas; Tipo carpeta Rentman: Equipos; Tipo item Rentman: Articulo; Tiene accesorios Rentman: 1; Nota Rentman: +Cargador +Protector Case + Straps 32GB Model A2270,,,
Tableta Apple iPad 8th Generation Wi-Fi,R-703-5,HD,,,GG7DR8CEQ1GF,Good,6,owned,,,1000512,Tableta Apple iPad 8th Generation Wi-Fi,Origen: Rentman legacy inventory 2021-10-15; Código Rentman original: 703; Carpeta Rentman: Hardware/Tabletas; Tipo carpeta Rentman: Equipos; Tipo item Rentman: Articulo; Tiene accesorios Rentman: 1; Nota Rentman: +Cargador +Protector Case + Straps 32GB Model A2270,,,
Tableta Apple iPad 8th Generation Wi-Fi,R-703-6,HD,,,GG7DR6QQQ1GF,Good,6,owned,,,1000512,Tableta Apple iPad 8th Generation Wi-Fi,Origen: Rentman legacy inventory 2021-10-15; Código Rentman original: 703; Carpeta Rentman: Hardware/Tabletas; Tipo carpeta Rentman: Equipos; Tipo item Rentman: Articulo; Tiene accesorios Rentman: 1; Nota Rentman: +Cargador +Protector Case + Straps 32GB Model A2270,,,
"Computadora Apple Macbook Pro 2014 15"" (B)",R-709,HD,,,,Good,1,owned,,,1000524,"Computadora Apple Macbook Pro 2014 15"" (B)",Origen: Rentman legacy inventory 2021-10-15; Código Rentman original: 709; Carpeta Rentman: Hardware/Computadoras; Tipo carpeta Rentman: Equipos; Tipo item Rentman: Articulo; Tiene accesorios Rentman: 1; Nota Rentman: Processor : 2.5 GHz Intel Core i7 Memory : 16GB 1600 MHz DDR3 Graphics : NVIDIA GeForce GT 750M 2048 MB Intel Iris Pro 1536 MB macOS High Sierra,,,
Mesa Plegable Keter,R-710,ACC,,,,Good,4,owned,,,1000525,Mesa Plegable Keter,Origen: Rentman legacy inventory 2021-10-15; Código Rentman original: 710; Carpeta Rentman: Accesorios; Tipo carpeta Rentman: Equipos; Tipo item Rentman: Articulo; Tiene accesorios Rentman: 0,,,
"Computadora Apple Macbook Pro 2013 15"" (A)",R-711,HD,,,C02MM2T4FD59,Good,1,owned,,,1000526,"Computadora Apple Macbook Pro 2013 15"" (A)",Origen: Rentman legacy inventory 2021-10-15; Código Rentman original: 711; Carpeta Rentman: Hardware/Computadoras; Tipo carpeta Rentman: Equipos; Tipo item Rentman: Articulo; Tiene accesorios Rentman: 1; Nota Rentman: Processor : 2.6 GHz Quad-Core Intel Core I7 Memory : 16GB 1600 MHz DDR3 Graphics : NVIDIA GeForce GT 750M 2GB macOS BigSur,,,
"Computadora Apple iMac (C) 27"" 2017",R-713,HD,,,C02W40KCJ1GQ,Good,1,owned,,,1000529,"Computadora Apple iMac (C) 27"" 2017",Origen: Rentman legacy inventory 2021-10-15; Código Rentman original: 713; Carpeta Rentman: Hardware/Computadoras; Tipo carpeta Rentman: Equipos; Tipo item Rentman: Articulo; Tiene accesorios Rentman: 1; Nota Rentman: Processor : 4.2 GHz Quad-Core Intel Core i7 Memory : 32 GB 2400 MHz DDR4 Graphics : Radeon Pro 580 8GB macOS Catalina,,,
"Computadora Apple iMac (B) 27"" 2015",R-715,HD,,,C02QG63GGG7J,Good,1,owned,,,1000533,"Computadora Apple iMac (B) 27"" 2015",Origen: Rentman legacy inventory 2021-10-15; Código Rentman original: 715; Carpeta Rentman: Hardware/Computadoras; Tipo carpeta Rentman: Equipos; Tipo item Rentman: Articulo; Tiene accesorios Rentman: 1; Nota Rentman: Processor : 3.2 GHz Intel Core i5 Memory : 32 GB 1867 MHz DDR3 Graphics : AMD Radeon R9 M3380 2GB macOS Mojave,,,
Enclosure LACIE 2Bay Thunderbolt 2,R-716,ACC,,,NL601BQC,Good,1,owned,,STORAGE 01,1000537,Enclosure LACIE 2Bay Thunderbolt 2,Origen: Rentman legacy inventory 2021-10-15; Código Rentman original: 716; Carpeta Rentman: Archiving/Enclosure; Tipo carpeta Rentman: Equipos; Tipo item Rentman: Articulo; Tiene accesorios Rentman: 0,,,
Disco Duro LACIE Rugged 1TB Thunderbolt 3,R-717,HD,,,,Good,1,owned,,,1000539,Disco Duro LACIE Rugged 1TB Thunderbolt 3,Origen: Rentman legacy inventory 2021-10-15; Código Rentman original: 717; Carpeta Rentman: Archiving/Hardrives; Tipo carpeta Rentman: Equipos; Tipo item Rentman: Articulo; Tiene accesorios Rentman: 0,,,
Case Mini VKO Exposed Media,R-718,CAS,,,,Good,3,owned,,,1000540,Case Mini VKO Exposed Media,Origen: Rentman legacy inventory 2021-10-15; Código Rentman original: 718; Carpeta Rentman: Maletas/Cases/Bultos/Cases; Tipo carpeta Rentman: Equipos; Tipo item Rentman: Articulo; Tiene accesorios Rentman: 0,,,
Case Pelican 1510 (Black),R-719,CAS,,,,Good,2,owned,,,1000541,Case Pelican 1510 (Black),Origen: Rentman legacy inventory 2021-10-15; Código Rentman original: 719; Carpeta Rentman: Maletas/Cases/Bultos/Cases; Tipo carpeta Rentman: Equipos; Tipo item Rentman: Articulo; Tiene accesorios Rentman: 0,,,
"Tripode C-Stand Kupo Master 20"" Riser w/ Sliding Leg (Black, 6.5')",R-721,RIG,,,,Good,6,owned,,,1000544,"Tripode C-Stand Kupo Master 20"" Riser w/ Sliding Leg (Black, 6.5')",Origen: Rentman legacy inventory 2021-10-15; Código Rentman original: 721; Carpeta Rentman: Gripería/Tripodes; Tipo carpeta Rentman: Equipos; Tipo item Rentman: Articulo; Tiene accesorios Rentman: 0,,,
Mouse Deathadder,R-722,HD,,,,Good,1,owned,,,1000545,Mouse Deathadder,Origen: Rentman legacy inventory 2021-10-15; Código Rentman original: 722; Carpeta Rentman: Hardware/Mouses; Tipo carpeta Rentman: Equipos; Tipo item Rentman: Articulo; Tiene accesorios Rentman: 0,,,
Tape Drive LTO 8 HP Ultrium 30750,R-723,ACC,,,HUJ116DUTP,Good,1,owned,,,1000546,Tape Drive LTO 8 HP Ultrium 30750,Origen: Rentman legacy inventory 2021-10-15; Código Rentman original: 723; Carpeta Rentman: Archiving/LTO; Tipo carpeta Rentman: Equipos; Tipo item Rentman: Articulo; Tiene accesorios Rentman: 1,,,
Case Pelican 1300 (Grey),R-726,CAS,,,,Good,2,owned,,,1000550,Case Pelican 1300 (Grey),Origen: Rentman legacy inventory 2021-10-15; Código Rentman original: 726; Carpeta Rentman: Maletas/Cases/Bultos/Cases; Tipo carpeta Rentman: Equipos; Tipo item Rentman: Articulo; Tiene accesorios Rentman: 0,,,
Computadora Apple MacPro 2013,R-728,HD,,,F5KQ90BGF694,Good,4,owned,,,1000555,Computadora Apple MacPro 2013,Origen: Rentman legacy inventory 2021-10-15; Código Rentman original: 728; Carpeta Rentman: Hardware/Computadoras; Tipo carpeta Rentman: Equipos; Tipo item Rentman: Articulo; Tiene accesorios Rentman: 1; Nota Rentman: Processor : 2.7 GHz 12-Core Intel Xeon E5 Memory : 64GB 1866 MHz DDR3 Graphics : AMD FirePro D700 6GB macOS Mojave,,,
Computadora Apple MacPro 2013,R-728-2,HD,,,F5KMG0ATF694,Good,4,owned,,,1000555,Computadora Apple MacPro 2013,Origen: Rentman legacy inventory 2021-10-15; Código Rentman original: 728; Carpeta Rentman: Hardware/Computadoras; Tipo carpeta Rentman: Equipos; Tipo item Rentman: Articulo; Tiene accesorios Rentman: 1; Nota Rentman: Processor : 2.7 GHz 12-Core Intel Xeon E5 Memory : 64GB 1866 MHz DDR3 Graphics : AMD FirePro D700 6GB macOS Mojave,,,
Computadora Apple MacPro 2013,R-728-3,HD,,,F5KN90KKF9VN,Good,4,owned,,,1000555,Computadora Apple MacPro 2013,Origen: Rentman legacy inventory 2021-10-15; Código Rentman original: 728; Carpeta Rentman: Hardware/Computadoras; Tipo carpeta Rentman: Equipos; Tipo item Rentman: Articulo; Tiene accesorios Rentman: 1; Nota Rentman: Processor : 2.7 GHz 12-Core Intel Xeon E5 Memory : 64GB 1866 MHz DDR3 Graphics : AMD FirePro D700 6GB macOS Mojave,,,
Computadora Apple MacPro 2013,R-728-4,HD,,,F5KQ40GGF694,Good,4,owned,,,1000555,Computadora Apple MacPro 2013,Origen: Rentman legacy inventory 2021-10-15; Código Rentman original: 728; Carpeta Rentman: Hardware/Computadoras; Tipo carpeta Rentman: Equipos; Tipo item Rentman: Articulo; Tiene accesorios Rentman: 1; Nota Rentman: Processor : 2.7 GHz 12-Core Intel Xeon E5 Memory : 64GB 1866 MHz DDR3 Graphics : AMD FirePro D700 6GB macOS Mojave,,,
Cable Network E-Sata,R-734,NEC,,,,Good,1,owned,,07 E,1000563,Cable Network E-Sata,Origen: Rentman legacy inventory 2021-10-15; Código Rentman original: 734; Carpeta Rentman: Cables/Cables Network; Tipo carpeta Rentman: Equipos; Tipo item Rentman: Articulo; Tiene accesorios Rentman: 0,,,
Power AC Sonnet Qi0 AC,R-736,POW,,,,Good,1,owned,,,1000565,Power AC Sonnet Qi0 AC,Origen: Rentman legacy inventory 2021-10-15; Código Rentman original: 736; Carpeta Rentman: Power/Alimentadores AC/Asignados; Tipo carpeta Rentman: Equipos; Tipo item Rentman: Articulo; Tiene accesorios Rentman: 0,,,
Pro FX 120 Audio Channel Mixer,R-737,SOUND,,,,Good,1,owned,,,1000566,Pro FX 120 Audio Channel Mixer,Origen: Rentman legacy inventory 2021-10-15; Código Rentman original: 737; Carpeta Rentman: Consola/Audio; Tipo carpeta Rentman: Equipos; Tipo item Rentman: Articulo; Tiene accesorios Rentman: 1,,,
Calibrador Display Nec,R-738,ACC,,,,Good,1,owned,,,1000567,Calibrador Display Nec,Origen: Rentman legacy inventory 2021-10-15; Código Rentman original: 738; Carpeta Rentman: Accesorios/Accesorios Color; Tipo carpeta Rentman: Equipos; Tipo item Rentman: Articulo; Tiene accesorios Rentman: 0,,,
Mouse Wireless Apple,R-739,HD,,,,Good,2,owned,,,1000568,Mouse Wireless Apple,Origen: Rentman legacy inventory 2021-10-15; Código Rentman original: 739; Carpeta Rentman: Hardware/Mouses; Tipo carpeta Rentman: Equipos; Tipo item Rentman: Articulo; Tiene accesorios Rentman: 0; Nota Rentman: A1657,,,
Plate Nebtek,R-740,ACC,,,,Good,1,owned,,,1000569,Plate Nebtek,Origen: Rentman legacy inventory 2021-10-15; Código Rentman original: 740; Carpeta Rentman: Accesorios/Plates; Tipo carpeta Rentman: Equipos; Tipo item Rentman: Articulo; Tiene accesorios Rentman: 0,,,
Plate Dolgin,R-741,ACC,,,,Good,1,owned,,,1000570,Plate Dolgin,Origen: Rentman legacy inventory 2021-10-15; Código Rentman original: 741; Carpeta Rentman: Accesorios/Plates; Tipo carpeta Rentman: Equipos; Tipo item Rentman: Articulo; Tiene accesorios Rentman: 0,,,
"Adaptador Disco Duro 2.5-3"" Orico",R-742,ACC,,,,Good,2,owned,,,1000571,"Adaptador Disco Duro 2.5-3"" Orico",Origen: Rentman legacy inventory 2021-10-15; Código Rentman original: 742; Carpeta Rentman: Accesorios; Tipo carpeta Rentman: Equipos; Tipo item Rentman: Articulo; Tiene accesorios Rentman: 0,,,
Foco,R-743,ACC,,,,Good,2,owned,,,1000572,Foco,Origen: Rentman legacy inventory 2021-10-15; Código Rentman original: 743; Carpeta Rentman: Accesorios; Tipo carpeta Rentman: Equipos; Tipo item Rentman: Articulo; Tiene accesorios Rentman: 0,,,
Puerto Load Balance Broadband TP-Link,R-748,NEC,,,,Good,2,owned,,,1000577,Puerto Load Balance Broadband TP-Link,Origen: Rentman legacy inventory 2021-10-15; Código Rentman original: 748; Carpeta Rentman: Accesorios/Accesorios Network; Tipo carpeta Rentman: Equipos; Tipo item Rentman: Articulo; Tiene accesorios Rentman: 0,,,
Marco Monitor Pequeño,R-749,MON,,,,Good,1,owned,,,1000578,Marco Monitor Pequeño,Origen: Rentman legacy inventory 2021-10-15; Código Rentman original: 749; Carpeta Rentman: Monitores/Accesorios Monitores; Tipo carpeta Rentman: Equipos; Tipo item Rentman: Articulo; Tiene accesorios Rentman: 0,,,
Tape Drive LTO 7 HP Ultrium 15000,R-750,ACC,,,HUJ925C0U2,Good,1,owned,,,1000579,Tape Drive LTO 7 HP Ultrium 15000,Origen: Rentman legacy inventory 2021-10-15; Código Rentman original: 750; Carpeta Rentman: Archiving/LTO; Tipo carpeta Rentman: Equipos; Tipo item Rentman: Articulo; Tiene accesorios Rentman: 1,,,
Color Panel Tangent Element Bt,R-754,SIG,,,39043752,Good,1,owned,,COLOR LAB,1000583,Color Panel Tangent Element Bt,Origen: Rentman legacy inventory 2021-10-15; Código Rentman original: 754; Carpeta Rentman: Consola/Video; Tipo carpeta Rentman: Equipos; Tipo item Rentman: Articulo; Tiene accesorios Rentman: 1; Nota Rentman: part of a bundle,,,
Color Panel Tangent Element Mf,R-755,SIG,,,40023470,Good,1,owned,,COLOR LAB,1000585,Color Panel Tangent Element Mf,Origen: Rentman legacy inventory 2021-10-15; Código Rentman original: 755; Carpeta Rentman: Consola/Video; Tipo carpeta Rentman: Equipos; Tipo item Rentman: Articulo; Tiene accesorios Rentman: 1; Nota Rentman: part of a bundle,,,
Color Panel Tangent Element Tk,R-756,SIG,,,40014362,Good,1,owned,,COLOR LAB,1000587,Color Panel Tangent Element Tk,Origen: Rentman legacy inventory 2021-10-15; Código Rentman original: 756; Carpeta Rentman: Consola/Video; Tipo carpeta Rentman: Equipos; Tipo item Rentman: Articulo; Tiene accesorios Rentman: 1; Nota Rentman: part of a bundle,,,
Color Panel Tangent Element Kb,R-757,SIG,,,39033513,Good,1,owned,,COLOR LAB,1000589,Color Panel Tangent Element Kb,Origen: Rentman legacy inventory 2021-10-15; Código Rentman original: 757; Carpeta Rentman: Consola/Video; Tipo carpeta Rentman: Equipos; Tipo item Rentman: Articulo; Tiene accesorios Rentman: 1; Nota Rentman: part of a bundle,,,
Monitor Apple Thunderbolt Display,R-758,MON,,,,Good,2,owned,,,1000592,Monitor Apple Thunderbolt Display,Origen: Rentman legacy inventory 2021-10-15; Código Rentman original: 758; Carpeta Rentman: Monitores; Tipo carpeta Rentman: Equipos; Tipo item Rentman: Articulo; Tiene accesorios Rentman: 0,,,
Teclado Apple Numeric (Negro),R-759,HD,,,F0T1075018KHTCYAF,Good,4,owned,,,1000593,Teclado Apple Numeric (Negro),Origen: Rentman legacy inventory 2021-10-15; Código Rentman original: 759; Carpeta Rentman: Hardware/Teclados; Tipo carpeta Rentman: Equipos; Tipo item Rentman: Articulo; Tiene accesorios Rentman: 0,,,
Teclado Apple Numeric (Negro),R-759-2,HD,,,F0T105501DYHTCYAT,Good,4,owned,,,1000593,Teclado Apple Numeric (Negro),Origen: Rentman legacy inventory 2021-10-15; Código Rentman original: 759; Carpeta Rentman: Hardware/Teclados; Tipo carpeta Rentman: Equipos; Tipo item Rentman: Articulo; Tiene accesorios Rentman: 0,,,
Teclado Apple Numeric (Negro),R-759-3,HD,,,F0T0306000JHTCYAT,Good,4,owned,,,1000593,Teclado Apple Numeric (Negro),Origen: Rentman legacy inventory 2021-10-15; Código Rentman original: 759; Carpeta Rentman: Hardware/Teclados; Tipo carpeta Rentman: Equipos; Tipo item Rentman: Articulo; Tiene accesorios Rentman: 0,,,
Teclado Apple Numeric (Negro),R-759-4,HD,,,F0T107200SRHTCYAT,Good,4,owned,,,1000593,Teclado Apple Numeric (Negro),Origen: Rentman legacy inventory 2021-10-15; Código Rentman original: 759; Carpeta Rentman: Hardware/Teclados; Tipo carpeta Rentman: Equipos; Tipo item Rentman: Articulo; Tiene accesorios Rentman: 0,,,
Mouse AV,R-760,HD,,,,Good,3,owned,,,1000594,Mouse AV,Origen: Rentman legacy inventory 2021-10-15; Código Rentman original: 760; Carpeta Rentman: Hardware/Mouses; Tipo carpeta Rentman: Equipos; Tipo item Rentman: Articulo; Tiene accesorios Rentman: 0,,,
Mouse Polaroid,R-761,HD,,,,Good,1,owned,,,1000595,Mouse Polaroid,Origen: Rentman legacy inventory 2021-10-15; Código Rentman original: 761; Carpeta Rentman: Hardware/Mouses; Tipo carpeta Rentman: Equipos; Tipo item Rentman: Articulo; Tiene accesorios Rentman: 0,,,
Enclosure Sonnet Echo Express III-D Desktop Thunderbolt 2 Expansion,R-762,ACC,,,,Good,1,owned,,STORAGE 01,1000596,Enclosure Sonnet Echo Express III-D Desktop Thunderbolt 2 Expansion,Origen: Rentman legacy inventory 2021-10-15; Código Rentman original: 762; Carpeta Rentman: Archiving/Enclosure; Tipo carpeta Rentman: Equipos; Tipo item Rentman: Articulo; Tiene accesorios Rentman: 1,,,
"Televisor LG OLED 55""",R-764,MON,,,,Good,1,owned,,DAILIES LAB,1000598,"Televisor LG OLED 55""",Origen: Rentman legacy inventory 2021-10-15; Código Rentman original: 764; Carpeta Rentman: Monitores/Televisores; Tipo carpeta Rentman: Equipos; Tipo item Rentman: Articulo; Tiene accesorios Rentman: 1,,,
"Mackie Studio Monitors 3"" B&G (CR3)",R-765,SOUND,,,204442500DBKP0918,Good,1,owned,,,1000599,"Mackie Studio Monitors 3"" B&G (CR3)",Origen: Rentman legacy inventory 2021-10-15; Código Rentman original: 765; Carpeta Rentman: Accesorios/Accesorios Audio; Tipo carpeta Rentman: Equipos; Tipo item Rentman: Articulo; Tiene accesorios Rentman: 0,,,
Server Synology RackStation RS1221+ 8-Bay NAS,R-766,ACC,,,2130RWRFCQ2Y7,Good,1,owned,,DAILIES LAB,1000600,Server Synology RackStation RS1221+ 8-Bay NAS,Origen: Rentman legacy inventory 2021-10-15; Código Rentman original: 766; Carpeta Rentman: Archiving/Server; Tipo carpeta Rentman: Equipos; Tipo item Rentman: Articulo; Tiene accesorios Rentman: 1,,,
Disco Duro Lacie 6TB,R-767,HD,,,,Good,1,owned,,,1000601,Disco Duro Lacie 6TB,Origen: Rentman legacy inventory 2021-10-15; Código Rentman original: 767; Carpeta Rentman: Archiving/Hardrives; Tipo carpeta Rentman: Equipos; Tipo item Rentman: Articulo; Tiene accesorios Rentman: 0,,,
Proyector JVC D-ILA,R-768,ACC,,,,Good,1,owned,,,1000603,Proyector JVC D-ILA,Origen: Rentman legacy inventory 2021-10-15; Código Rentman original: 768; Carpeta Rentman: Accesorios; Tipo carpeta Rentman: Equipos; Tipo item Rentman: Articulo; Tiene accesorios Rentman: 0,,,
Quemadora de Blu-Ray,R-769,ACC,,,,Good,1,owned,,,1000604,Quemadora de Blu-Ray,Origen: Rentman legacy inventory 2021-10-15; Código Rentman original: 769; Carpeta Rentman: Accesorios; Tipo carpeta Rentman: Equipos; Tipo item Rentman: Articulo; Tiene accesorios Rentman: 0,,,
"Televisor Samsung 42""",R-771,MON,,,,Good,1,owned,,COLOR LAB,1000606,"Televisor Samsung 42""",Origen: Rentman legacy inventory 2021-10-15; Código Rentman original: 771; Carpeta Rentman: Monitores/Televisores; Tipo carpeta Rentman: Equipos; Tipo item Rentman: Articulo; Tiene accesorios Rentman: 1,,,
Hub USB 3.0 Anker,R-772,DAC,,,,Good,1,owned,,08 D,1000607,Hub USB 3.0 Anker,Origen: Rentman legacy inventory 2021-10-15; Código Rentman original: 772; Carpeta Rentman: Accesorios/Accesorios Data; Tipo carpeta Rentman: Equipos; Tipo item Rentman: Articulo; Tiene accesorios Rentman: 0,,,
Adaptador Apple Thunderbolt 2 - Thunderbolt 3,R-773,DAC,,,,Good,7,owned,,08 D,1000608,Adaptador Apple Thunderbolt 2 - Thunderbolt 3,Origen: Rentman legacy inventory 2021-10-15; Código Rentman original: 773; Carpeta Rentman: Accesorios/Accesorios Data; Tipo carpeta Rentman: Equipos; Tipo item Rentman: Articulo; Tiene accesorios Rentman: 0,,,
"Computadora Apple iMac (A) 27"" Late 2014",R-774,HD,,,C02PW161FY14,Good,1,owned,,,1000609,"Computadora Apple iMac (A) 27"" Late 2014",Origen: Rentman legacy inventory 2021-10-15; Código Rentman original: 774; Carpeta Rentman: Hardware/Computadoras; Tipo carpeta Rentman: Equipos; Tipo item Rentman: Articulo; Tiene accesorios Rentman: 1; Nota Rentman: Processor : 4 GHz Quad-Core Intel Core i7 Memory : 32 GB 1600 MHz DDR3 Graphics : AMS Radeon R9 M295X 4 GB macOS Big Sur,,,
Sandbags,R-775,RIG,,,,Good,1,owned,,,1000611,Sandbags,Origen: Rentman legacy inventory 2021-10-15; Código Rentman original: 775; Carpeta Rentman: Gripería/Accesorios Gripería; Tipo carpeta Rentman: Equipos; Tipo item Rentman: Articulo; Tiene accesorios Rentman: 0,,,
Mouse Pad Argom Tech,R-776,ACC,,,,Good,4,owned,,,1000626,Mouse Pad Argom Tech,Origen: Rentman legacy inventory 2021-10-15; Código Rentman original: 776; Carpeta Rentman: Accesorios; Tipo carpeta Rentman: Equipos; Tipo item Rentman: Articulo; Tiene accesorios Rentman: 0,,,
Hub Promise TD-300 Dock Station,R-777,DAC,,,WJ0081000118,Good,1,owned,,08 D,1000627,Hub Promise TD-300 Dock Station,Origen: Rentman legacy inventory 2021-10-15; Código Rentman original: 777; Carpeta Rentman: Accesorios/Accesorios Data; Tipo carpeta Rentman: Equipos; Tipo item Rentman: Articulo; Tiene accesorios Rentman: 1; Nota Rentman: +power +adaptador,,,
"Computadora Apple Macbook Pro 2021 16"" (E)",R-778,HD,,,C02FRADXMD6R,Good,1,owned,,,1000630,"Computadora Apple Macbook Pro 2021 16"" (E)",Origen: Rentman legacy inventory 2021-10-15; Código Rentman original: 778; Carpeta Rentman: Hardware/Computadoras; Tipo carpeta Rentman: Equipos; Tipo item Rentman: Articulo; Tiene accesorios Rentman: 1; Nota Rentman: Processor : 2.4 GHz 8-Core Intel Core i9 Memory : 32 GB 2667 MHz DDR 4 Graphics : Intel UHD Graphics 630 1536 MB macOS Big Sur,,,
Enclosure OWC 8 Bay Thunderbolt 3,R-780,ACC,,,2978000019,Good,2,owned,,STORAGE 01,1000633,Enclosure OWC 8 Bay Thunderbolt 3,Origen: Rentman legacy inventory 2021-10-15; Código Rentman original: 780; Carpeta Rentman: Archiving/Enclosure; Tipo carpeta Rentman: Equipos; Tipo item Rentman: Articulo; Tiene accesorios Rentman: 1,,,
Enclosure OWC 8 Bay Thunderbolt 3,R-780-2,ACC,,,2978000906,Good,2,owned,,STORAGE 01,1000633,Enclosure OWC 8 Bay Thunderbolt 3,Origen: Rentman legacy inventory 2021-10-15; Código Rentman original: 780; Carpeta Rentman: Archiving/Enclosure; Tipo carpeta Rentman: Equipos; Tipo item Rentman: Articulo; Tiene accesorios Rentman: 1,,,
Teclado Powzan Numeric KB770,R-781,HD,,,ABA03KB77US00146,Good,3,owned,,,1000634,Teclado Powzan Numeric KB770,Origen: Rentman legacy inventory 2021-10-15; Código Rentman original: 781; Carpeta Rentman: Hardware/Teclados; Tipo carpeta Rentman: Equipos; Tipo item Rentman: Articulo; Tiene accesorios Rentman: 0,,,
Teclado Powzan Numeric KB770,R-781-2,HD,,,ABA03KB77US00141,Good,3,owned,,,1000634,Teclado Powzan Numeric KB770,Origen: Rentman legacy inventory 2021-10-15; Código Rentman original: 781; Carpeta Rentman: Hardware/Teclados; Tipo carpeta Rentman: Equipos; Tipo item Rentman: Articulo; Tiene accesorios Rentman: 0,,,
Teclado Powzan Numeric KB770,R-781-3,HD,,,ABA03KB77US00151,Good,3,owned,,,1000634,Teclado Powzan Numeric KB770,Origen: Rentman legacy inventory 2021-10-15; Código Rentman original: 781; Carpeta Rentman: Hardware/Teclados; Tipo carpeta Rentman: Equipos; Tipo item Rentman: Articulo; Tiene accesorios Rentman: 0,,,
Bulto Gator Soft Case,R-782,CAS,,,,Good,2,owned,,01 D,1000638,Bulto Gator Soft Case,Origen: Rentman legacy inventory 2021-10-15; Código Rentman original: 782; Carpeta Rentman: Maletas/Cases/Bultos/Bultos; Tipo carpeta Rentman: Equipos; Tipo item Rentman: Articulo; Tiene accesorios Rentman: 0,,,
Bulto FSI Flanders Monitor,R-783,CAS,,,,Good,2,owned,,01 B,1000639,Bulto FSI Flanders Monitor,Origen: Rentman legacy inventory 2021-10-15; Código Rentman original: 783; Carpeta Rentman: Maletas/Cases/Bultos/Bultos; Tipo carpeta Rentman: Equipos; Tipo item Rentman: Articulo; Tiene accesorios Rentman: 0,,,
Plate Monitor Impact ME-108P,R-784,ACC,,,,Good,2,owned,,,1000640,Plate Monitor Impact ME-108P,Origen: Rentman legacy inventory 2021-10-15; Código Rentman original: 784; Carpeta Rentman: Accesorios/Plates; Tipo carpeta Rentman: Equipos; Tipo item Rentman: Articulo; Tiene accesorios Rentman: 0,,,
Adaptador Uni USBC - Network,R-785,NEC,,,,Good,1,owned,,7C,1000641,Adaptador Uni USBC - Network,Origen: Rentman legacy inventory 2021-10-15; Código Rentman original: 785; Carpeta Rentman: Accesorios/Accesorios Network; Tipo carpeta Rentman: Equipos; Tipo item Rentman: Articulo; Tiene accesorios Rentman: 0,,,
Lector Smartech SSD- USB 3.0,R-786,READ,,,,Good,3,owned,,7C,1000642,Lector Smartech SSD- USB 3.0,Origen: Rentman legacy inventory 2021-10-15; Código Rentman original: 786; Carpeta Rentman: Lectores; Tipo carpeta Rentman: Equipos; Tipo item Rentman: Articulo; Tiene accesorios Rentman: 0,,,
"Cable Data USB2 - Lightning 9.5""",R-792,DAC,,,,Good,4,owned,,08 E,1000648,"Cable Data USB2 - Lightning 9.5""",Origen: Rentman legacy inventory 2021-10-15; Código Rentman original: 792; Carpeta Rentman: Cables/Cables Data; Tipo carpeta Rentman: Equipos; Tipo item Rentman: Articulo; Tiene accesorios Rentman: 0,,,
Sunhood Atomos,R-795,MON,,,,Good,2,owned,,,1000651,Sunhood Atomos,Origen: Rentman legacy inventory 2021-10-15; Código Rentman original: 795; Carpeta Rentman: Monitores/Accesorios Monitores; Tipo carpeta Rentman: Equipos; Tipo item Rentman: Articulo; Tiene accesorios Rentman: 0,,,
"Battery Plate Gold Mount Sumo 19""",R-796,MON,,,,Good,2,owned,,,1000652,"Battery Plate Gold Mount Sumo 19""",Origen: Rentman legacy inventory 2021-10-15; Código Rentman original: 796; Carpeta Rentman: Monitores/Accesorios Monitores; Tipo carpeta Rentman: Equipos; Tipo item Rentman: Articulo; Tiene accesorios Rentman: 0,,,
"Power AC Sumo 19"" 4 Pins",R-797,POW,,,,Good,4,owned,,,1000653,"Power AC Sumo 19"" 4 Pins",Origen: Rentman legacy inventory 2021-10-15; Código Rentman original: 797; Carpeta Rentman: Power/Alimentadores AC/Asignados; Tipo carpeta Rentman: Equipos; Tipo item Rentman: Articulo; Tiene accesorios Rentman: 0,,,
Convertidor Video Ultrastudio Mini Recorder Blackmagic,R-799,ACC,,,1929990,Good,1,owned,,,1000655,Convertidor Video Ultrastudio Mini Recorder Blackmagic,Origen: Rentman legacy inventory 2021-10-15; Código Rentman original: 799; Carpeta Rentman: Capture & Playback; Tipo carpeta Rentman: Equipos; Tipo item Rentman: Articulo; Tiene accesorios Rentman: 0,,,
Estuche Tela Negro (Small),R-801,CAS,,,,Good,5,owned,,,1000657,Estuche Tela Negro (Small),Origen: Rentman legacy inventory 2021-10-15; Código Rentman original: 801; Carpeta Rentman: Maletas/Cases/Bultos/Estuches; Tipo carpeta Rentman: Equipos; Tipo item Rentman: Articulo; Tiene accesorios Rentman: 0,,,
Regleta Cyber Power,R-806,POW,,,,Good,1,owned,,02 A,1000662,Regleta Cyber Power,Origen: Rentman legacy inventory 2021-10-15; Código Rentman original: 806; Carpeta Rentman: Power/Regletas; Tipo carpeta Rentman: Equipos; Tipo item Rentman: Articulo; Tiene accesorios Rentman: 0,,,
Adaptador Eléctrico 6 en 1,R-807,POW,,,,Good,1,owned,,,1000663,Adaptador Eléctrico 6 en 1,Origen: Rentman legacy inventory 2021-10-15; Código Rentman original: 807; Carpeta Rentman: Accesorios/Accesorios Eléctricos; Tipo carpeta Rentman: Equipos; Tipo item Rentman: Articulo; Tiene accesorios Rentman: 0,,,
Adaptador Eléctrico 3 en 1,R-808,POW,,,,Good,2,owned,,,1000664,Adaptador Eléctrico 3 en 1,Origen: Rentman legacy inventory 2021-10-15; Código Rentman original: 808; Carpeta Rentman: Accesorios/Accesorios Eléctricos; Tipo carpeta Rentman: Equipos; Tipo item Rentman: Articulo; Tiene accesorios Rentman: 0,,,
Clamp Small,R-809,RIG,,,,Good,2,owned,,,1000665,Clamp Small,Origen: Rentman legacy inventory 2021-10-15; Código Rentman original: 809; Carpeta Rentman: Gripería/Accesorios Gripería; Tipo carpeta Rentman: Equipos; Tipo item Rentman: Articulo; Tiene accesorios Rentman: 0,,,
Spring Clamps (Medium),R-810,RIG,,,,Good,3,owned,,,1000666,Spring Clamps (Medium),Origen: Rentman legacy inventory 2021-10-15; Código Rentman original: 810; Carpeta Rentman: Gripería/Accesorios Gripería; Tipo carpeta Rentman: Equipos; Tipo item Rentman: Articulo; Tiene accesorios Rentman: 0,,,
Clamp Spring (Small),R-811,RIG,,,,Good,1,owned,,,1000667,Clamp Spring (Small),Origen: Rentman legacy inventory 2021-10-15; Código Rentman original: 811; Carpeta Rentman: Gripería/Accesorios Gripería; Tipo carpeta Rentman: Equipos; Tipo item Rentman: Articulo; Tiene accesorios Rentman: 0,,,
Batería Watson Pro 14.4V 160Wh (Gold Mount),R-812,BATT,,,,Good,7,owned,,,1000668,Batería Watson Pro 14.4V 160Wh (Gold Mount),Origen: Rentman legacy inventory 2021-10-15; Código Rentman original: 812; Carpeta Rentman: Power/Baterías; Tipo carpeta Rentman: Equipos; Tipo item Rentman: Articulo; Tiene accesorios Rentman: 0,,,
Cargador Batería Watson Pro C-AM-4E Quad (Gold Mount),R-813,POW,,,2020110468,Good,3,owned,,,1000669,Cargador Batería Watson Pro C-AM-4E Quad (Gold Mount),Origen: Rentman legacy inventory 2021-10-15; Código Rentman original: 813; Carpeta Rentman: Power/Cargadores; Tipo carpeta Rentman: Equipos; Tipo item Rentman: Articulo; Tiene accesorios Rentman: 1; Nota Rentman: +Power,,,
Cargador Batería Watson Pro C-AM-4E Quad (Gold Mount),R-813-2,POW,,,2020110490,Good,3,owned,,,1000669,Cargador Batería Watson Pro C-AM-4E Quad (Gold Mount),Origen: Rentman legacy inventory 2021-10-15; Código Rentman original: 813; Carpeta Rentman: Power/Cargadores; Tipo carpeta Rentman: Equipos; Tipo item Rentman: Articulo; Tiene accesorios Rentman: 1; Nota Rentman: +Power,,,
Cargador Batería Watson Pro C-AM-4E Quad (Gold Mount),R-813-3,POW,,,2020110488,Good,3,owned,,,1000669,Cargador Batería Watson Pro C-AM-4E Quad (Gold Mount),Origen: Rentman legacy inventory 2021-10-15; Código Rentman original: 813; Carpeta Rentman: Power/Cargadores; Tipo carpeta Rentman: Equipos; Tipo item Rentman: Articulo; Tiene accesorios Rentman: 1; Nota Rentman: +Power,,,
Bulto Though Built Small,R-814,CAS,,,,Good,2,owned,,08 F,1000673,Bulto Though Built Small,Origen: Rentman legacy inventory 2021-10-15; Código Rentman original: 814; Carpeta Rentman: Maletas/Cases/Bultos/Bultos; Tipo carpeta Rentman: Equipos; Tipo item Rentman: Articulo; Tiene accesorios Rentman: 0,,,
UPS APC PRO 1500 S,R-815,POW,,,3B1812X23641,Good,1,owned,,,1000676,UPS APC PRO 1500 S,Origen: Rentman legacy inventory 2021-10-15; Código Rentman original: 815; Carpeta Rentman: Power/UPS; Tipo carpeta Rentman: Equipos; Tipo item Rentman: Articulo; Tiene accesorios Rentman: 0,,,
Rods 12”,R-816,MON,,,,Good,1,owned,,,1000678,Rods 12”,Origen: Rentman legacy inventory 2021-10-15; Código Rentman original: 816; Carpeta Rentman: Monitores/Accesorios Monitores; Tipo carpeta Rentman: Equipos; Tipo item Rentman: Articulo; Tiene accesorios Rentman: 0,,,
Teclado Apple Numeric (Blanco),R-817,HD,,,,Good,1,owned,,,1000679,Teclado Apple Numeric (Blanco),Origen: Rentman legacy inventory 2021-10-15; Código Rentman original: 817; Carpeta Rentman: Hardware/Teclados; Tipo carpeta Rentman: Equipos; Tipo item Rentman: Articulo; Tiene accesorios Rentman: 0,,,
Estuche Teclado Baval,R-818,CAS,,,,Good,1,owned,,,1000680,Estuche Teclado Baval,Origen: Rentman legacy inventory 2021-10-15; Código Rentman original: 818; Carpeta Rentman: Maletas/Cases/Bultos/Estuches; Tipo carpeta Rentman: Equipos; Tipo item Rentman: Articulo; Tiene accesorios Rentman: 0,,,
Bulto Ikan Small,R-819,CAS,,,,Good,1,owned,,07 F,1000681,Bulto Ikan Small,Origen: Rentman legacy inventory 2021-10-15; Código Rentman original: 819; Carpeta Rentman: Maletas/Cases/Bultos/Bultos; Tipo carpeta Rentman: Equipos; Tipo item Rentman: Articulo; Tiene accesorios Rentman: 0,,,
Bulto Cinebag Life On Location,R-820,CAS,,,,Good,1,owned,,06 E,1000682,Bulto Cinebag Life On Location,Origen: Rentman legacy inventory 2021-10-15; Código Rentman original: 820; Carpeta Rentman: Maletas/Cases/Bultos/Bultos; Tipo carpeta Rentman: Equipos; Tipo item Rentman: Articulo; Tiene accesorios Rentman: 0,,,
Sunhood Ilocker,R-821,MON,,,,Good,1,owned,,,1000683,Sunhood Ilocker,Origen: Rentman legacy inventory 2021-10-15; Código Rentman original: 821; Carpeta Rentman: Monitores/Accesorios Monitores; Tipo carpeta Rentman: Equipos; Tipo item Rentman: Articulo; Tiene accesorios Rentman: 0,,,
Sunhood Wooden Camera,R-822,MON,,,,Good,3,owned,,,1000684,Sunhood Wooden Camera,Origen: Rentman legacy inventory 2021-10-15; Código Rentman original: 822; Carpeta Rentman: Monitores/Accesorios Monitores; Tipo carpeta Rentman: Equipos; Tipo item Rentman: Articulo; Tiene accesorios Rentman: 0,,,
"Monitor Convergent Odyssey 7Q 7""",R-823,MON,,,20-01049,Good,2,owned,,,1000685,"Monitor Convergent Odyssey 7Q 7""",Origen: Rentman legacy inventory 2021-10-15; Código Rentman original: 823; Carpeta Rentman: Monitores; Tipo carpeta Rentman: Equipos; Tipo item Rentman: Articulo; Tiene accesorios Rentman: 0,,,
"Monitor Convergent Odyssey 7Q 7""",R-823-2,MON,,,20-01776,Good,2,owned,,,1000685,"Monitor Convergent Odyssey 7Q 7""",Origen: Rentman legacy inventory 2021-10-15; Código Rentman original: 823; Carpeta Rentman: Monitores; Tipo carpeta Rentman: Equipos; Tipo item Rentman: Articulo; Tiene accesorios Rentman: 0,,,
Director’s Cage Wooden Camera,R-824,MON,,,,Good,2,owned,,,1000686,Director’s Cage Wooden Camera,Origen: Rentman legacy inventory 2021-10-15; Código Rentman original: 824; Carpeta Rentman: Monitores/Accesorios Monitores; Tipo carpeta Rentman: Equipos; Tipo item Rentman: Articulo; Tiene accesorios Rentman: 0; Nota Rentman: +Straps,,,
Monitor PC ViewSonic,R-825,MON,,,UML203931848,Good,1,owned,,,1000687,Monitor PC ViewSonic,Origen: Rentman legacy inventory 2021-10-15; Código Rentman original: 825; Carpeta Rentman: Monitores; Tipo carpeta Rentman: Equipos; Tipo item Rentman: Articulo; Tiene accesorios Rentman: 0,,,
Case Pelican 1560 (Black),R-826,CAS,,,,Good,1,owned,,,1000689,Case Pelican 1560 (Black),Origen: Rentman legacy inventory 2021-10-15; Código Rentman original: 826; Carpeta Rentman: Maletas/Cases/Bultos/Cases; Tipo carpeta Rentman: Equipos; Tipo item Rentman: Articulo; Tiene accesorios Rentman: 0,,,
Router Network Ruckus,R-827,ACC,,,282003003036,Good,2,owned,,,1000690,Router Network Ruckus,Origen: Rentman legacy inventory 2021-10-15; Código Rentman original: 827; Carpeta Rentman: Wireless Systems; Tipo carpeta Rentman: Equipos; Tipo item Rentman: Articulo; Tiene accesorios Rentman: 1; Nota Rentman: +Power,,,
Router Network Ruckus,R-827-2,ACC,,,282003002974,Good,2,owned,,,1000690,Router Network Ruckus,Origen: Rentman legacy inventory 2021-10-15; Código Rentman original: 827; Carpeta Rentman: Wireless Systems; Tipo carpeta Rentman: Equipos; Tipo item Rentman: Articulo; Tiene accesorios Rentman: 1; Nota Rentman: +Power,,,
Router Teradek Serv Pro,R-828,ACC,,,65404472,Good,2,owned,,,1000693,Router Teradek Serv Pro,Origen: Rentman legacy inventory 2021-10-15; Código Rentman original: 828; Carpeta Rentman: Wireless Systems; Tipo carpeta Rentman: Equipos; Tipo item Rentman: Articulo; Tiene accesorios Rentman: 1; Nota Rentman: +Power,,,
Router Teradek Serv Pro,R-828-2,ACC,,,65404506,Good,2,owned,,,1000693,Router Teradek Serv Pro,Origen: Rentman legacy inventory 2021-10-15; Código Rentman original: 828; Carpeta Rentman: Wireless Systems; Tipo carpeta Rentman: Equipos; Tipo item Rentman: Articulo; Tiene accesorios Rentman: 1; Nota Rentman: +Power,,,
Router TP-Link AC1750 Wi-Fi Extender,R-829,ACC,,,2205OU3002336,Good,1,owned,,,1000696,Router TP-Link AC1750 Wi-Fi Extender,Origen: Rentman legacy inventory 2021-10-15; Código Rentman original: 829; Carpeta Rentman: Wireless Systems; Tipo carpeta Rentman: Equipos; Tipo item Rentman: Articulo; Tiene accesorios Rentman: 1; Nota Rentman: +Power,,,
Router Maxell Rabbit Wireless,R-831,ACC,,,200900107901633,Good,1,owned,,,1000700,Router Maxell Rabbit Wireless,Origen: Rentman legacy inventory 2021-10-15; Código Rentman original: 831; Carpeta Rentman: Wireless Systems; Tipo carpeta Rentman: Equipos; Tipo item Rentman: Articulo; Tiene accesorios Rentman: 1; Nota Rentman: +Power,,,
Router Repeater Teradek Link,R-832,ACC,,,05002448,Good,4,owned,,,1000702,Router Repeater Teradek Link,Origen: Rentman legacy inventory 2021-10-15; Código Rentman original: 832; Carpeta Rentman: Wireless Systems; Tipo carpeta Rentman: Equipos; Tipo item Rentman: Articulo; Tiene accesorios Rentman: 1; Nota Rentman: +Power,,,
Router Repeater Teradek Link,R-832-2,ACC,,,05002243,Good,4,owned,,,1000702,Router Repeater Teradek Link,Origen: Rentman legacy inventory 2021-10-15; Código Rentman original: 832; Carpeta Rentman: Wireless Systems; Tipo carpeta Rentman: Equipos; Tipo item Rentman: Articulo; Tiene accesorios Rentman: 1; Nota Rentman: +Power,,,
Router Repeater Teradek Link,R-832-3,ACC,,,05002389,Good,4,owned,,,1000702,Router Repeater Teradek Link,Origen: Rentman legacy inventory 2021-10-15; Código Rentman original: 832; Carpeta Rentman: Wireless Systems; Tipo carpeta Rentman: Equipos; Tipo item Rentman: Articulo; Tiene accesorios Rentman: 1; Nota Rentman: +Power,,,
Router Repeater Teradek Link,R-832-4,ACC,,,05002422,Good,4,owned,,,1000702,Router Repeater Teradek Link,Origen: Rentman legacy inventory 2021-10-15; Código Rentman original: 832; Carpeta Rentman: Wireless Systems; Tipo carpeta Rentman: Equipos; Tipo item Rentman: Articulo; Tiene accesorios Rentman: 1; Nota Rentman: +Power,,,
Switch Netgear ProSafe GS108PE Network,R-834,ACC,,,3UJBOC5YA09A8,Good,1,owned,,,1000710,Switch Netgear ProSafe GS108PE Network,Origen: Rentman legacy inventory 2021-10-15; Código Rentman original: 834; Carpeta Rentman: Wireless Systems; Tipo carpeta Rentman: Equipos; Tipo item Rentman: Articulo; Tiene accesorios Rentman: 1; Nota Rentman: +Power,,,
Switch TP-Link 8Port Desktop,R-835,ACC,,,2197086020295,Good,1,owned,,,1000712,Switch TP-Link 8Port Desktop,Origen: Rentman legacy inventory 2021-10-15; Código Rentman original: 835; Carpeta Rentman: Wireless Systems; Tipo carpeta Rentman: Equipos; Tipo item Rentman: Articulo; Tiene accesorios Rentman: 0; Nota Rentman: +Power,,,
Power AC Ruckus Router Network,R-836,POW,,,,Good,3,owned,,,1000714,Power AC Ruckus Router Network,Origen: Rentman legacy inventory 2021-10-15; Código Rentman original: 836; Carpeta Rentman: Power/Alimentadores AC/Asignados; Tipo carpeta Rentman: Equipos; Tipo item Rentman: Articulo; Tiene accesorios Rentman: 0,,,
Power AC Netgear ProSafe GS108PE,R-837,POW,,,,Good,1,owned,,,1000715,Power AC Netgear ProSafe GS108PE,Origen: Rentman legacy inventory 2021-10-15; Código Rentman original: 837; Carpeta Rentman: Power/Alimentadores AC/Asignados; Tipo carpeta Rentman: Equipos; Tipo item Rentman: Articulo; Tiene accesorios Rentman: 0,,,
Transmisor Teradek Bolt 1000 TX,R-840,ACC,,,0196601449,Good,2,owned,,,1000718,Transmisor Teradek Bolt 1000 TX,Origen: Rentman legacy inventory 2021-10-15; Código Rentman original: 840; Carpeta Rentman: Wireless Systems; Tipo carpeta Rentman: Equipos; Tipo item Rentman: Articulo; Tiene accesorios Rentman: 0,,,
Transmisor Teradek Bolt 1000 TX,R-840-2,ACC,,,0196602164,Good,2,owned,,,1000718,Transmisor Teradek Bolt 1000 TX,Origen: Rentman legacy inventory 2021-10-15; Código Rentman original: 840; Carpeta Rentman: Wireless Systems; Tipo carpeta Rentman: Equipos; Tipo item Rentman: Articulo; Tiene accesorios Rentman: 0,,,
Gold Mount Monaural Bateria RX,R-841,ACC,,,,Good,2,owned,,,1000719,Gold Mount Monaural Bateria RX,Origen: Rentman legacy inventory 2021-10-15; Código Rentman original: 841; Carpeta Rentman: Accesorios; Tipo carpeta Rentman: Equipos; Tipo item Rentman: Articulo; Tiene accesorios Rentman: 0,,,
Ventilador AC Infinity Rack,R-843,ACC,,,G2031,Good,1,owned,,,1000721,Ventilador AC Infinity Rack,Origen: Rentman legacy inventory 2021-10-15; Código Rentman original: 843; Carpeta Rentman: Accesorios; Tipo carpeta Rentman: Equipos; Tipo item Rentman: Articulo; Tiene accesorios Rentman: 1; Nota Rentman: +Power + Cable de Medidor de Temperatura,,,
Interface Video BlackMagic Smart Videohub 12x12,R-844,ACC,,,7604893,Good,1,owned,,,1000722,Interface Video BlackMagic Smart Videohub 12x12,Origen: Rentman legacy inventory 2021-10-15; Código Rentman original: 844; Carpeta Rentman: Capture & Playback; Tipo carpeta Rentman: Equipos; Tipo item Rentman: Articulo; Tiene accesorios Rentman: 1; Nota Rentman: +Power,,,
Radio 2Com Wired Talkback Main Station,R-845,SOUND,,,,Good,1,owned,,,1000723,Radio 2Com Wired Talkback Main Station,Origen: Rentman legacy inventory 2021-10-15; Código Rentman original: 845; Carpeta Rentman: Accesorios/Accesorios Audio; Tipo carpeta Rentman: Equipos; Tipo item Rentman: Articulo; Tiene accesorios Rentman: 1,,,
Radio 2Com Wired Talkback Receiver,R-846,SOUND,,,,Good,1,owned,,,1000724,Radio 2Com Wired Talkback Receiver,Origen: Rentman legacy inventory 2021-10-15; Código Rentman original: 846; Carpeta Rentman: Accesorios/Accesorios Audio; Tipo carpeta Rentman: Equipos; Tipo item Rentman: Articulo; Tiene accesorios Rentman: 0,,,
Interface Audio Focusrite Scarlett,R-847,ACC,,,Y82Y4UT048EAB9,Good,1,owned,,,1000725,Interface Audio Focusrite Scarlett,Origen: Rentman legacy inventory 2021-10-15; Código Rentman original: 847; Carpeta Rentman: Capture & Playback; Tipo carpeta Rentman: Equipos; Tipo item Rentman: Articulo; Tiene accesorios Rentman: 0,,,
Interface Video AJA HD/SD SYNC Generator,R-848,ACC,,,10330601M,Good,1,owned,,,1000727,Interface Video AJA HD/SD SYNC Generator,Origen: Rentman legacy inventory 2021-10-15; Código Rentman original: 848; Carpeta Rentman: Capture & Playback; Tipo carpeta Rentman: Equipos; Tipo item Rentman: Articulo; Tiene accesorios Rentman: 0; Nota Rentman: +Power,,,
Interface Video AJA ioXT,R-849,ACC,,,XT008945,Good,2,owned,,,1000729,Interface Video AJA ioXT,Origen: Rentman legacy inventory 2021-10-15; Código Rentman original: 849; Carpeta Rentman: Capture & Playback; Tipo carpeta Rentman: Equipos; Tipo item Rentman: Articulo; Tiene accesorios Rentman: 1; Nota Rentman: +Power,,,
Interface Video AJA ioXT,R-849-2,ACC,,,XT012966,Good,2,owned,,,1000729,Interface Video AJA ioXT,Origen: Rentman legacy inventory 2021-10-15; Código Rentman original: 849; Carpeta Rentman: Capture & Playback; Tipo carpeta Rentman: Equipos; Tipo item Rentman: Articulo; Tiene accesorios Rentman: 1; Nota Rentman: +Power,,,
Interface Video Decimator Dmon-Quad,R-850,ACC,,,,Good,1,owned,,,1000732,Interface Video Decimator Dmon-Quad,Origen: Rentman legacy inventory 2021-10-15; Código Rentman original: 850; Carpeta Rentman: Capture & Playback; Tipo carpeta Rentman: Equipos; Tipo item Rentman: Articulo; Tiene accesorios Rentman: 1; Nota Rentman: +Power,,,
Interface Video In2Core QOD+,R-851,ACC,,,61947000789,Good,1,owned,,,1000733,Interface Video In2Core QOD+,Origen: Rentman legacy inventory 2021-10-15; Código Rentman original: 851; Carpeta Rentman: Capture & Playback; Tipo carpeta Rentman: Equipos; Tipo item Rentman: Articulo; Tiene accesorios Rentman: 1; Nota Rentman: +Power +Bandeja,,,
Disco Duro Samsung 850 EVO 1TB,R-853,HD,,,S3PJNF0JA25912L,Good,1,owned,,,1000737,Disco Duro Samsung 850 EVO 1TB,Origen: Rentman legacy inventory 2021-10-15; Código Rentman original: 853; Carpeta Rentman: Archiving/Hardrives; Tipo carpeta Rentman: Equipos; Tipo item Rentman: Articulo; Tiene accesorios Rentman: 0,,,
Disco Duro Samsung 860 EVO 1TB,R-854,HD,,,S3Z8NB1KB44055F,Good,1,owned,,,1000739,Disco Duro Samsung 860 EVO 1TB,Origen: Rentman legacy inventory 2021-10-15; Código Rentman original: 854; Carpeta Rentman: Archiving/Hardrives; Tipo carpeta Rentman: Equipos; Tipo item Rentman: Articulo; Tiene accesorios Rentman: 0,,,
Disco Duro Samsung 60 PRO 1TB,R-855,HD,,,S5G8NS0R204274B,Good,2,owned,,,1000741,Disco Duro Samsung 60 PRO 1TB,Origen: Rentman legacy inventory 2021-10-15; Código Rentman original: 855; Carpeta Rentman: Archiving/Hardrives; Tipo carpeta Rentman: Equipos; Tipo item Rentman: Articulo; Tiene accesorios Rentman: 0,,,
Disco Duro Samsung 60 PRO 1TB,R-855-2,HD,,,S5G8NS0N700445Y,Good,2,owned,,,1000741,Disco Duro Samsung 60 PRO 1TB,Origen: Rentman legacy inventory 2021-10-15; Código Rentman original: 855; Carpeta Rentman: Archiving/Hardrives; Tipo carpeta Rentman: Equipos; Tipo item Rentman: Articulo; Tiene accesorios Rentman: 0,,,
Disco Duro Convergent Design SSD Media 512 GB,R-856,HD,,,,Good,2,owned,,,1000744,Disco Duro Convergent Design SSD Media 512 GB,Origen: Rentman legacy inventory 2021-10-15; Código Rentman original: 856; Carpeta Rentman: Archiving/Hardrives; Tipo carpeta Rentman: Equipos; Tipo item Rentman: Articulo; Tiene accesorios Rentman: 0,,,
Cable Network Cat 7 25ft,R-857,NEC,,,,Good,5,owned,,07 E,1000745,Cable Network Cat 7 25ft,Origen: Rentman legacy inventory 2021-10-15; Código Rentman original: 857; Carpeta Rentman: Cables/Cables Network; Tipo carpeta Rentman: Equipos; Tipo item Rentman: Articulo; Tiene accesorios Rentman: 0,,,
Cable Network Cat 7 Tela 50ft,R-858,NEC,,,,Good,1,owned,,04 A,1000746,Cable Network Cat 7 Tela 50ft,Origen: Rentman legacy inventory 2021-10-15; Código Rentman original: 858; Carpeta Rentman: Cables/Cables Network; Tipo carpeta Rentman: Equipos; Tipo item Rentman: Articulo; Tiene accesorios Rentman: 0,,,
Cable Network Cat 5E 3ft,R-859,NEC,,,,Good,2,owned,,07 E,1000747,Cable Network Cat 5E 3ft,Origen: Rentman legacy inventory 2021-10-15; Código Rentman original: 859; Carpeta Rentman: Cables/Cables Network; Tipo carpeta Rentman: Equipos; Tipo item Rentman: Articulo; Tiene accesorios Rentman: 0,,,
Cable Data Thunderbolt 2 - USB3,R-861,DAC,,,,Good,2,owned,,08 E,1000749,Cable Data Thunderbolt 2 - USB3,Origen: Rentman legacy inventory 2021-10-15; Código Rentman original: 861; Carpeta Rentman: Cables/Cables Data; Tipo carpeta Rentman: Equipos; Tipo item Rentman: Articulo; Tiene accesorios Rentman: 0,,,
Audífonos Genéricos B&R,R-862,SOUND,,,,Good,1,owned,,,1000750,Audífonos Genéricos B&R,Origen: Rentman legacy inventory 2021-10-15; Código Rentman original: 862; Carpeta Rentman: Accesorios/Accesorios Audio; Tipo carpeta Rentman: Equipos; Tipo item Rentman: Articulo; Tiene accesorios Rentman: 0,,,
Panel Pro X 16 Entradas,R-863,ACC,,,,Good,1,owned,,,1000751,Panel Pro X 16 Entradas,Origen: Rentman legacy inventory 2021-10-15; Código Rentman original: 863; Carpeta Rentman: Accesorios; Tipo carpeta Rentman: Equipos; Tipo item Rentman: Articulo; Tiene accesorios Rentman: 0; Nota Rentman: (x7) Entradas BNC (x3) Entradas HDMI (x1) Entrada USB A 3.0 (x1) Entrada USB A 2.0 (x1) Network (x1) Tapita (x1) Entrada XLR Macho (x1) Entrada XLR Mujer,,,
Panel Cepillo,R-864,ACC,,,,Good,1,owned,,,1000752,Panel Cepillo,Origen: Rentman legacy inventory 2021-10-15; Código Rentman original: 864; Carpeta Rentman: Accesorios; Tipo carpeta Rentman: Equipos; Tipo item Rentman: Articulo; Tiene accesorios Rentman: 0,,,
Panel 16 Entradas,R-865,ACC,,,,Good,1,owned,,,1000753,Panel 16 Entradas,Origen: Rentman legacy inventory 2021-10-15; Código Rentman original: 865; Carpeta Rentman: Accesorios; Tipo carpeta Rentman: Equipos; Tipo item Rentman: Articulo; Tiene accesorios Rentman: 0; Nota Rentman: (x1) Entrada HDMI (x12) Entrada BNC (x3) Tapitas,,,
Antenna Replacement (L),R-866,ACC,,,,Good,4,owned,,,1000756,Antenna Replacement (L),Origen: Rentman legacy inventory 2021-10-15; Código Rentman original: 866; Carpeta Rentman: Wireless Systems/Accesorios Wireless Systems; Tipo carpeta Rentman: Equipos; Tipo item Rentman: Articulo; Tiene accesorios Rentman: 0,,,
Antenna Replacement (Flat Roja),R-867,ACC,,,,Good,1,owned,,,1000757,Antenna Replacement (Flat Roja),Origen: Rentman legacy inventory 2021-10-15; Código Rentman original: 867; Carpeta Rentman: Wireless Systems/Accesorios Wireless Systems; Tipo carpeta Rentman: Equipos; Tipo item Rentman: Articulo; Tiene accesorios Rentman: 0,,,
Power AC Teradek D-Tap -2 Pin Lemo,R-868,POW,,,,Good,4,owned,,,1000758,Power AC Teradek D-Tap -2 Pin Lemo,Origen: Rentman legacy inventory 2021-10-15; Código Rentman original: 868; Carpeta Rentman: Power/Alimentadores AC/Asignados; Tipo carpeta Rentman: Equipos; Tipo item Rentman: Articulo; Tiene accesorios Rentman: 0,,,
Alimentador Atomos D-Tap - XLR,R-869,POW,,,,Good,6,owned,,,1000759,Alimentador Atomos D-Tap - XLR,Origen: Rentman legacy inventory 2021-10-15; Código Rentman original: 869; Carpeta Rentman: Power/Alimentadores AC/Asignados; Tipo carpeta Rentman: Equipos; Tipo item Rentman: Articulo; Tiene accesorios Rentman: 0,,,
Ultra Arm Mini Monitor Wooden Camera,R-875,RIG,,,,Good,1,owned,,,1000765,Ultra Arm Mini Monitor Wooden Camera,Origen: Rentman legacy inventory 2021-10-15; Código Rentman original: 875; Carpeta Rentman: Gripería/Accesorios Gripería; Tipo carpeta Rentman: Equipos; Tipo item Rentman: Articulo; Tiene accesorios Rentman: 0,,,
Case Pelican 1170,R-876,CAS,,,,Good,2,owned,,,1000766,Case Pelican 1170,Origen: Rentman legacy inventory 2021-10-15; Código Rentman original: 876; Carpeta Rentman: Maletas/Cases/Bultos/Cases; Tipo carpeta Rentman: Equipos; Tipo item Rentman: Articulo; Tiene accesorios Rentman: 0,,,
Interface Video AJA HD/SD Distribution AMP,R-877,ACC,,,,Good,2,owned,,,1000767,Interface Video AJA HD/SD Distribution AMP,Origen: Rentman legacy inventory 2021-10-15; Código Rentman original: 877; Carpeta Rentman: Capture & Playback; Tipo carpeta Rentman: Equipos; Tipo item Rentman: Articulo; Tiene accesorios Rentman: 0; Nota Rentman: +Power (x1),,,
Plate Gold Mount,R-878,ACC,,,,Good,3,owned,,,1000768,Plate Gold Mount,Origen: Rentman legacy inventory 2021-10-15; Código Rentman original: 878; Carpeta Rentman: Accesorios/Plates; Tipo carpeta Rentman: Equipos; Tipo item Rentman: Articulo; Tiene accesorios Rentman: 0,,,
Tableta Apple iPad Mini 5th Generation WiFi,R-879,HD,,,DMPD9285LM93,Good,2,owned,,,1000769,Tableta Apple iPad Mini 5th Generation WiFi,Origen: Rentman legacy inventory 2021-10-15; Código Rentman original: 879; Carpeta Rentman: Hardware/Tabletas; Tipo carpeta Rentman: Equipos; Tipo item Rentman: case; Tiene accesorios Rentman: 0,,,
Tableta Apple iPad Mini 5th Generation WiFi,R-879-2,HD,,,DMPD6M8LLM93,Good,2,owned,,,1000769,Tableta Apple iPad Mini 5th Generation WiFi,Origen: Rentman legacy inventory 2021-10-15; Código Rentman original: 879; Carpeta Rentman: Hardware/Tabletas; Tipo carpeta Rentman: Equipos; Tipo item Rentman: case; Tiene accesorios Rentman: 0,,,
Pin 1/4-3/8,R-880,ACC,,,,Good,3,owned,,,1000770,Pin 1/4-3/8,Origen: Rentman legacy inventory 2021-10-15; Código Rentman original: 880; Carpeta Rentman: Gastables; Tipo carpeta Rentman: Equipos; Tipo item Rentman: Articulo; Tiene accesorios Rentman: 0,,,
Power AC Monitor Odyssey 7Q,R-881,POW,,,,Good,2,owned,,,1000771,Power AC Monitor Odyssey 7Q,Origen: Rentman legacy inventory 2021-10-15; Código Rentman original: 881; Carpeta Rentman: Power/Alimentadores AC/Asignados; Tipo carpeta Rentman: Equipos; Tipo item Rentman: Articulo; Tiene accesorios Rentman: 0,,,
Radio Walkie Talkie Unidem,R-882,SOUND,,,,Good,1,owned,,,1000772,Radio Walkie Talkie Unidem,Origen: Rentman legacy inventory 2021-10-15; Código Rentman original: 882; Carpeta Rentman: Accesorios/Accesorios Audio; Tipo carpeta Rentman: Equipos; Tipo item Rentman: Articulo; Tiene accesorios Rentman: 0; Nota Rentman: (un par),,,
Impresora Label Epson LW-PX400,R-883,ACC,,,X69X9X00153,Good,2,owned,,LABEL,1000773,Impresora Label Epson LW-PX400,Origen: Rentman legacy inventory 2021-10-15; Código Rentman original: 883; Carpeta Rentman: Accesorios/Impresoras; Tipo carpeta Rentman: Equipos; Tipo item Rentman: case; Tiene accesorios Rentman: 0; Nota Rentman: +Power,,,
Impresora Label Epson LW-PX400,R-883-2,ACC,,,X69X1100030,Good,2,owned,,LABEL,1000773,Impresora Label Epson LW-PX400,Origen: Rentman legacy inventory 2021-10-15; Código Rentman original: 883; Carpeta Rentman: Accesorios/Impresoras; Tipo carpeta Rentman: Equipos; Tipo item Rentman: case; Tiene accesorios Rentman: 0; Nota Rentman: +Power,,,
Cable Video BNC 100ft,R-884,SIG,,,,Good,12,owned,,03 A,1000775,Cable Video BNC 100ft,Origen: Rentman legacy inventory 2021-10-15; Código Rentman original: 884; Carpeta Rentman: Cables/Cables Video; Tipo carpeta Rentman: Equipos; Tipo item Rentman: Articulo; Tiene accesorios Rentman: 0,,,
Estuche Innovativ,R-885,CAS,,,,Good,4,owned,,,1000776,Estuche Innovativ,Origen: Rentman legacy inventory 2021-10-15; Código Rentman original: 885; Carpeta Rentman: Maletas/Cases/Bultos/Estuches; Tipo carpeta Rentman: Equipos; Tipo item Rentman: Articulo; Tiene accesorios Rentman: 0,,,
Estuche Impermeable Ruedas Carro,R-887,CAR,,,,Good,4,owned,,,1000778,Estuche Impermeable Ruedas Carro,Origen: Rentman legacy inventory 2021-10-15; Código Rentman original: 887; Carpeta Rentman: Movilidad/Carros/Accesorios Carros; Tipo carpeta Rentman: Equipos; Tipo item Rentman: Articulo; Tiene accesorios Rentman: 0,,,
Hook Innovativ,R-888,CAR,,,,Good,1,owned,,,1000779,Hook Innovativ,Origen: Rentman legacy inventory 2021-10-15; Código Rentman original: 888; Carpeta Rentman: Movilidad/Carros/Accesorios Carros; Tipo carpeta Rentman: Equipos; Tipo item Rentman: Articulo; Tiene accesorios Rentman: 0,,,
Ventilador Wind Machine,R-889,ACC,,,,Good,2,owned,,,1000780,Ventilador Wind Machine,Origen: Rentman legacy inventory 2021-10-15; Código Rentman original: 889; Carpeta Rentman: Accesorios; Tipo carpeta Rentman: Equipos; Tipo item Rentman: Articulo; Tiene accesorios Rentman: 0,,,
Ventilador Nikkei,R-890,ACC,,,,Good,1,owned,,,1000781,Ventilador Nikkei,Origen: Rentman legacy inventory 2021-10-15; Código Rentman original: 890; Carpeta Rentman: Accesorios; Tipo carpeta Rentman: Equipos; Tipo item Rentman: Articulo; Tiene accesorios Rentman: 0,,,
Estuche de Alicates,R-891,TOOL,,,,Good,1,owned,,,1000782,Estuche de Alicates,Origen: Rentman legacy inventory 2021-10-15; Código Rentman original: 891; Carpeta Rentman: Accesorios/Herramientas; Tipo carpeta Rentman: Equipos; Tipo item Rentman: Articulo; Tiene accesorios Rentman: 0; Nota Rentman: (x4) Alicates,,,
Estuche Tensadores,R-892,TOOL,,,,Good,1,owned,,,1000783,Estuche Tensadores,Origen: Rentman legacy inventory 2021-10-15; Código Rentman original: 892; Carpeta Rentman: Accesorios/Herramientas; Tipo carpeta Rentman: Equipos; Tipo item Rentman: Articulo; Tiene accesorios Rentman: 0; Nota Rentman: (x16) Tensadores,,,
Hub elGato,R-894,DAC,,,TR48E2AX0589,Good,1,owned,,08 D,1000785,Hub elGato,Origen: Rentman legacy inventory 2021-10-15; Código Rentman original: 894; Carpeta Rentman: Accesorios/Accesorios Data; Tipo carpeta Rentman: Equipos; Tipo item Rentman: Articulo; Tiene accesorios Rentman: 1; Nota Rentman: +Power,,,
Montura Monitor,R-895,MON,,,,Good,1,owned,,,1000786,Montura Monitor,Origen: Rentman legacy inventory 2021-10-15; Código Rentman original: 895; Carpeta Rentman: Monitores/Accesorios Monitores; Tipo carpeta Rentman: Equipos; Tipo item Rentman: Articulo; Tiene accesorios Rentman: 0,,,
Capa Impermeable,R-896,ACC,,,,Good,5,owned,,,1000787,Capa Impermeable,Origen: Rentman legacy inventory 2021-10-15; Código Rentman original: 896; Carpeta Rentman: Accesorios; Tipo carpeta Rentman: Equipos; Tipo item Rentman: Articulo; Tiene accesorios Rentman: 0,,,
Estuche Plástico,R-897,CAS,,,,Good,10,owned,,,1000788,Estuche Plástico,Origen: Rentman legacy inventory 2021-10-15; Código Rentman original: 897; Carpeta Rentman: Maletas/Cases/Bultos/Estuches; Tipo carpeta Rentman: Equipos; Tipo item Rentman: Articulo; Tiene accesorios Rentman: 0,,,
Estuche Plástico Teradek,R-898,CAS,,,,Good,2,owned,,,1000789,Estuche Plástico Teradek,Origen: Rentman legacy inventory 2021-10-15; Código Rentman original: 898; Carpeta Rentman: Maletas/Cases/Bultos/Estuches; Tipo carpeta Rentman: Equipos; Tipo item Rentman: Articulo; Tiene accesorios Rentman: 0,,,
Base Atomos,R-899,MON,,,,Good,2,owned,,,1000790,Base Atomos,Origen: Rentman legacy inventory 2021-10-15; Código Rentman original: 899; Carpeta Rentman: Monitores/Accesorios Monitores; Tipo carpeta Rentman: Equipos; Tipo item Rentman: Articulo; Tiene accesorios Rentman: 0,,,
Cable AC 2 Pin Lemo Teradek Bolt,R-900,POW,,,,Good,2,owned,,,1000791,Cable AC 2 Pin Lemo Teradek Bolt,Origen: Rentman legacy inventory 2021-10-15; Código Rentman original: 900; Carpeta Rentman: Power/Alimentadores AC/Asignados; Tipo carpeta Rentman: Equipos; Tipo item Rentman: Articulo; Tiene accesorios Rentman: 0,,,
Disco Duro G-Drive 1TB SSD,R-904,HD,,,181009800245,Good,4,owned,,,1000795,Disco Duro G-Drive 1TB SSD,Origen: Rentman legacy inventory 2021-10-15; Código Rentman original: 904; Carpeta Rentman: Archiving/Hardrives; Tipo carpeta Rentman: Equipos; Tipo item Rentman: Articulo; Tiene accesorios Rentman: 0,,,
Disco Duro G-Drive 1TB SSD,R-904-2,HD,,,181364801794,Good,4,owned,,,1000795,Disco Duro G-Drive 1TB SSD,Origen: Rentman legacy inventory 2021-10-15; Código Rentman original: 904; Carpeta Rentman: Archiving/Hardrives; Tipo carpeta Rentman: Equipos; Tipo item Rentman: Articulo; Tiene accesorios Rentman: 0,,,
Estación de Carga Poweroni,R-906,POW,,,,Good,1,owned,,,1000797,Estación de Carga Poweroni,Origen: Rentman legacy inventory 2021-10-15; Código Rentman original: 906; Carpeta Rentman: Power/Cargadores; Tipo carpeta Rentman: Equipos; Tipo item Rentman: Articulo; Tiene accesorios Rentman: 0; Nota Rentman: +(x5) Divisores Plásticos,,,
Carro Inovativ,R-907,CAR,,,,Good,1,owned,,,1000799,Carro Inovativ,Origen: Rentman legacy inventory 2021-10-15; Código Rentman original: 907; Carpeta Rentman: Movilidad/Carros; Tipo carpeta Rentman: Equipos; Tipo item Rentman: Articulo; Tiene accesorios Rentman: 0,,,
Carro Maligner,R-908,CAR,,,,Good,1,owned,,,1000800,Carro Maligner,Origen: Rentman legacy inventory 2021-10-15; Código Rentman original: 908; Carpeta Rentman: Movilidad/Carros; Tipo carpeta Rentman: Equipos; Tipo item Rentman: Articulo; Tiene accesorios Rentman: 0,,,
Tripode Combo Flashpoint FPLS7YL,R-909,RIG,,,,Good,3,owned,,,1000801,Tripode Combo Flashpoint FPLS7YL,Origen: Rentman legacy inventory 2021-10-15; Código Rentman original: 909; Carpeta Rentman: Gripería/Tripodes; Tipo carpeta Rentman: Equipos; Tipo item Rentman: Articulo; Tiene accesorios Rentman: 0,,,
UPS CyberPower 1500 AVR,R-910,POW,,,,Good,1,owned,,,1000804,UPS CyberPower 1500 AVR,Origen: Rentman legacy inventory 2021-10-15; Código Rentman original: 910; Carpeta Rentman: Power/UPS; Tipo carpeta Rentman: Equipos; Tipo item Rentman: Articulo; Tiene accesorios Rentman: 0,,,
UPS APC 1500 XS,R-911,POW,,,4B1703P24669,Good,1,owned,,,1000805,UPS APC 1500 XS,Origen: Rentman legacy inventory 2021-10-15; Código Rentman original: 911; Carpeta Rentman: Power/UPS; Tipo carpeta Rentman: Equipos; Tipo item Rentman: Articulo; Tiene accesorios Rentman: 0,,,
"Monitor Flanders AM240 24""",R-912,MON,,,MD240A2286,Good,2,owned,,,1000807,"Monitor Flanders AM240 24""",Origen: Rentman legacy inventory 2021-10-15; Código Rentman original: 912; Carpeta Rentman: Monitores; Tipo carpeta Rentman: Equipos; Tipo item Rentman: Articulo; Tiene accesorios Rentman: 0; Nota Rentman: Modelo : DM240,,,
"Monitor Flanders AM240 24""",R-912-2,MON,,,MD240A00675,Good,2,owned,,,1000807,"Monitor Flanders AM240 24""",Origen: Rentman legacy inventory 2021-10-15; Código Rentman original: 912; Carpeta Rentman: Monitores; Tipo carpeta Rentman: Equipos; Tipo item Rentman: Articulo; Tiene accesorios Rentman: 0; Nota Rentman: Modelo : DM240,,,
"Monitor Atomos Sumo 19""",R-913,MON,,,K9A94SUM50A37,Good,4,owned,,,1000810,"Monitor Atomos Sumo 19""",Origen: Rentman legacy inventory 2021-10-15; Código Rentman original: 913; Carpeta Rentman: Monitores; Tipo carpeta Rentman: Equipos; Tipo item Rentman: Articulo; Tiene accesorios Rentman: 0,,,
"Monitor Atomos Sumo 19""",R-913-2,MON,,,K1A94SUM50M26,Good,4,owned,,,1000810,"Monitor Atomos Sumo 19""",Origen: Rentman legacy inventory 2021-10-15; Código Rentman original: 913; Carpeta Rentman: Monitores; Tipo carpeta Rentman: Equipos; Tipo item Rentman: Articulo; Tiene accesorios Rentman: 0,,,
"Monitor Atomos Sumo 19""",R-913-3,MON,,,K9A94SUM50B83,Good,4,owned,,,1000810,"Monitor Atomos Sumo 19""",Origen: Rentman legacy inventory 2021-10-15; Código Rentman original: 913; Carpeta Rentman: Monitores; Tipo carpeta Rentman: Equipos; Tipo item Rentman: Articulo; Tiene accesorios Rentman: 0,,,
"Monitor Atomos Sumo 19""",R-913-4,MON,,,K1194SUM50D13,Good,4,owned,,,1000810,"Monitor Atomos Sumo 19""",Origen: Rentman legacy inventory 2021-10-15; Código Rentman original: 913; Carpeta Rentman: Monitores; Tipo carpeta Rentman: Equipos; Tipo item Rentman: Articulo; Tiene accesorios Rentman: 0,,,
Case Rack SKB 6U,R-914,CAS,,,,Good,2,owned,,,1000819,Case Rack SKB 6U,Origen: Rentman legacy inventory 2021-10-15; Código Rentman original: 914; Carpeta Rentman: Maletas/Cases/Bultos/Cases; Tipo carpeta Rentman: Equipos; Tipo item Rentman: Articulo; Tiene accesorios Rentman: 0,,,
"Case Monitor ""SKB"" 6U +prof",R-915,CAS,,,,Good,1,owned,,,1000820,"Case Monitor ""SKB"" 6U +prof",Origen: Rentman legacy inventory 2021-10-15; Código Rentman original: 915; Carpeta Rentman: Maletas/Cases/Bultos/Cases; Tipo carpeta Rentman: Equipos; Tipo item Rentman: Articulo; Tiene accesorios Rentman: 0,,,
"Case Monitor ""SKB"" 4U",R-916,CAS,,,,Good,1,owned,,,1000821,"Case Monitor ""SKB"" 4U",Origen: Rentman legacy inventory 2021-10-15; Código Rentman original: 916; Carpeta Rentman: Maletas/Cases/Bultos/Cases; Tipo carpeta Rentman: Equipos; Tipo item Rentman: Articulo; Tiene accesorios Rentman: 0,,,
"Case Monitor ""SKB"" 3U",R-917,CAS,,,,Good,1,owned,,,1000822,"Case Monitor ""SKB"" 3U",Origen: Rentman legacy inventory 2021-10-15; Código Rentman original: 917; Carpeta Rentman: Maletas/Cases/Bultos/Cases; Tipo carpeta Rentman: Equipos; Tipo item Rentman: Articulo; Tiene accesorios Rentman: 0,,,
Cargador Pilas Regarcables RAYOVAC,R-918,POW,,,,Good,1,owned,,,1000823,Cargador Pilas Regarcables RAYOVAC,Origen: Rentman legacy inventory 2021-10-15; Código Rentman original: 918; Carpeta Rentman: Power/Cargadores; Tipo carpeta Rentman: Equipos; Tipo item Rentman: Articulo; Tiene accesorios Rentman: 0,,,
Disco Duro LACIE Rugged Thunderbolt 2- Thunderbolt 3 500GB,R-920,HD,,,,Good,3,owned,,,1000825,Disco Duro LACIE Rugged Thunderbolt 2- Thunderbolt 3 500GB,Origen: Rentman legacy inventory 2021-10-15; Código Rentman original: 920; Carpeta Rentman: Archiving/Hardrives; Tipo carpeta Rentman: Equipos; Tipo item Rentman: Articulo; Tiene accesorios Rentman: 0,,,
Caja Destornilladores JK-6089,R-921,TOOL,,,,Good,5,owned,,,1000826,Caja Destornilladores JK-6089,Origen: Rentman legacy inventory 2021-10-15; Código Rentman original: 921; Carpeta Rentman: Accesorios/Herramientas; Tipo carpeta Rentman: Equipos; Tipo item Rentman: Articulo; Tiene accesorios Rentman: 0,,,
Sunhood FSI Solutions,R-922,MON,,,,Good,2,owned,,,1000827,Sunhood FSI Solutions,Origen: Rentman legacy inventory 2021-10-15; Código Rentman original: 922; Carpeta Rentman: Monitores/Accesorios Monitores; Tipo carpeta Rentman: Equipos; Tipo item Rentman: Articulo; Tiene accesorios Rentman: 0,,,
Adaptador Adam 4X1 USBC,R-923,DAC,,,,Good,1,owned,,08 D,1000828,Adaptador Adam 4X1 USBC,Origen: Rentman legacy inventory 2021-10-15; Código Rentman original: 923; Carpeta Rentman: Accesorios/Accesorios Data; Tipo carpeta Rentman: Equipos; Tipo item Rentman: Articulo; Tiene accesorios Rentman: 0,,,
Bulto Hart Small,R-924,CAS,,,,Good,1,owned,,07 F,1000830,Bulto Hart Small,Origen: Rentman legacy inventory 2021-10-15; Código Rentman original: 924; Carpeta Rentman: Maletas/Cases/Bultos/Bultos; Tipo carpeta Rentman: Equipos; Tipo item Rentman: Articulo; Tiene accesorios Rentman: 0,,,
Adaptador USBC-USB 3.0,R-925,DAC,,,,Good,1,owned,,08 D,1000831,Adaptador USBC-USB 3.0,Origen: Rentman legacy inventory 2021-10-15; Código Rentman original: 925; Carpeta Rentman: Accesorios/Accesorios Data; Tipo carpeta Rentman: Equipos; Tipo item Rentman: Articulo; Tiene accesorios Rentman: 0,,,
"Case Macbook 15""",R-926,CAS,,,,Good,5,owned,,,1000832,"Case Macbook 15""",Origen: Rentman legacy inventory 2021-10-15; Código Rentman original: 926; Carpeta Rentman: Maletas/Cases/Bultos/Cases; Tipo carpeta Rentman: Equipos; Tipo item Rentman: Articulo; Tiene accesorios Rentman: 0,,,
Tape Drive LTO 6 HP Ultrium 6650,R-927,ACC,,,HUJ715898N,Good,1,owned,,,1000833,Tape Drive LTO 6 HP Ultrium 6650,Origen: Rentman legacy inventory 2021-10-15; Código Rentman original: 927; Carpeta Rentman: Archiving/LTO; Tipo carpeta Rentman: Equipos; Tipo item Rentman: Articulo; Tiene accesorios Rentman: 1,,,
Full Case Data / DIT Modulo E,R-928,CAS,,,210,Good,1,owned,,07 C,1000900,Full Case Data / DIT Modulo E,Origen: Rentman legacy inventory 2021-10-15; Código Rentman original: 928; Carpeta Rentman: Full Cases/Kits; Tipo carpeta Rentman: Equipos; Tipo item Rentman: case; Tiene accesorios Rentman: 0,,,
Power AC Impresora Label Epson LW-600P,R-929,POW,,,,Good,4,owned,,,1000836,Power AC Impresora Label Epson LW-600P,Origen: Rentman legacy inventory 2021-10-15; Código Rentman original: 929; Carpeta Rentman: Power/Alimentadores AC/Asignados; Tipo carpeta Rentman: Equipos; Tipo item Rentman: Articulo; Tiene accesorios Rentman: 0,,,
Power AC Cargador Pilas Recargables WATSON,R-930,POW,,,,Good,4,owned,,,1000837,Power AC Cargador Pilas Recargables WATSON,Origen: Rentman legacy inventory 2021-10-15; Código Rentman original: 930; Carpeta Rentman: Power/Alimentadores AC/Asignados; Tipo carpeta Rentman: Equipos; Tipo item Rentman: Articulo; Tiene accesorios Rentman: 0,,,
Lector Dock Voyager Q,R-931,READ,,,1330002024,Good,1,owned,,,1000838,Lector Dock Voyager Q,Origen: Rentman legacy inventory 2021-10-15; Código Rentman original: 931; Carpeta Rentman: Lectores; Tipo carpeta Rentman: Equipos; Tipo item Rentman: Articulo; Tiene accesorios Rentman: 1,,,
Power AC Lector Dock Voyager Q,R-932,POW,,,,Good,1,owned,,,1000839,Power AC Lector Dock Voyager Q,Origen: Rentman legacy inventory 2021-10-15; Código Rentman original: 932; Carpeta Rentman: Power/Alimentadores AC/Asignados; Tipo carpeta Rentman: Equipos; Tipo item Rentman: Articulo; Tiene accesorios Rentman: 0,,,
Bag It (S),R-933,ACC,,,,Good,1,owned,,,1000840,Bag It (S),Origen: Rentman legacy inventory 2021-10-15; Código Rentman original: 933; Carpeta Rentman: Accesorios; Tipo carpeta Rentman: Equipos; Tipo item Rentman: Articulo; Tiene accesorios Rentman: 0,,,
Bag It (M),R-934,ACC,,,,Good,1,owned,,,1000841,Bag It (M),Origen: Rentman legacy inventory 2021-10-15; Código Rentman original: 934; Carpeta Rentman: Accesorios; Tipo carpeta Rentman: Equipos; Tipo item Rentman: Articulo; Tiene accesorios Rentman: 0,,,
Lonas Plásticas,R-935,ACC,,,,Good,4,owned,,,1000842,Lonas Plásticas,Origen: Rentman legacy inventory 2021-10-15; Código Rentman original: 935; Carpeta Rentman: Accesorios; Tipo carpeta Rentman: Equipos; Tipo item Rentman: Articulo; Tiene accesorios Rentman: 0,,,
Power AC Macbook Pro MagSafe 2,R-936,POW,,,,Good,3,owned,,,1000843,Power AC Macbook Pro MagSafe 2,Origen: Rentman legacy inventory 2021-10-15; Código Rentman original: 936; Carpeta Rentman: Power/Alimentadores AC/Asignados; Tipo carpeta Rentman: Equipos; Tipo item Rentman: Articulo; Tiene accesorios Rentman: 0,,,
Full Case Teradek Bolt 1000 XT Kit Deluxe 01,R-937,CAS,,,TKB1KC01,Good,1,owned,,06 A,1000844,Full Case Teradek Bolt 1000 XT Kit Deluxe 01,Origen: Rentman legacy inventory 2021-10-15; Código Rentman original: 937; Carpeta Rentman: Full Cases/Kits; Tipo carpeta Rentman: Equipos; Tipo item Rentman: case; Tiene accesorios Rentman: 0,,,
Adapter Hot Shoe Wooden Camera,R-938,ACC,,,,Good,2,owned,,,1000845,Adapter Hot Shoe Wooden Camera,Origen: Rentman legacy inventory 2021-10-15; Código Rentman original: 938; Carpeta Rentman: Wireless Systems/Accesorios Wireless Systems; Tipo carpeta Rentman: Equipos; Tipo item Rentman: Articulo; Tiene accesorios Rentman: 0,,,
Lock Kit Nato Wooden Camera,R-939,ACC,,,,Good,2,owned,,,1000846,Lock Kit Nato Wooden Camera,Origen: Rentman legacy inventory 2021-10-15; Código Rentman original: 939; Carpeta Rentman: Wireless Systems/Accesorios Wireless Systems; Tipo carpeta Rentman: Equipos; Tipo item Rentman: Articulo; Tiene accesorios Rentman: 0,,,
Adapter 3/8 Light Stand Teradek,R-940,ACC,,,,Good,2,owned,,,1000847,Adapter 3/8 Light Stand Teradek,Origen: Rentman legacy inventory 2021-10-15; Código Rentman original: 940; Carpeta Rentman: Wireless Systems/Accesorios Wireless Systems; Tipo carpeta Rentman: Equipos; Tipo item Rentman: Articulo; Tiene accesorios Rentman: 0,,,
Teradek Screws Kit,R-941,ACC,,,,Good,2,owned,,,1000848,Teradek Screws Kit,Origen: Rentman legacy inventory 2021-10-15; Código Rentman original: 941; Carpeta Rentman: Wireless Systems/Accesorios Wireless Systems; Tipo carpeta Rentman: Equipos; Tipo item Rentman: Articulo; Tiene accesorios Rentman: 0; Nota Rentman: Estuche de tela (negro) + Tornillos de remplazo,,,
Plug Cable Antenna Array N-Male,R-942,ACC,,,,Good,10,owned,,,1000849,Plug Cable Antenna Array N-Male,Origen: Rentman legacy inventory 2021-10-15; Código Rentman original: 942; Carpeta Rentman: Wireless Systems/Accesorios Wireless Systems; Tipo carpeta Rentman: Equipos; Tipo item Rentman: Articulo; Tiene accesorios Rentman: 0,,,
Receptor Teradek Bolt 1000 RX,R-943,ACC,,,0196702887,Good,2,owned,,,1000850,Receptor Teradek Bolt 1000 RX,Origen: Rentman legacy inventory 2021-10-15; Código Rentman original: 943; Carpeta Rentman: Wireless Systems; Tipo carpeta Rentman: Equipos; Tipo item Rentman: Articulo; Tiene accesorios Rentman: 0,,,
Receptor Teradek Bolt 1000 RX,R-943-2,ACC,,,0196701938,Good,2,owned,,,1000850,Receptor Teradek Bolt 1000 RX,Origen: Rentman legacy inventory 2021-10-15; Código Rentman original: 943; Carpeta Rentman: Wireless Systems; Tipo carpeta Rentman: Equipos; Tipo item Rentman: Articulo; Tiene accesorios Rentman: 0,,,
Antenna Multi Panel Array Teradek,R-944,ACC,,,,Good,2,owned,,,1000851,Antenna Multi Panel Array Teradek,Origen: Rentman legacy inventory 2021-10-15; Código Rentman original: 944; Carpeta Rentman: Wireless Systems; Tipo carpeta Rentman: Equipos; Tipo item Rentman: Articulo; Tiene accesorios Rentman: 0,,,
Full Case Teradek Bolt 1000 XT Kit Deluxe 02,R-945,CAS,,,TKB1KC02,Good,1,owned,,06 A,1000852,Full Case Teradek Bolt 1000 XT Kit Deluxe 02,Origen: Rentman legacy inventory 2021-10-15; Código Rentman original: 945; Carpeta Rentman: Full Cases/Kits; Tipo carpeta Rentman: Equipos; Tipo item Rentman: case; Tiene accesorios Rentman: 0,,,
"Full Case Atomos Sumo 19"" 02",R-946,CAS,,,ATOM19C02,Good,1,owned,,01 A,1000853,"Full Case Atomos Sumo 19"" 02",Origen: Rentman legacy inventory 2021-10-15; Código Rentman original: 946; Carpeta Rentman: Full Cases/Kits; Tipo carpeta Rentman: Equipos; Tipo item Rentman: case; Tiene accesorios Rentman: 0,,,
Disco Duro Atomos External SSD 500GB,R-947,HD,,,,Good,3,owned,,,1000854,Disco Duro Atomos External SSD 500GB,Origen: Rentman legacy inventory 2021-10-15; Código Rentman original: 947; Carpeta Rentman: Archiving/Hardrives; Tipo carpeta Rentman: Equipos; Tipo item Rentman: Articulo; Tiene accesorios Rentman: 0,,,
Atom X Handle,R-948,MON,,,,Good,3,owned,,,1000855,Atom X Handle,Origen: Rentman legacy inventory 2021-10-15; Código Rentman original: 948; Carpeta Rentman: Monitores/Accesorios Monitores; Tipo carpeta Rentman: Equipos; Tipo item Rentman: Articulo; Tiene accesorios Rentman: 0,,,
"Full Case Atomos Sumo 19"" 01",R-950,CAS,,,ATOM19C01,Good,1,owned,,01 A,1000857,"Full Case Atomos Sumo 19"" 01",Origen: Rentman legacy inventory 2021-10-15; Código Rentman original: 950; Carpeta Rentman: Full Cases/Kits; Tipo carpeta Rentman: Equipos; Tipo item Rentman: case; Tiene accesorios Rentman: 0,,,
"Full Case Atomos Sumo 19"" 03",R-951,CAS,,,ATOM19C03,Good,1,owned,,01 A,1000858,"Full Case Atomos Sumo 19"" 03",Origen: Rentman legacy inventory 2021-10-15; Código Rentman original: 951; Carpeta Rentman: Full Cases/Kits; Tipo carpeta Rentman: Equipos; Tipo item Rentman: case; Tiene accesorios Rentman: 0,,,
"Full Case Atomos Sumo 19"" 04",R-952,CAS,,,ATOM19C04,Good,1,owned,,01 A,1000859,"Full Case Atomos Sumo 19"" 04",Origen: Rentman legacy inventory 2021-10-15; Código Rentman original: 952; Carpeta Rentman: Full Cases/Kits; Tipo carpeta Rentman: Equipos; Tipo item Rentman: case; Tiene accesorios Rentman: 0,,,
Case Pelican 1600,R-954,CAS,,,,Good,1,owned,,,1000861,Case Pelican 1600,Origen: Rentman legacy inventory 2021-10-15; Código Rentman original: 954; Carpeta Rentman: Maletas/Cases/Bultos/Cases; Tipo carpeta Rentman: Equipos; Tipo item Rentman: Articulo; Tiene accesorios Rentman: 0,,,
Adaptador Sonnet Solo 10Gb Thunderbolt 2,R-955,ACC,,,A01246030004752,Good,4,owned,,,1000866,Adaptador Sonnet Solo 10Gb Thunderbolt 2,Origen: Rentman legacy inventory 2021-10-15; Código Rentman original: 955; Carpeta Rentman: Wireless Systems; Tipo carpeta Rentman: Equipos; Tipo item Rentman: Articulo; Tiene accesorios Rentman: 0,,,
Adaptador Sonnet Solo 10Gb Thunderbolt 2,R-955-2,ACC,,,A01246030005421,Good,4,owned,,,1000866,Adaptador Sonnet Solo 10Gb Thunderbolt 2,Origen: Rentman legacy inventory 2021-10-15; Código Rentman original: 955; Carpeta Rentman: Wireless Systems; Tipo carpeta Rentman: Equipos; Tipo item Rentman: Articulo; Tiene accesorios Rentman: 0,,,
Adaptador Sonnet Solo 10Gb Thunderbolt 2,R-955-3,ACC,,,A01246030005405,Good,4,owned,,,1000866,Adaptador Sonnet Solo 10Gb Thunderbolt 2,Origen: Rentman legacy inventory 2021-10-15; Código Rentman original: 955; Carpeta Rentman: Wireless Systems; Tipo carpeta Rentman: Equipos; Tipo item Rentman: Articulo; Tiene accesorios Rentman: 0,,,
Adaptador Sonnet Solo 10Gb Thunderbolt 2,R-955-4,ACC,,,A01246030005430,Good,4,owned,,,1000866,Adaptador Sonnet Solo 10Gb Thunderbolt 2,Origen: Rentman legacy inventory 2021-10-15; Código Rentman original: 955; Carpeta Rentman: Wireless Systems; Tipo carpeta Rentman: Equipos; Tipo item Rentman: Articulo; Tiene accesorios Rentman: 0,,,
Full Case AJA Splitter HDTV 01,R-957,CAS,,,AJASPLTC01,Good,1,owned,,06 B,1000874,Full Case AJA Splitter HDTV 01,Origen: Rentman legacy inventory 2021-10-15; Código Rentman original: 957; Carpeta Rentman: Full Cases/Kits; Tipo carpeta Rentman: Equipos; Tipo item Rentman: case; Tiene accesorios Rentman: 0,,,
Full Case Data / DIT Modulo C,R-960,CAS,,,MODULDATA01C,Good,1,owned,,07 D,1000877,Full Case Data / DIT Modulo C,Origen: Rentman legacy inventory 2021-10-15; Código Rentman original: 960; Carpeta Rentman: Full Cases/Kits; Tipo carpeta Rentman: Equipos; Tipo item Rentman: case; Tiene accesorios Rentman: 0,,,
Full Case Odyssey 7Q 01,R-961,CAS,,,OSY7Q7C01,Good,1,owned,,01 C,1000878,Full Case Odyssey 7Q 01,Origen: Rentman legacy inventory 2021-10-15; Código Rentman original: 961; Carpeta Rentman: Full Cases/Kits; Tipo carpeta Rentman: Equipos; Tipo item Rentman: case; Tiene accesorios Rentman: 0,,,
Disco Duro Samsung 1TB 860 EVO SSD,R-962,HD,,,,Good,4,owned,,,1000879,Disco Duro Samsung 1TB 860 EVO SSD,Origen: Rentman legacy inventory 2021-10-15; Código Rentman original: 962; Carpeta Rentman: Archiving/Hardrives; Tipo carpeta Rentman: Equipos; Tipo item Rentman: Articulo; Tiene accesorios Rentman: 0,,,
Case FSI Flanders Dual,R-964,CAS,,,,Good,1,owned,,,1000881,Case FSI Flanders Dual,Origen: Rentman legacy inventory 2021-10-15; Código Rentman original: 964; Carpeta Rentman: Maletas/Cases/Bultos/Cases; Tipo carpeta Rentman: Equipos; Tipo item Rentman: Articulo; Tiene accesorios Rentman: 0,,,
Disco Duro LACIE Rugged 2TB Thunderbolt 2-Thunderbolt 3,R-966,HD,,,,Good,1,owned,,,1000883,Disco Duro LACIE Rugged 2TB Thunderbolt 2-Thunderbolt 3,Origen: Rentman legacy inventory 2021-10-15; Código Rentman original: 966; Carpeta Rentman: Archiving/Hardrives; Tipo carpeta Rentman: Equipos; Tipo item Rentman: Articulo; Tiene accesorios Rentman: 0,,,
Full Case Odyssey 7Q 02,R-967,CAS,,,OSY7Q7C02,Good,1,owned,,01 C,1000884,Full Case Odyssey 7Q 02,Origen: Rentman legacy inventory 2021-10-15; Código Rentman original: 967; Carpeta Rentman: Full Cases/Kits; Tipo carpeta Rentman: Equipos; Tipo item Rentman: case; Tiene accesorios Rentman: 0,,,
Alimentador D-Tap Odyssey,R-968,POW,,,,Good,4,owned,,,1000885,Alimentador D-Tap Odyssey,Origen: Rentman legacy inventory 2021-10-15; Código Rentman original: 968; Carpeta Rentman: Power/Alimentadores AC/Asignados; Tipo carpeta Rentman: Equipos; Tipo item Rentman: Articulo; Tiene accesorios Rentman: 0,,,
Full Case Apollo Monitor 01,R-969,CAS,,,MONAPL7C01,Good,1,owned,,01 C,1000886,Full Case Apollo Monitor 01,Origen: Rentman legacy inventory 2021-10-15; Código Rentman original: 969; Carpeta Rentman: Full Cases/Kits; Tipo carpeta Rentman: Equipos; Tipo item Rentman: case; Tiene accesorios Rentman: 0,,,
Full Case Apollo Monitor 02,R-970,CAS,,,MONAPL7C02,Good,1,owned,,01 C,1000887,Full Case Apollo Monitor 02,Origen: Rentman legacy inventory 2021-10-15; Código Rentman original: 970; Carpeta Rentman: Full Cases/Kits; Tipo carpeta Rentman: Equipos; Tipo item Rentman: case; Tiene accesorios Rentman: 0,,,
Full Case Monitor ViewSonic 01,R-971,CAS,,,MONVIEWSOC01,Good,1,owned,,01 D,1000888,Full Case Monitor ViewSonic 01,Origen: Rentman legacy inventory 2021-10-15; Código Rentman original: 971; Carpeta Rentman: Full Cases/Kits; Tipo carpeta Rentman: Equipos; Tipo item Rentman: case; Tiene accesorios Rentman: 0,,,
Full Case Dell PC Monitor 01,R-972,CAS,,,MONDELLC01,Good,1,owned,,01 D,1000889,Full Case Dell PC Monitor 01,Origen: Rentman legacy inventory 2021-10-15; Código Rentman original: 972; Carpeta Rentman: Full Cases/Kits; Tipo carpeta Rentman: Equipos; Tipo item Rentman: case; Tiene accesorios Rentman: 0,,,
Full Case Dell PC Monitor 02,R-973,CAS,,,MONDELLC02,Good,1,owned,,01 D,1000890,Full Case Dell PC Monitor 02,Origen: Rentman legacy inventory 2021-10-15; Código Rentman original: 973; Carpeta Rentman: Full Cases/Kits; Tipo carpeta Rentman: Equipos; Tipo item Rentman: case; Tiene accesorios Rentman: 0,,,
Cover Monitor Mosiso,R-974,MON,,,,Good,3,owned,,,1000891,Cover Monitor Mosiso,Origen: Rentman legacy inventory 2021-10-15; Código Rentman original: 974; Carpeta Rentman: Monitores/Accesorios Monitores; Tipo carpeta Rentman: Equipos; Tipo item Rentman: Articulo; Tiene accesorios Rentman: 0,,,
Mouse Logitech,R-975,HD,,,,Good,1,owned,,,1000892,Mouse Logitech,Origen: Rentman legacy inventory 2021-10-15; Código Rentman original: 975; Carpeta Rentman: Hardware/Mouses; Tipo carpeta Rentman: Equipos; Tipo item Rentman: Articulo; Tiene accesorios Rentman: 0,,,
Estuche Teclado Hermit Shell,R-976,CAS,,,,Good,3,owned,,,1000893,Estuche Teclado Hermit Shell,Origen: Rentman legacy inventory 2021-10-15; Código Rentman original: 976; Carpeta Rentman: Maletas/Cases/Bultos/Estuches; Tipo carpeta Rentman: Equipos; Tipo item Rentman: Articulo; Tiene accesorios Rentman: 0,,,
Straps,R-978,MON,,,,Good,7,owned,,,1000895,Straps,Origen: Rentman legacy inventory 2021-10-15; Código Rentman original: 978; Carpeta Rentman: Monitores/Accesorios Monitores; Tipo carpeta Rentman: Equipos; Tipo item Rentman: Articulo; Tiene accesorios Rentman: 0,,,
Cable AC MacPro,R-979,POW,,,,Good,4,owned,,,1000898,Cable AC MacPro,Origen: Rentman legacy inventory 2021-10-15; Código Rentman original: 979; Carpeta Rentman: Power/Alimentadores AC/Asignados; Tipo carpeta Rentman: Equipos; Tipo item Rentman: Articulo; Tiene accesorios Rentman: 0,,,
Teclado Rii RT518S PC con Trackpad,R-980,HD,,,,Good,1,owned,,,1000902,Teclado Rii RT518S PC con Trackpad,Origen: Rentman legacy inventory 2021-10-15; Código Rentman original: 980; Carpeta Rentman: Hardware/Teclados; Tipo carpeta Rentman: Equipos; Tipo item Rentman: Articulo; Tiene accesorios Rentman: 0,,,
Case Shock Proof Ipad Orange,R-981,CAS,,,,Good,7,owned,,,1000904,Case Shock Proof Ipad Orange,Origen: Rentman legacy inventory 2021-10-15; Código Rentman original: 981; Carpeta Rentman: Maletas/Cases/Bultos/Cases; Tipo carpeta Rentman: Equipos; Tipo item Rentman: Articulo; Tiene accesorios Rentman: 0,,,
Case Shock Proof Ipad Mini Orange,R-982,CAS,,,,Good,2,owned,,,1000905,Case Shock Proof Ipad Mini Orange,Origen: Rentman legacy inventory 2021-10-15; Código Rentman original: 982; Carpeta Rentman: Maletas/Cases/Bultos/Cases; Tipo carpeta Rentman: Equipos; Tipo item Rentman: Articulo; Tiene accesorios Rentman: 0,,,
Bulto Tough Built Tool Box Yellow/Black,R-983,CAS,,,,Good,4,owned,,08 F,1000906,Bulto Tough Built Tool Box Yellow/Black,Origen: Rentman legacy inventory 2021-10-15; Código Rentman original: 983; Carpeta Rentman: Maletas/Cases/Bultos/Bultos; Tipo carpeta Rentman: Equipos; Tipo item Rentman: Articulo; Tiene accesorios Rentman: 0,,,
Cable Network Cat 6 200ft,R-984,NEC,,,,Good,1,owned,,04 A,1000923,Cable Network Cat 6 200ft,Origen: Rentman legacy inventory 2021-10-15; Código Rentman original: 984; Carpeta Rentman: Cables/Cables Network; Tipo carpeta Rentman: Equipos; Tipo item Rentman: Articulo; Tiene accesorios Rentman: 0,,,
"Cable Network Cat 6 6"" FT",R-985,NEC,,,,Good,2,owned,,07 E,1000924,"Cable Network Cat 6 6"" FT",Origen: Rentman legacy inventory 2021-10-15; Código Rentman original: 985; Carpeta Rentman: Cables/Cables Network; Tipo carpeta Rentman: Equipos; Tipo item Rentman: Articulo; Tiene accesorios Rentman: 0,,,
Power AC Decimator Dmon-Quad,R-986,POW,,,,Good,1,owned,,,1000925,Power AC Decimator Dmon-Quad,Origen: Rentman legacy inventory 2021-10-15; Código Rentman original: 986; Carpeta Rentman: Power/Alimentadores AC/Asignados; Tipo carpeta Rentman: Equipos; Tipo item Rentman: Articulo; Tiene accesorios Rentman: 0,,,
Enclosure OWC 4Bay Thunderbolt3,R-988,ACC,,,2940003455,Good,8,owned,,STORAGE 01,1000927,Enclosure OWC 4Bay Thunderbolt3,Origen: Rentman legacy inventory 2021-10-15; Código Rentman original: 988; Carpeta Rentman: Archiving/Enclosure; Tipo carpeta Rentman: Equipos; Tipo item Rentman: Articulo; Tiene accesorios Rentman: 1,,,
Enclosure OWC 4Bay Thunderbolt3,R-988-2,ACC,,,2940003457,Good,8,owned,,STORAGE 01,1000927,Enclosure OWC 4Bay Thunderbolt3,Origen: Rentman legacy inventory 2021-10-15; Código Rentman original: 988; Carpeta Rentman: Archiving/Enclosure; Tipo carpeta Rentman: Equipos; Tipo item Rentman: Articulo; Tiene accesorios Rentman: 1,,,
Enclosure OWC 4Bay Thunderbolt3,R-988-3,ACC,,,2940003463,Good,8,owned,,STORAGE 01,1000927,Enclosure OWC 4Bay Thunderbolt3,Origen: Rentman legacy inventory 2021-10-15; Código Rentman original: 988; Carpeta Rentman: Archiving/Enclosure; Tipo carpeta Rentman: Equipos; Tipo item Rentman: Articulo; Tiene accesorios Rentman: 1,,,
Enclosure OWC 4Bay Thunderbolt3,R-988-4,ACC,,,2940003333,Good,8,owned,,STORAGE 01,1000927,Enclosure OWC 4Bay Thunderbolt3,Origen: Rentman legacy inventory 2021-10-15; Código Rentman original: 988; Carpeta Rentman: Archiving/Enclosure; Tipo carpeta Rentman: Equipos; Tipo item Rentman: Articulo; Tiene accesorios Rentman: 1,,,
Enclosure OWC 4Bay Thunderbolt3,R-988-5,ACC,,,2940003469,Good,8,owned,,STORAGE 01,1000927,Enclosure OWC 4Bay Thunderbolt3,Origen: Rentman legacy inventory 2021-10-15; Código Rentman original: 988; Carpeta Rentman: Archiving/Enclosure; Tipo carpeta Rentman: Equipos; Tipo item Rentman: Articulo; Tiene accesorios Rentman: 1,,,
Enclosure OWC 4Bay Thunderbolt3,R-988-6,ACC,,,2940003374,Good,8,owned,,STORAGE 01,1000927,Enclosure OWC 4Bay Thunderbolt3,Origen: Rentman legacy inventory 2021-10-15; Código Rentman original: 988; Carpeta Rentman: Archiving/Enclosure; Tipo carpeta Rentman: Equipos; Tipo item Rentman: Articulo; Tiene accesorios Rentman: 1,,,
Enclosure OWC 4Bay Thunderbolt3,R-988-7,ACC,,,2940003735,Good,8,owned,,STORAGE 01,1000927,Enclosure OWC 4Bay Thunderbolt3,Origen: Rentman legacy inventory 2021-10-15; Código Rentman original: 988; Carpeta Rentman: Archiving/Enclosure; Tipo carpeta Rentman: Equipos; Tipo item Rentman: Articulo; Tiene accesorios Rentman: 1,,,
Enclosure OWC 4Bay Thunderbolt3,R-988-8,ACC,,,2940003101,Good,8,owned,,STORAGE 01,1000927,Enclosure OWC 4Bay Thunderbolt3,Origen: Rentman legacy inventory 2021-10-15; Código Rentman original: 988; Carpeta Rentman: Archiving/Enclosure; Tipo carpeta Rentman: Equipos; Tipo item Rentman: Articulo; Tiene accesorios Rentman: 1,,,
Alimentador AC Elgato,R-990,POW,,,,Good,1,owned,,,1000935,Alimentador AC Elgato,Origen: Rentman legacy inventory 2021-10-15; Código Rentman original: 990; Carpeta Rentman: Power/Alimentadores AC/Asignados; Tipo carpeta Rentman: Equipos; Tipo item Rentman: Articulo; Tiene accesorios Rentman: 0,,,
Panel ProX 8 Entradas,R-991,ACC,,,,Good,1,owned,,,1000936,Panel ProX 8 Entradas,Origen: Rentman legacy inventory 2021-10-15; Código Rentman original: 991; Carpeta Rentman: Accesorios; Tipo carpeta Rentman: Equipos; Tipo item Rentman: Articulo; Tiene accesorios Rentman: 0,,,
Rack Connector HDMI,R-992,SIG,,,,Good,1,owned,,,1000937,Rack Connector HDMI,Origen: Rentman legacy inventory 2021-10-15; Código Rentman original: 992; Carpeta Rentman: Accesorios/Accesorios Video; Tipo carpeta Rentman: Equipos; Tipo item Rentman: Articulo; Tiene accesorios Rentman: 0,,,
Rack Connector Network,R-993,NEC,,,,Good,1,owned,,,1000938,Rack Connector Network,Origen: Rentman legacy inventory 2021-10-15; Código Rentman original: 993; Carpeta Rentman: Accesorios/Accesorios Network; Tipo carpeta Rentman: Equipos; Tipo item Rentman: Articulo; Tiene accesorios Rentman: 0,,,
Carro de Carga Magna Car,R-994,CAR,,,,Good,2,owned,,,1000939,Carro de Carga Magna Car,Origen: Rentman legacy inventory 2021-10-15; Código Rentman original: 994; Carpeta Rentman: Movilidad/Carros; Tipo carpeta Rentman: Equipos; Tipo item Rentman: Articulo; Tiene accesorios Rentman: 0,,,
Arm Car Monitor Mountup,R-995,CAR,,,,Good,1,owned,,,1000940,Arm Car Monitor Mountup,Origen: Rentman legacy inventory 2021-10-15; Código Rentman original: 995; Carpeta Rentman: Movilidad/Carros/Accesorios Carros; Tipo carpeta Rentman: Equipos; Tipo item Rentman: Articulo; Tiene accesorios Rentman: 0,,,
Power AC Hub CalDigit,R-996,POW,,,,Good,1,owned,,,1000941,Power AC Hub CalDigit,Origen: Rentman legacy inventory 2021-10-15; Código Rentman original: 996; Carpeta Rentman: Power/Alimentadores AC/Asignados; Tipo carpeta Rentman: Equipos; Tipo item Rentman: Articulo; Tiene accesorios Rentman: 0,,,
Power AC Impresora Label Epson LW-PX400,R-997,POW,,,,Good,4,owned,,,1000942,Power AC Impresora Label Epson LW-PX400,Origen: Rentman legacy inventory 2021-10-15; Código Rentman original: 997; Carpeta Rentman: Power/Alimentadores AC/Asignados; Tipo carpeta Rentman: Equipos; Tipo item Rentman: Articulo; Tiene accesorios Rentman: 0,,,
Power AC Impresora Label Epson LW-400,R-998,POW,,,,Good,1,owned,,,1000943,Power AC Impresora Label Epson LW-400,Origen: Rentman legacy inventory 2021-10-15; Código Rentman original: 998; Carpeta Rentman: Power/Alimentadores AC/Asignados; Tipo carpeta Rentman: Equipos; Tipo item Rentman: Articulo; Tiene accesorios Rentman: 0,,,
Power AC Monitor ViewSonic,R-999,POW,,,,Good,1,owned,,,1000944,Power AC Monitor ViewSonic,Origen: Rentman legacy inventory 2021-10-15; Código Rentman original: 999; Carpeta Rentman: Power/Alimentadores AC/Asignados; Tipo carpeta Rentman: Equipos; Tipo item Rentman: Articulo; Tiene accesorios Rentman: 0,,,
Power AC Monitor Apollo,R-1000,POW,,,,Good,2,owned,,,1000945,Power AC Monitor Apollo,Origen: Rentman legacy inventory 2021-10-15; Código Rentman original: 1000; Carpeta Rentman: Power/Alimentadores AC/Asignados; Tipo carpeta Rentman: Equipos; Tipo item Rentman: Articulo; Tiene accesorios Rentman: 0,,,
"Power AC TV LG OLED 55""",R-1001,POW,,,,Good,1,owned,,,1000946,"Power AC TV LG OLED 55""",Origen: Rentman legacy inventory 2021-10-15; Código Rentman original: 1001; Carpeta Rentman: Power/Alimentadores AC/Asignados; Tipo carpeta Rentman: Equipos; Tipo item Rentman: Articulo; Tiene accesorios Rentman: 0,,,
"Power AC TV Samsung 42""",R-1002,POW,,,,Good,1,owned,,,1000947,"Power AC TV Samsung 42""",Origen: Rentman legacy inventory 2021-10-15; Código Rentman original: 1002; Carpeta Rentman: Power/Alimentadores AC/Asignados; Tipo carpeta Rentman: Equipos; Tipo item Rentman: Articulo; Tiene accesorios Rentman: 0,,,
"Cable AC Apple iMac 27""",R-1003,POW,,,,Good,3,owned,,,1000948,"Cable AC Apple iMac 27""",Origen: Rentman legacy inventory 2021-10-15; Código Rentman original: 1003; Carpeta Rentman: Power/Alimentadores AC/Asignados; Tipo carpeta Rentman: Equipos; Tipo item Rentman: Articulo; Tiene accesorios Rentman: 0,,,
Power AC Focusrite Scarlett,R-1004,POW,,,,Good,1,owned,,,1000949,Power AC Focusrite Scarlett,Origen: Rentman legacy inventory 2021-10-15; Código Rentman original: 1004; Carpeta Rentman: Power/Alimentadores AC/Asignados; Tipo carpeta Rentman: Equipos; Tipo item Rentman: Articulo; Tiene accesorios Rentman: 0,,,
Power AC 4-Pin AJA ioXT,R-1005,POW,,,,Good,2,owned,,,1000950,Power AC 4-Pin AJA ioXT,Origen: Rentman legacy inventory 2021-10-15; Código Rentman original: 1005; Carpeta Rentman: Power/Alimentadores AC/Asignados; Tipo carpeta Rentman: Equipos; Tipo item Rentman: Articulo; Tiene accesorios Rentman: 0,,,
Power AC Blackmagic Videohub 12x12,R-1006,POW,,,,Good,1,owned,,,1000951,Power AC Blackmagic Videohub 12x12,Origen: Rentman legacy inventory 2021-10-15; Código Rentman original: 1006; Carpeta Rentman: Power/Alimentadores AC/Asignados; Tipo carpeta Rentman: Equipos; Tipo item Rentman: Articulo; Tiene accesorios Rentman: 0,,,
Power AC Qtake QOD+,R-1007,POW,,,,Good,1,owned,,,1000952,Power AC Qtake QOD+,Origen: Rentman legacy inventory 2021-10-15; Código Rentman original: 1007; Carpeta Rentman: Power/Alimentadores AC/Asignados; Tipo carpeta Rentman: Equipos; Tipo item Rentman: Articulo; Tiene accesorios Rentman: 0,,,
Cable AC Pro FX 120 Audio Channel Mixer,R-1008,POW,,,,Good,1,owned,,,1000953,Cable AC Pro FX 120 Audio Channel Mixer,Origen: Rentman legacy inventory 2021-10-15; Código Rentman original: 1008; Carpeta Rentman: Power/Alimentadores AC/Asignados; Tipo carpeta Rentman: Equipos; Tipo item Rentman: Articulo; Tiene accesorios Rentman: 0,,,
Cable Data USB3 to USB Mini Tangent Element,R-1009,DAC,,,,Good,4,owned,,08 E,1000954,Cable Data USB3 to USB Mini Tangent Element,Origen: Rentman legacy inventory 2021-10-15; Código Rentman original: 1009; Carpeta Rentman: Cables/Cables Data; Tipo carpeta Rentman: Equipos; Tipo item Rentman: Articulo; Tiene accesorios Rentman: 0,,,
Power AC Repeater Teradek Link,R-1011,POW,,,,Good,4,owned,,,1000956,Power AC Repeater Teradek Link,Origen: Rentman legacy inventory 2021-10-15; Código Rentman original: 1011; Carpeta Rentman: Power/Alimentadores AC/Asignados; Tipo carpeta Rentman: Equipos; Tipo item Rentman: Articulo; Tiene accesorios Rentman: 0,,,
Power AC Router TP-Link AC1750 Wi-Fi,R-1012,POW,,,,Good,1,owned,,,1000957,Power AC Router TP-Link AC1750 Wi-Fi,Origen: Rentman legacy inventory 2021-10-15; Código Rentman original: 1012; Carpeta Rentman: Power/Alimentadores AC/Asignados; Tipo carpeta Rentman: Equipos; Tipo item Rentman: Articulo; Tiene accesorios Rentman: 0,,,
Cable AC Tape Drive LTO HP Ultrium,R-1013,POW,,,,Good,3,owned,,,1000958,Cable AC Tape Drive LTO HP Ultrium,Origen: Rentman legacy inventory 2021-10-15; Código Rentman original: 1013; Carpeta Rentman: Power/Alimentadores AC/Asignados; Tipo carpeta Rentman: Equipos; Tipo item Rentman: Articulo; Tiene accesorios Rentman: 0,,,
Power AC Enclosure Lacie 2Bay,R-1014,POW,,,,Good,1,owned,,STORAGE 01,1000959,Power AC Enclosure Lacie 2Bay,Origen: Rentman legacy inventory 2021-10-15; Código Rentman original: 1014; Carpeta Rentman: Power/Alimentadores AC/Asignados; Tipo carpeta Rentman: Equipos; Tipo item Rentman: Articulo; Tiene accesorios Rentman: 0,,,
Power AC Enclosure OWC,R-1015,POW,,,,Good,11,owned,,STORAGE 01,1000960,Power AC Enclosure OWC,Origen: Rentman legacy inventory 2021-10-15; Código Rentman original: 1015; Carpeta Rentman: Power/Alimentadores AC/Asignados; Tipo carpeta Rentman: Equipos; Tipo item Rentman: Articulo; Tiene accesorios Rentman: 0,,,
Cable AC Sonnet Echo Express III,R-1016,POW,,,,Good,1,owned,,,1000961,Cable AC Sonnet Echo Express III,Origen: Rentman legacy inventory 2021-10-15; Código Rentman original: 1016; Carpeta Rentman: Power/Alimentadores AC/Asignados; Tipo carpeta Rentman: Equipos; Tipo item Rentman: Articulo; Tiene accesorios Rentman: 0,,,
Cable AC Server Synology RS1221+,R-1017,POW,,,,Good,1,owned,,,1000962,Cable AC Server Synology RS1221+,Origen: Rentman legacy inventory 2021-10-15; Código Rentman original: 1017; Carpeta Rentman: Power/Alimentadores AC/Asignados; Tipo carpeta Rentman: Equipos; Tipo item Rentman: Articulo; Tiene accesorios Rentman: 0,,,
Cable AC Cargador Batería Watson Quad,R-1018,POW,,,,Good,3,owned,,,1000963,Cable AC Cargador Batería Watson Quad,Origen: Rentman legacy inventory 2021-10-15; Código Rentman original: 1018; Carpeta Rentman: Power/Alimentadores AC/Asignados; Tipo carpeta Rentman: Equipos; Tipo item Rentman: Articulo; Tiene accesorios Rentman: 0,,,
Hook ProAim,R-1019,CAR,,,,Good,4,owned,,,1000964,Hook ProAim,Origen: Rentman legacy inventory 2021-10-15; Código Rentman original: 1019; Carpeta Rentman: Movilidad/Carros/Accesorios Carros; Tipo carpeta Rentman: Equipos; Tipo item Rentman: Articulo; Tiene accesorios Rentman: 0,,,
Barra Impact 5 Cabezas,R-1020,RIG,,,,Good,2,owned,,,1000965,Barra Impact 5 Cabezas,Origen: Rentman legacy inventory 2021-10-15; Código Rentman original: 1020; Carpeta Rentman: Gripería/Accesorios Gripería; Tipo carpeta Rentman: Equipos; Tipo item Rentman: Articulo; Tiene accesorios Rentman: 0,,,
Barra Avenger 5 Cabezas,R-1021,RIG,,,,Good,1,owned,,,1000966,Barra Avenger 5 Cabezas,Origen: Rentman legacy inventory 2021-10-15; Código Rentman original: 1021; Carpeta Rentman: Gripería/Accesorios Gripería; Tipo carpeta Rentman: Equipos; Tipo item Rentman: Articulo; Tiene accesorios Rentman: 0,,,
Cable Video BNC 1.5ft,R-1022,SIG,,,,Good,9,owned,,08 D,1000968,Cable Video BNC 1.5ft,Origen: Rentman legacy inventory 2021-10-15; Código Rentman original: 1022; Carpeta Rentman: Cables/Cables Video; Tipo carpeta Rentman: Equipos; Tipo item Rentman: Articulo; Tiene accesorios Rentman: 0,,,
Cable Video BNC 1.5ft (Skinny),R-1023,SIG,,,,Good,3,owned,,08 D,1000969,Cable Video BNC 1.5ft (Skinny),Origen: Rentman legacy inventory 2021-10-15; Código Rentman original: 1023; Carpeta Rentman: Cables/Cables Video; Tipo carpeta Rentman: Equipos; Tipo item Rentman: Articulo; Tiene accesorios Rentman: 0,,,
Cable Video BNC 2.5ft (Skinny),R-1024,SIG,,,,Good,13,owned,,08 D,1000970,Cable Video BNC 2.5ft (Skinny),Origen: Rentman legacy inventory 2021-10-15; Código Rentman original: 1024; Carpeta Rentman: Cables/Cables Video; Tipo carpeta Rentman: Equipos; Tipo item Rentman: Articulo; Tiene accesorios Rentman: 0,,,
Cable Video BNC 3ft (Skinny),R-1025,SIG,,,,Good,1,owned,,08 D,1000971,Cable Video BNC 3ft (Skinny),Origen: Rentman legacy inventory 2021-10-15; Código Rentman original: 1025; Carpeta Rentman: Cables/Cables Video; Tipo carpeta Rentman: Equipos; Tipo item Rentman: Articulo; Tiene accesorios Rentman: 0,,,
Cable Video BNC 3.5ft,R-1026,SIG,,,,Good,1,owned,,08 D,1000972,Cable Video BNC 3.5ft,Origen: Rentman legacy inventory 2021-10-15; Código Rentman original: 1026; Carpeta Rentman: Cables/Cables Video; Tipo carpeta Rentman: Equipos; Tipo item Rentman: Articulo; Tiene accesorios Rentman: 0,,,
Cable Video BNC 200ft,R-1027,SIG,,,,Good,1,owned,,03 A,1000973,Cable Video BNC 200ft,Origen: Rentman legacy inventory 2021-10-15; Código Rentman original: 1027; Carpeta Rentman: Cables/Cables Video; Tipo carpeta Rentman: Equipos; Tipo item Rentman: Articulo; Tiene accesorios Rentman: 0,,,
Cable Video HDMI 1.5ft,R-1028,SIG,,,,Good,5,owned,,08 D,1000974,Cable Video HDMI 1.5ft,Origen: Rentman legacy inventory 2021-10-15; Código Rentman original: 1028; Carpeta Rentman: Cables/Cables Video; Tipo carpeta Rentman: Equipos; Tipo item Rentman: Articulo; Tiene accesorios Rentman: 0,,,
Cable Video HDMI 1.5ft Tela,R-1029,SIG,,,,Good,2,owned,,08 D,1000975,Cable Video HDMI 1.5ft Tela,Origen: Rentman legacy inventory 2021-10-15; Código Rentman original: 1029; Carpeta Rentman: Cables/Cables Video; Tipo carpeta Rentman: Equipos; Tipo item Rentman: Articulo; Tiene accesorios Rentman: 0,,,
Cable Video HDMI 5ft,R-1030,SIG,,,,Good,1,owned,,08 D,1000976,Cable Video HDMI 5ft,Origen: Rentman legacy inventory 2021-10-15; Código Rentman original: 1030; Carpeta Rentman: Cables/Cables Video; Tipo carpeta Rentman: Equipos; Tipo item Rentman: Articulo; Tiene accesorios Rentman: 0,,,
Cable Video HDMI 2ft,R-1031,SIG,,,,Good,2,owned,,08 D,1000977,Cable Video HDMI 2ft,Origen: Rentman legacy inventory 2021-10-15; Código Rentman original: 1031; Carpeta Rentman: Cables/Cables Video; Tipo carpeta Rentman: Equipos; Tipo item Rentman: Articulo; Tiene accesorios Rentman: 0,,,
Cable Video HDMI 4K 6.5ft Tela,R-1032,SIG,,,,Good,2,owned,,07 E,1000978,Cable Video HDMI 4K 6.5ft Tela,Origen: Rentman legacy inventory 2021-10-15; Código Rentman original: 1032; Carpeta Rentman: Cables/Cables Video; Tipo carpeta Rentman: Equipos; Tipo item Rentman: Articulo; Tiene accesorios Rentman: 0,,,
Cable Video HDMI 10ft Tela,R-1033,SIG,,,,Good,3,owned,,07 E,1000979,Cable Video HDMI 10ft Tela,Origen: Rentman legacy inventory 2021-10-15; Código Rentman original: 1033; Carpeta Rentman: Cables/Cables Video; Tipo carpeta Rentman: Equipos; Tipo item Rentman: Articulo; Tiene accesorios Rentman: 0,,,
Cable Video HDMI 6ft,R-1034,SIG,,,,Good,2,owned,,08 D,1000980,Cable Video HDMI 6ft,Origen: Rentman legacy inventory 2021-10-15; Código Rentman original: 1034; Carpeta Rentman: Cables/Cables Video; Tipo carpeta Rentman: Equipos; Tipo item Rentman: Articulo; Tiene accesorios Rentman: 0,,,
Cable Video HDMI to Micro 6.5ft,R-1035,SIG,,,,Good,1,owned,,08 D,1000981,Cable Video HDMI to Micro 6.5ft,Origen: Rentman legacy inventory 2021-10-15; Código Rentman original: 1035; Carpeta Rentman: Cables/Cables Video; Tipo carpeta Rentman: Equipos; Tipo item Rentman: Articulo; Tiene accesorios Rentman: 0,,,
Cable Video HDMI to Micro 6ft,R-1036,SIG,,,,Good,1,owned,,08 D,1000982,Cable Video HDMI to Micro 6ft,Origen: Rentman legacy inventory 2021-10-15; Código Rentman original: 1036; Carpeta Rentman: Cables/Cables Video; Tipo carpeta Rentman: Equipos; Tipo item Rentman: Articulo; Tiene accesorios Rentman: 0,,,
Cable Video HDMI Mini to Micro 3ft,R-1037,SIG,,,,Good,1,owned,,08 D,1000983,Cable Video HDMI Mini to Micro 3ft,Origen: Rentman legacy inventory 2021-10-15; Código Rentman original: 1037; Carpeta Rentman: Cables/Cables Video; Tipo carpeta Rentman: Equipos; Tipo item Rentman: Articulo; Tiene accesorios Rentman: 0,,,
Cable Video HDMI to Mini 6ft,R-1038,SIG,,,,Good,2,owned,,08 D,1000984,Cable Video HDMI to Mini 6ft,Origen: Rentman legacy inventory 2021-10-15; Código Rentman original: 1038; Carpeta Rentman: Cables/Cables Video; Tipo carpeta Rentman: Equipos; Tipo item Rentman: Articulo; Tiene accesorios Rentman: 0,,,
Codo HDMI Male to Female,R-1039,SIG,,,,Good,7,owned,,,1000985,Codo HDMI Male to Female,Origen: Rentman legacy inventory 2021-10-15; Código Rentman original: 1039; Carpeta Rentman: Accesorios/Accesorios Video; Tipo carpeta Rentman: Equipos; Tipo item Rentman: Articulo; Tiene accesorios Rentman: 0,,,
Adaptador HDMI to Micro,R-1040,SIG,,,,Good,1,owned,,,1000986,Adaptador HDMI to Micro,Origen: Rentman legacy inventory 2021-10-15; Código Rentman original: 1040; Carpeta Rentman: Accesorios/Accesorios Video; Tipo carpeta Rentman: Equipos; Tipo item Rentman: Articulo; Tiene accesorios Rentman: 0,,,
Codo HDMI Female to Female,R-1041,SIG,,,,Good,2,owned,,,1000987,Codo HDMI Female to Female,Origen: Rentman legacy inventory 2021-10-15; Código Rentman original: 1041; Carpeta Rentman: Accesorios/Accesorios Video; Tipo carpeta Rentman: Equipos; Tipo item Rentman: Articulo; Tiene accesorios Rentman: 0,,,
Adaptador HDMI Female to Male,R-1042,SIG,,,,Good,2,owned,,,1000988,Adaptador HDMI Female to Male,Origen: Rentman legacy inventory 2021-10-15; Código Rentman original: 1042; Carpeta Rentman: Accesorios/Accesorios Video; Tipo carpeta Rentman: Equipos; Tipo item Rentman: Articulo; Tiene accesorios Rentman: 0,,,
Cable Video HDMI 25ft,R-1043,SIG,,,,Good,2,owned,,07 E,1000989,Cable Video HDMI 25ft,Origen: Rentman legacy inventory 2021-10-15; Código Rentman original: 1043; Carpeta Rentman: Cables/Cables Video; Tipo carpeta Rentman: Equipos; Tipo item Rentman: Articulo; Tiene accesorios Rentman: 0,,,
Cable Video DisplayPort 6ft,R-1044,SIG,,,,Good,2,owned,,08 D,1000990,Cable Video DisplayPort 6ft,Origen: Rentman legacy inventory 2021-10-15; Código Rentman original: 1044; Carpeta Rentman: Cables/Cables Video; Tipo carpeta Rentman: Equipos; Tipo item Rentman: Articulo; Tiene accesorios Rentman: 0,,,
Cable Video DisplayPort to USB-C 6ft,R-1045,SIG,,,,Good,1,owned,,08 D,1000991,Cable Video DisplayPort to USB-C 6ft,Origen: Rentman legacy inventory 2021-10-15; Código Rentman original: 1045; Carpeta Rentman: Cables/Cables Video; Tipo carpeta Rentman: Equipos; Tipo item Rentman: Articulo; Tiene accesorios Rentman: 0,,,
"Cable Data USB2 - Lightning 9.5"" Tela",R-1046,DAC,,,,Good,4,owned,,08 E,1000992,"Cable Data USB2 - Lightning 9.5"" Tela",Origen: Rentman legacy inventory 2021-10-15; Código Rentman original: 1046; Carpeta Rentman: Cables/Cables Data; Tipo carpeta Rentman: Equipos; Tipo item Rentman: Articulo; Tiene accesorios Rentman: 0,,,
"Cable Data USB3 - USBC 10gb 5.5""",R-1047,DAC,,,,Good,3,owned,,08 E,1000993,"Cable Data USB3 - USBC 10gb 5.5""",Origen: Rentman legacy inventory 2021-10-15; Código Rentman original: 1047; Carpeta Rentman: Cables/Cables Data; Tipo carpeta Rentman: Equipos; Tipo item Rentman: Articulo; Tiene accesorios Rentman: 0,,,
"Cable Data USBC 10Gb 5.5""",R-1048,DAC,,,,Good,3,owned,,08 E,1000994,"Cable Data USBC 10Gb 5.5""",Origen: Rentman legacy inventory 2021-10-15; Código Rentman original: 1048; Carpeta Rentman: Cables/Cables Data; Tipo carpeta Rentman: Equipos; Tipo item Rentman: Articulo; Tiene accesorios Rentman: 0,,,
"Cable Data USB2 - USBC 9.5""",R-1049,DAC,,,,Good,1,owned,,08 E,1000995,"Cable Data USB2 - USBC 9.5""",Origen: Rentman legacy inventory 2021-10-15; Código Rentman original: 1049; Carpeta Rentman: Cables/Cables Data; Tipo carpeta Rentman: Equipos; Tipo item Rentman: Articulo; Tiene accesorios Rentman: 0,,,
Cable Data USB3 - USBC 1.5ft,R-1050,DAC,,,,Good,5,owned,,08 E,1000996,Cable Data USB3 - USBC 1.5ft,Origen: Rentman legacy inventory 2021-10-15; Código Rentman original: 1050; Carpeta Rentman: Cables/Cables Data; Tipo carpeta Rentman: Equipos; Tipo item Rentman: Articulo; Tiene accesorios Rentman: 0,,,
Cable Data USBC 10Gb 1.5ft,R-1051,DAC,,,,Good,7,owned,,08 E,1000997,Cable Data USBC 10Gb 1.5ft,Origen: Rentman legacy inventory 2021-10-15; Código Rentman original: 1051; Carpeta Rentman: Cables/Cables Data; Tipo carpeta Rentman: Equipos; Tipo item Rentman: Articulo; Tiene accesorios Rentman: 0,,,
Cable Data USBC 2ft,R-1052,DAC,,,,Good,1,owned,,08 E,1000998,Cable Data USBC 2ft,Origen: Rentman legacy inventory 2021-10-15; Código Rentman original: 1052; Carpeta Rentman: Cables/Cables Data; Tipo carpeta Rentman: Equipos; Tipo item Rentman: Articulo; Tiene accesorios Rentman: 0,,,
Cable Data USB2 - USBC 3ft,R-1053,DAC,,,,Good,3,owned,,08 E,1000999,Cable Data USB2 - USBC 3ft,Origen: Rentman legacy inventory 2021-10-15; Código Rentman original: 1053; Carpeta Rentman: Cables/Cables Data; Tipo carpeta Rentman: Equipos; Tipo item Rentman: Articulo; Tiene accesorios Rentman: 0,,,
Cable Data USB3 - USBC 3ft,R-1054,DAC,,,,Good,7,owned,,08 E,1001000,Cable Data USB3 - USBC 3ft,Origen: Rentman legacy inventory 2021-10-15; Código Rentman original: 1054; Carpeta Rentman: Cables/Cables Data; Tipo carpeta Rentman: Equipos; Tipo item Rentman: Articulo; Tiene accesorios Rentman: 0,,,
Cable Data USB3 - USB3 Micro 1.5ft,R-1055,DAC,,,,Good,15,owned,,08 E,1001001,Cable Data USB3 - USB3 Micro 1.5ft,Origen: Rentman legacy inventory 2021-10-15; Código Rentman original: 1055; Carpeta Rentman: Cables/Cables Data; Tipo carpeta Rentman: Equipos; Tipo item Rentman: Articulo; Tiene accesorios Rentman: 0,,,
Cable Data USB3 - USB3 Micro 2ft,R-1056,DAC,,,,Good,3,owned,,08 E,1001002,Cable Data USB3 - USB3 Micro 2ft,Origen: Rentman legacy inventory 2021-10-15; Código Rentman original: 1056; Carpeta Rentman: Cables/Cables Data; Tipo carpeta Rentman: Equipos; Tipo item Rentman: Articulo; Tiene accesorios Rentman: 0,,,
Cable Data USB3 - USB3 Micro 3.5ft,R-1057,DAC,,,,Good,3,owned,,08 E,1001003,Cable Data USB3 - USB3 Micro 3.5ft,Origen: Rentman legacy inventory 2021-10-15; Código Rentman original: 1057; Carpeta Rentman: Cables/Cables Data; Tipo carpeta Rentman: Equipos; Tipo item Rentman: Articulo; Tiene accesorios Rentman: 0,,,
Cable Data USB3 - USB3 Micro 3ft,R-1058,DAC,,,,Good,3,owned,,08 E,1001004,Cable Data USB3 - USB3 Micro 3ft,Origen: Rentman legacy inventory 2021-10-15; Código Rentman original: 1058; Carpeta Rentman: Cables/Cables Data; Tipo carpeta Rentman: Equipos; Tipo item Rentman: Articulo; Tiene accesorios Rentman: 0,,,
Cable Data USB3 - USB3 (B) 6ft,R-1059,DAC,,,,Good,4,owned,,08 E,1001005,Cable Data USB3 - USB3 (B) 6ft,Origen: Rentman legacy inventory 2021-10-15; Código Rentman original: 1059; Carpeta Rentman: Cables/Cables Data; Tipo carpeta Rentman: Equipos; Tipo item Rentman: Articulo; Tiene accesorios Rentman: 0,,,
Cable Data USB3 - USB3 Micro 6ft,R-1060,DAC,,,,Good,1,owned,,08 E,1001006,Cable Data USB3 - USB3 Micro 6ft,Origen: Rentman legacy inventory 2021-10-15; Código Rentman original: 1060; Carpeta Rentman: Cables/Cables Data; Tipo carpeta Rentman: Equipos; Tipo item Rentman: Articulo; Tiene accesorios Rentman: 0,,,
Cable Data USB3 - USB3 (B) 3ft,R-1061,DAC,,,,Good,8,owned,,08 E,1001007,Cable Data USB3 - USB3 (B) 3ft,Origen: Rentman legacy inventory 2021-10-15; Código Rentman original: 1061; Carpeta Rentman: Cables/Cables Data; Tipo carpeta Rentman: Equipos; Tipo item Rentman: Articulo; Tiene accesorios Rentman: 0,,,
Cable Video HDMI 4K 25ft Tela,R-1062,SIG,,,,Good,1,owned,,07 E,1001008,Cable Video HDMI 4K 25ft Tela,Origen: Rentman legacy inventory 2021-10-15; Código Rentman original: 1062; Carpeta Rentman: Cables/Cables Video; Tipo carpeta Rentman: Equipos; Tipo item Rentman: Articulo; Tiene accesorios Rentman: 0,,,
"Cable Data USB2 - USB2 Micro 10""",R-1063,DAC,,,,Good,6,owned,,08 E,1001009,"Cable Data USB2 - USB2 Micro 10""",Origen: Rentman legacy inventory 2021-10-15; Código Rentman original: 1063; Carpeta Rentman: Cables/Cables Data; Tipo carpeta Rentman: Equipos; Tipo item Rentman: Articulo; Tiene accesorios Rentman: 0,,,
Cable Data USB2 - USB2 Mini 1.5ft,R-1064,DAC,,,,Good,3,owned,,08 E,1001010,Cable Data USB2 - USB2 Mini 1.5ft,Origen: Rentman legacy inventory 2021-10-15; Código Rentman original: 1064; Carpeta Rentman: Cables/Cables Data; Tipo carpeta Rentman: Equipos; Tipo item Rentman: Articulo; Tiene accesorios Rentman: 0,,,
Cable Data USB2 - USB2 Micro 2ft,R-1065,DAC,,,,Good,4,owned,,08 E,1001011,Cable Data USB2 - USB2 Micro 2ft,Origen: Rentman legacy inventory 2021-10-15; Código Rentman original: 1065; Carpeta Rentman: Cables/Cables Data; Tipo carpeta Rentman: Equipos; Tipo item Rentman: Articulo; Tiene accesorios Rentman: 0,,,
Cable Data USB2 - USB2 Mini 2.5ft,R-1066,DAC,,,,Good,1,owned,,08 E,1001012,Cable Data USB2 - USB2 Mini 2.5ft,Origen: Rentman legacy inventory 2021-10-15; Código Rentman original: 1066; Carpeta Rentman: Cables/Cables Data; Tipo carpeta Rentman: Equipos; Tipo item Rentman: Articulo; Tiene accesorios Rentman: 0,,,
Cable Data USB2 - USB2 (B) 6ft,R-1067,DAC,,,,Good,6,owned,,08 E,1001013,Cable Data USB2 - USB2 (B) 6ft,Origen: Rentman legacy inventory 2021-10-15; Código Rentman original: 1067; Carpeta Rentman: Cables/Cables Data; Tipo carpeta Rentman: Equipos; Tipo item Rentman: Articulo; Tiene accesorios Rentman: 0,,,
Cable Data USB2 - USB2 Mini 3ft,R-1068,DAC,,,,Good,2,owned,,08 E,1001014,Cable Data USB2 - USB2 Mini 3ft,Origen: Rentman legacy inventory 2021-10-15; Código Rentman original: 1068; Carpeta Rentman: Cables/Cables Data; Tipo carpeta Rentman: Equipos; Tipo item Rentman: Articulo; Tiene accesorios Rentman: 0,,,
Cable Data USB2 - USB2 (B) 3.5ft,R-1069,DAC,,,,Good,2,owned,,08 E,1001015,Cable Data USB2 - USB2 (B) 3.5ft,Origen: Rentman legacy inventory 2021-10-15; Código Rentman original: 1069; Carpeta Rentman: Cables/Cables Data; Tipo carpeta Rentman: Equipos; Tipo item Rentman: Articulo; Tiene accesorios Rentman: 0,,,
Cable Data USB2 - USB2 Mini 5ft,R-1070,DAC,,,,Good,3,owned,,08 E,1001016,Cable Data USB2 - USB2 Mini 5ft,Origen: Rentman legacy inventory 2021-10-15; Código Rentman original: 1070; Carpeta Rentman: Cables/Cables Data; Tipo carpeta Rentman: Equipos; Tipo item Rentman: Articulo; Tiene accesorios Rentman: 0,,,
Cable Data USB2 - USB2 Female 3ft,R-1071,DAC,,,,Good,1,owned,,08 E,1001017,Cable Data USB2 - USB2 Female 3ft,Origen: Rentman legacy inventory 2021-10-15; Código Rentman original: 1071; Carpeta Rentman: Cables/Cables Data; Tipo carpeta Rentman: Equipos; Tipo item Rentman: Articulo; Tiene accesorios Rentman: 0,,,
Cable Data Thunberbolt 2 6.5ft,R-1072,DAC,,,,Good,3,owned,,08 E,1001018,Cable Data Thunberbolt 2 6.5ft,Origen: Rentman legacy inventory 2021-10-15; Código Rentman original: 1072; Carpeta Rentman: Cables/Cables Data; Tipo carpeta Rentman: Equipos; Tipo item Rentman: Articulo; Tiene accesorios Rentman: 0,,,
Cable Data Thunderbolt 2 1.5ft,R-1073,DAC,,,,Good,7,owned,,08 E,1001019,Cable Data Thunderbolt 2 1.5ft,Origen: Rentman legacy inventory 2021-10-15; Código Rentman original: 1073; Carpeta Rentman: Cables/Cables Data; Tipo carpeta Rentman: Equipos; Tipo item Rentman: Articulo; Tiene accesorios Rentman: 0,,,
Cable Data Thunderbolt 3 2ft,R-1074,DAC,,,,Good,9,owned,,08 E,1001020,Cable Data Thunderbolt 3 2ft,Origen: Rentman legacy inventory 2021-10-15; Código Rentman original: 1074; Carpeta Rentman: Cables/Cables Data; Tipo carpeta Rentman: Equipos; Tipo item Rentman: Articulo; Tiene accesorios Rentman: 0,,,
Cable Audio XLR 100ft,R-1075,SOUND,,,,Good,2,owned,,04 A,1001021,Cable Audio XLR 100ft,Origen: Rentman legacy inventory 2021-10-15; Código Rentman original: 1075; Carpeta Rentman: Cables/Cables Audio; Tipo carpeta Rentman: Equipos; Tipo item Rentman: Articulo; Tiene accesorios Rentman: 0,,,
"Adaptador Audio XLR - 1/4"" 1ft",R-1076,SOUND,,,,Good,2,owned,,,1001022,"Adaptador Audio XLR - 1/4"" 1ft",Origen: Rentman legacy inventory 2021-10-15; Código Rentman original: 1076; Carpeta Rentman: Accesorios/Accesorios Audio; Tipo carpeta Rentman: Equipos; Tipo item Rentman: Articulo; Tiene accesorios Rentman: 0,,,
Cable Audio Splitter XLR Fe / Ma 1.5ft,R-1077,SOUND,,,,Good,2,owned,,08 E,1001023,Cable Audio Splitter XLR Fe / Ma 1.5ft,Origen: Rentman legacy inventory 2021-10-15; Código Rentman original: 1077; Carpeta Rentman: Cables/Cables Audio; Tipo carpeta Rentman: Equipos; Tipo item Rentman: Articulo; Tiene accesorios Rentman: 0,,,
Cable Audio Fe / Ma 2ft,R-1078,SOUND,,,,Good,2,owned,,08 E,1001024,Cable Audio Fe / Ma 2ft,Origen: Rentman legacy inventory 2021-10-15; Código Rentman original: 1078; Carpeta Rentman: Cables/Cables Audio; Tipo carpeta Rentman: Equipos; Tipo item Rentman: Articulo; Tiene accesorios Rentman: 0,,,
Adaptador Audio XLR Fe to MiniJack 1ft,R-1079,SOUND,,,,Good,1,owned,,,1001025,Adaptador Audio XLR Fe to MiniJack 1ft,Origen: Rentman legacy inventory 2021-10-15; Código Rentman original: 1079; Carpeta Rentman: Accesorios/Accesorios Audio; Tipo carpeta Rentman: Equipos; Tipo item Rentman: Articulo; Tiene accesorios Rentman: 0,,,
Cable Audio XLR Fe/Ma 1ft,R-1080,SOUND,,,,Good,2,owned,,04 A,1001026,Cable Audio XLR Fe/Ma 1ft,Origen: Rentman legacy inventory 2021-10-15; Código Rentman original: 1080; Carpeta Rentman: Cables/Cables Audio; Tipo carpeta Rentman: Equipos; Tipo item Rentman: Articulo; Tiene accesorios Rentman: 0,,,
Adaptador Audio XLR Fe - MiniJack 2ft,R-1081,SOUND,,,,Good,2,owned,,,1001027,Adaptador Audio XLR Fe - MiniJack 2ft,Origen: Rentman legacy inventory 2021-10-15; Código Rentman original: 1081; Carpeta Rentman: Accesorios/Accesorios Audio; Tipo carpeta Rentman: Equipos; Tipo item Rentman: Articulo; Tiene accesorios Rentman: 0,,,
Cable Audio MiniJack Tela 1.5ft,R-1082,SOUND,,,,Good,2,owned,,08 E,1001028,Cable Audio MiniJack Tela 1.5ft,Origen: Rentman legacy inventory 2021-10-15; Código Rentman original: 1082; Carpeta Rentman: Cables/Cables Audio; Tipo carpeta Rentman: Equipos; Tipo item Rentman: Articulo; Tiene accesorios Rentman: 0,,,
Cable Audio MiniJack Tela 3ft,R-1083,SOUND,,,,Good,2,owned,,08 E,1001029,Cable Audio MiniJack Tela 3ft,Origen: Rentman legacy inventory 2021-10-15; Código Rentman original: 1083; Carpeta Rentman: Cables/Cables Audio; Tipo carpeta Rentman: Equipos; Tipo item Rentman: Articulo; Tiene accesorios Rentman: 0,,,
Cable Audio MiniJack 5ft,R-1084,SOUND,,,,Good,3,owned,,04 A,1001030,Cable Audio MiniJack 5ft,Origen: Rentman legacy inventory 2021-10-15; Código Rentman original: 1084; Carpeta Rentman: Cables/Cables Audio; Tipo carpeta Rentman: Equipos; Tipo item Rentman: Articulo; Tiene accesorios Rentman: 0,,,
"Adaptador Audio Splitter MiniJack 9""",R-1085,SOUND,,,,Good,1,owned,,,1001031,"Adaptador Audio Splitter MiniJack 9""",Origen: Rentman legacy inventory 2021-10-15; Código Rentman original: 1085; Carpeta Rentman: Accesorios/Accesorios Audio; Tipo carpeta Rentman: Equipos; Tipo item Rentman: Articulo; Tiene accesorios Rentman: 0,,,
Cable Audio MiniJack / RCA 5ft,R-1086,SOUND,,,,Good,1,owned,,04 A,1001032,Cable Audio MiniJack / RCA 5ft,Origen: Rentman legacy inventory 2021-10-15; Código Rentman original: 1086; Carpeta Rentman: Cables/Cables Audio; Tipo carpeta Rentman: Equipos; Tipo item Rentman: Articulo; Tiene accesorios Rentman: 0,,,
Adaptador Audio MiniJack / TRS,R-1087,SOUND,,,,Good,2,owned,,,1001033,Adaptador Audio MiniJack / TRS,Origen: Rentman legacy inventory 2021-10-15; Código Rentman original: 1087; Carpeta Rentman: Accesorios/Accesorios Audio; Tipo carpeta Rentman: Equipos; Tipo item Rentman: Articulo; Tiene accesorios Rentman: 0,,,
Adaptador Audio MiniJack / USBC 1ft,R-1088,SOUND,,,,Good,1,owned,,,1001034,Adaptador Audio MiniJack / USBC 1ft,Origen: Rentman legacy inventory 2021-10-15; Código Rentman original: 1088; Carpeta Rentman: Accesorios/Accesorios Audio; Tipo carpeta Rentman: Equipos; Tipo item Rentman: Articulo; Tiene accesorios Rentman: 0,,,
Adaptador Audio MiniJack,R-1089,SOUND,,,,Good,1,owned,,,1001035,Adaptador Audio MiniJack,Origen: Rentman legacy inventory 2021-10-15; Código Rentman original: 1089; Carpeta Rentman: Accesorios/Accesorios Audio; Tipo carpeta Rentman: Equipos; Tipo item Rentman: Articulo; Tiene accesorios Rentman: 0,,,
Cable Network Cat 6 3ft,R-1090,NEC,,,,Good,6,owned,,07 E,1001036,Cable Network Cat 6 3ft,Origen: Rentman legacy inventory 2021-10-15; Código Rentman original: 1090; Carpeta Rentman: Cables/Cables Network; Tipo carpeta Rentman: Equipos; Tipo item Rentman: Articulo; Tiene accesorios Rentman: 0,,,
Cable Network Cat 6 1ft,R-1091,NEC,,,,Good,2,owned,,07 E,1001037,Cable Network Cat 6 1ft,Origen: Rentman legacy inventory 2021-10-15; Código Rentman original: 1091; Carpeta Rentman: Cables/Cables Network; Tipo carpeta Rentman: Equipos; Tipo item Rentman: Articulo; Tiene accesorios Rentman: 0,,,
Cable Network - USB2 3ft,R-1092,NEC,,,,Good,1,owned,,07 E,1001038,Cable Network - USB2 3ft,Origen: Rentman legacy inventory 2021-10-15; Código Rentman original: 1092; Carpeta Rentman: Cables/Cables Network; Tipo carpeta Rentman: Equipos; Tipo item Rentman: Articulo; Tiene accesorios Rentman: 0,,,
Cable Network Cat 6 10ft,R-1093,NEC,,,,Good,1,owned,,07 E,1001039,Cable Network Cat 6 10ft,Origen: Rentman legacy inventory 2021-10-15; Código Rentman original: 1093; Carpeta Rentman: Cables/Cables Network; Tipo carpeta Rentman: Equipos; Tipo item Rentman: Articulo; Tiene accesorios Rentman: 0,,,
Cable Network Cat 7 Tela 25ft,R-1094,NEC,,,,Good,2,owned,,04 A,1001040,Cable Network Cat 7 Tela 25ft,Origen: Rentman legacy inventory 2021-10-15; Código Rentman original: 1094; Carpeta Rentman: Cables/Cables Network; Tipo carpeta Rentman: Equipos; Tipo item Rentman: Articulo; Tiene accesorios Rentman: 0,,,
Cable Network Cat 6 25ft,R-1095,NEC,,,,Good,3,owned,,04 A,1001041,Cable Network Cat 6 25ft,Origen: Rentman legacy inventory 2021-10-15; Código Rentman original: 1095; Carpeta Rentman: Cables/Cables Network; Tipo carpeta Rentman: Equipos; Tipo item Rentman: Articulo; Tiene accesorios Rentman: 0,,,
Cable Network Cat 5E 50ft,R-1096,NEC,,,,Good,1,owned,,04 A,1001042,Cable Network Cat 5E 50ft,Origen: Rentman legacy inventory 2021-10-15; Código Rentman original: 1096; Carpeta Rentman: Cables/Cables Network; Tipo carpeta Rentman: Equipos; Tipo item Rentman: Articulo; Tiene accesorios Rentman: 0,,,
Color Chart Datacolor SpyderCheckr 24,R-1097,ACC,,,,Good,1,owned,,,1001043,Color Chart Datacolor SpyderCheckr 24,Origen: Rentman legacy inventory 2021-10-15; Código Rentman original: 1097; Carpeta Rentman: Accesorios/Accesorios Color; Tipo carpeta Rentman: Equipos; Tipo item Rentman: Articulo; Tiene accesorios Rentman: 0,,,
Codo BNC Female - Female,R-1098,SIG,,,,Good,18,owned,,,1001045,Codo BNC Female - Female,Origen: Rentman legacy inventory 2021-10-15; Código Rentman original: 1098; Carpeta Rentman: Accesorios/Accesorios Video; Tipo carpeta Rentman: Equipos; Tipo item Rentman: Articulo; Tiene accesorios Rentman: 0,,,
Rack Color Connector Frames,R-1099,SIG,,,,Good,12,owned,,,1001046,Rack Color Connector Frames,Origen: Rentman legacy inventory 2021-10-15; Código Rentman original: 1099; Carpeta Rentman: Accesorios/Accesorios Video; Tipo carpeta Rentman: Equipos; Tipo item Rentman: Articulo; Tiene accesorios Rentman: 0,,,
Connector Round Cap,R-1100,SIG,,,,Good,43,owned,,,1001047,Connector Round Cap,Origen: Rentman legacy inventory 2021-10-15; Código Rentman original: 1100; Carpeta Rentman: Accesorios/Accesorios Video; Tipo carpeta Rentman: Equipos; Tipo item Rentman: Articulo; Tiene accesorios Rentman: 0,,,
Rack Connector XLR Male,R-1101,SOUND,,,,Good,2,owned,,,1001048,Rack Connector XLR Male,Origen: Rentman legacy inventory 2021-10-15; Código Rentman original: 1101; Carpeta Rentman: Accesorios/Accesorios Audio; Tipo carpeta Rentman: Equipos; Tipo item Rentman: Articulo; Tiene accesorios Rentman: 0,,,
Rack Connector XLR Female,R-1102,SOUND,,,,Good,2,owned,,,1001049,Rack Connector XLR Female,Origen: Rentman legacy inventory 2021-10-15; Código Rentman original: 1102; Carpeta Rentman: Accesorios/Accesorios Audio; Tipo carpeta Rentman: Equipos; Tipo item Rentman: Articulo; Tiene accesorios Rentman: 0,,,
Full Case AJA Splitter HDTV 02,R-1103,CAS,,,AJASPLTC02,Good,1,owned,,06 B,1001051,Full Case AJA Splitter HDTV 02,Origen: Rentman legacy inventory 2021-10-15; Código Rentman original: 1103; Carpeta Rentman: Full Cases/Kits; Tipo carpeta Rentman: Equipos; Tipo item Rentman: case; Tiene accesorios Rentman: 0,,,
Power AC AJA D-Tap,R-1104,POW,,,,Good,2,owned,,,1001053,Power AC AJA D-Tap,Origen: Rentman legacy inventory 2021-10-15; Código Rentman original: 1104; Carpeta Rentman: Power/Alimentadores AC/Asignados; Tipo carpeta Rentman: Equipos; Tipo item Rentman: Articulo; Tiene accesorios Rentman: 0,,,
Cable Data Thunderbolt 2 3ft,R-1105,DAC,,,,Good,12,owned,,08 E,1001054,Cable Data Thunderbolt 2 3ft,Origen: Rentman legacy inventory 2021-10-15; Código Rentman original: 1105; Carpeta Rentman: Cables/Cables Data; Tipo carpeta Rentman: Equipos; Tipo item Rentman: Articulo; Tiene accesorios Rentman: 0,,,
Case Pelican 1300 (Black),R-1106,CAS,,,,Good,3,owned,,,1001056,Case Pelican 1300 (Black),Origen: Rentman legacy inventory 2021-10-15; Código Rentman original: 1106; Carpeta Rentman: Maletas/Cases/Bultos/Cases; Tipo carpeta Rentman: Equipos; Tipo item Rentman: Articulo; Tiene accesorios Rentman: 0,,,
Power AC Switch TP-Link 8Port,R-1107,POW,,,,Good,1,owned,,,1001057,Power AC Switch TP-Link 8Port,Origen: Rentman legacy inventory 2021-10-15; Código Rentman original: 1107; Carpeta Rentman: Power/Alimentadores AC/Asignados; Tipo carpeta Rentman: Equipos; Tipo item Rentman: Articulo; Tiene accesorios Rentman: 0,,,
Cable AC BM Smart VideoHub 12x12,R-1108,POW,,,,Good,1,owned,,,1001059,Cable AC BM Smart VideoHub 12x12,Origen: Rentman legacy inventory 2021-10-15; Código Rentman original: 1108; Carpeta Rentman: Power/Alimentadores AC/Asignados; Tipo carpeta Rentman: Equipos; Tipo item Rentman: Articulo; Tiene accesorios Rentman: 0,,,
Power AC 2-Pin AJA HD/SD Sync Gen,R-1109,ACC,,,,Good,1,owned,,,1001060,Power AC 2-Pin AJA HD/SD Sync Gen,Origen: Rentman legacy inventory 2021-10-15; Código Rentman original: 1109; Carpeta Rentman: Gastables; Tipo carpeta Rentman: Equipos; Tipo item Rentman: Articulo; Tiene accesorios Rentman: 0,,,
Cable Video DisplayPort - Thunderbolt 2 6ft,R-1110,SIG,,,,Good,1,owned,,08 D,1001061,Cable Video DisplayPort - Thunderbolt 2 6ft,Origen: Rentman legacy inventory 2021-10-15; Código Rentman original: 1110; Carpeta Rentman: Cables/Cables Video; Tipo carpeta Rentman: Equipos; Tipo item Rentman: Articulo; Tiene accesorios Rentman: 0,,,
Cable Audio XLR Fe/Ma 3ft,R-1111,ACC,,,,Good,1,owned,,,1001062,Cable Audio XLR Fe/Ma 3ft,Origen: Rentman legacy inventory 2021-10-15; Código Rentman original: 1111; Carpeta Rentman: Gastables; Tipo carpeta Rentman: Equipos; Tipo item Rentman: Articulo; Tiene accesorios Rentman: 0,,,
Carro ProAim Victor Medium,R-1112,CAR,,,,Good,1,owned,,,1001063,Carro ProAim Victor Medium,Origen: Rentman legacy inventory 2021-10-15; Código Rentman original: 1112; Carpeta Rentman: Movilidad/Carros; Tipo carpeta Rentman: Equipos; Tipo item Rentman: Articulo; Tiene accesorios Rentman: 0,,,
Cable AC Batería Watson Dual,R-1113,ACC,,,,Good,2,owned,,,1001064,Cable AC Batería Watson Dual,Origen: Rentman legacy inventory 2021-10-15; Código Rentman original: 1113; Carpeta Rentman: Gastables; Tipo carpeta Rentman: Equipos; Tipo item Rentman: Articulo; Tiene accesorios Rentman: 0,,,
Power AC Router Maxell Rabbit,R-1114,POW,,,,Good,1,owned,,,1001065,Power AC Router Maxell Rabbit,Origen: Rentman legacy inventory 2021-10-15; Código Rentman original: 1114; Carpeta Rentman: Power/Alimentadores AC/Asignados; Tipo carpeta Rentman: Equipos; Tipo item Rentman: Articulo; Tiene accesorios Rentman: 0,,,
Power AC Serv Pro D-Tap 2-Pin Lemo,R-1115,ACC,,,,Good,2,owned,,,1001066,Power AC Serv Pro D-Tap 2-Pin Lemo,Origen: Rentman legacy inventory 2021-10-15; Código Rentman original: 1115; Carpeta Rentman: Wireless Systems; Tipo carpeta Rentman: Equipos; Tipo item Rentman: Articulo; Tiene accesorios Rentman: 0,,,
UPS CyberPower 1000,R-1116,POW,,,,Good,1,owned,,,1001067,UPS CyberPower 1000,Origen: Rentman legacy inventory 2021-10-15; Código Rentman original: 1116; Carpeta Rentman: Power/UPS; Tipo carpeta Rentman: Equipos; Tipo item Rentman: Articulo; Tiene accesorios Rentman: 0,,,
Cable Tester CT-20,R-1117,TOOL,,,,Good,1,owned,,,1001069,Cable Tester CT-20,Origen: Rentman legacy inventory 2021-10-15; Código Rentman original: 1117; Carpeta Rentman: Accesorios/Herramientas; Tipo carpeta Rentman: Equipos; Tipo item Rentman: Articulo; Tiene accesorios Rentman: 0,,,
Cable Data USB2 - Lightning 3.5ft,R-1118,DAC,,,,Good,3,owned,,08 E,1001070,Cable Data USB2 - Lightning 3.5ft,Origen: Rentman legacy inventory 2021-10-15; Código Rentman original: 1118; Carpeta Rentman: Cables/Cables Data; Tipo carpeta Rentman: Equipos; Tipo item Rentman: Articulo; Tiene accesorios Rentman: 0,,,
Cable Data USB2 - USB2 (B) 5ft,R-1119,DAC,,,,Good,2,owned,,08 E,1001071,Cable Data USB2 - USB2 (B) 5ft,Origen: Rentman legacy inventory 2021-10-15; Código Rentman original: 1119; Carpeta Rentman: Cables/Cables Data; Tipo carpeta Rentman: Equipos; Tipo item Rentman: Articulo; Tiene accesorios Rentman: 0,,,
Cable Data USB2 - USB2 (B) 6ft,R-1120,DAC,,,,Good,1,owned,,08 E,1001072,Cable Data USB2 - USB2 (B) 6ft,Origen: Rentman legacy inventory 2021-10-15; Código Rentman original: 1120; Carpeta Rentman: Cables/Cables Data; Tipo carpeta Rentman: Equipos; Tipo item Rentman: Articulo; Tiene accesorios Rentman: 0,,,
Cable Data USB3 Micro - USBC 1.5ft,R-1121,DAC,,,,Good,2,owned,,08 E,1001073,Cable Data USB3 Micro - USBC 1.5ft,Origen: Rentman legacy inventory 2021-10-15; Código Rentman original: 1121; Carpeta Rentman: Cables/Cables Data; Tipo carpeta Rentman: Equipos; Tipo item Rentman: Articulo; Tiene accesorios Rentman: 0,,,
Cable Data Thunderbolt 3 3ft,R-1122,DAC,,,,Good,3,owned,,08 E,1001074,Cable Data Thunderbolt 3 3ft,Origen: Rentman legacy inventory 2021-10-15; Código Rentman original: 1122; Carpeta Rentman: Cables/Cables Data; Tipo carpeta Rentman: Equipos; Tipo item Rentman: Articulo; Tiene accesorios Rentman: 0,,,
Cable Data Thunderbolt 3 1.5ft,R-1123,DAC,,,,Good,4,owned,,08 E,1001075,Cable Data Thunderbolt 3 1.5ft,Origen: Rentman legacy inventory 2021-10-15; Código Rentman original: 1123; Carpeta Rentman: Cables/Cables Data; Tipo carpeta Rentman: Equipos; Tipo item Rentman: Articulo; Tiene accesorios Rentman: 0,,,
Cable Data Thunderbolt 3 6.5ft,R-1124,DAC,,,,Good,3,owned,,08 E,1001076,Cable Data Thunderbolt 3 6.5ft,Origen: Rentman legacy inventory 2021-10-15; Código Rentman original: 1124; Carpeta Rentman: Cables/Cables Data; Tipo carpeta Rentman: Equipos; Tipo item Rentman: Articulo; Tiene accesorios Rentman: 0,,,
Cable Data USBC 3ft,R-1125,DAC,,,,Good,1,owned,,08 E,1001077,Cable Data USBC 3ft,Origen: Rentman legacy inventory 2021-10-15; Código Rentman original: 1125; Carpeta Rentman: Cables/Cables Data; Tipo carpeta Rentman: Equipos; Tipo item Rentman: Articulo; Tiene accesorios Rentman: 0,,,
Cable Data Thunderbolt 2 6.5ft,R-1126,DAC,,,,Good,2,owned,,08 E,1001078,Cable Data Thunderbolt 2 6.5ft,Origen: Rentman legacy inventory 2021-10-15; Código Rentman original: 1126; Carpeta Rentman: Cables/Cables Data; Tipo carpeta Rentman: Equipos; Tipo item Rentman: Articulo; Tiene accesorios Rentman: 0,,,
Cable Network Optic Fiber 3.5ft,R-1128,NEC,,,,Good,1,owned,,07 E,1001080,Cable Network Optic Fiber 3.5ft,Origen: Rentman legacy inventory 2021-10-15; Código Rentman original: 1128; Carpeta Rentman: Cables/Cables Network; Tipo carpeta Rentman: Equipos; Tipo item Rentman: Articulo; Tiene accesorios Rentman: 0,,,
Power AC Hub Promise TD-300 Dock Station,R-1129,POW,,,,Good,1,owned,,,1001081,Power AC Hub Promise TD-300 Dock Station,Origen: Rentman legacy inventory 2021-10-15; Código Rentman original: 1129; Carpeta Rentman: Power/Alimentadores AC/Asignados; Tipo carpeta Rentman: Equipos; Tipo item Rentman: Articulo; Tiene accesorios Rentman: 0,,,
Power AC Switch Monoprice 2In-1Out,R-1130,POW,,,,Good,2,owned,,,1001082,Power AC Switch Monoprice 2In-1Out,Origen: Rentman legacy inventory 2021-10-15; Código Rentman original: 1130; Carpeta Rentman: Power/Alimentadores AC/Asignados; Tipo carpeta Rentman: Equipos; Tipo item Rentman: Articulo; Tiene accesorios Rentman: 0,,,
Switch Monoprice 4Out-1In,R-1131,ACC,,,,Good,1,owned,,,1001083,Switch Monoprice 4Out-1In,Origen: Rentman legacy inventory 2021-10-15; Código Rentman original: 1131; Carpeta Rentman: Capture & Playback; Tipo carpeta Rentman: Equipos; Tipo item Rentman: Articulo; Tiene accesorios Rentman: 1,,,
Power AC Switch Monoprice 4Out-1In,R-1132,POW,,,,Good,1,owned,,,1001084,Power AC Switch Monoprice 4Out-1In,Origen: Rentman legacy inventory 2021-10-15; Código Rentman original: 1132; Carpeta Rentman: Power/Alimentadores AC/Asignados; Tipo carpeta Rentman: Equipos; Tipo item Rentman: Articulo; Tiene accesorios Rentman: 0,,,
Adaptador Apple Thunderbolt 2 - Network,R-1133,DAC,,,,Good,2,owned,,08 D,1001089,Adaptador Apple Thunderbolt 2 - Network,Origen: Rentman legacy inventory 2021-10-15; Código Rentman original: 1133; Carpeta Rentman: Accesorios/Accesorios Data; Tipo carpeta Rentman: Equipos; Tipo item Rentman: Articulo; Tiene accesorios Rentman: 0,,,
"Cable AC RED Mag 1.8"" USB2",R-1134,POW,,,,Good,2,owned,,,1001095,"Cable AC RED Mag 1.8"" USB2",Origen: Rentman legacy inventory 2021-10-15; Código Rentman original: 1134; Carpeta Rentman: Power/Alimentadores AC/Asignados; Tipo carpeta Rentman: Equipos; Tipo item Rentman: Articulo; Tiene accesorios Rentman: 0,,,
Impresora Label Brother QL-1110NWB,R-1135,ACC,,,U64894F1Z393383,Good,1,owned,,LABEL,1001098,Impresora Label Brother QL-1110NWB,Origen: Rentman legacy inventory 2021-10-15; Código Rentman original: 1135; Carpeta Rentman: Accesorios/Impresoras; Tipo carpeta Rentman: Equipos; Tipo item Rentman: Articulo; Tiene accesorios Rentman: 1,,,
Power AC Impresora Brother QL-1110NWB,R-1136,POW,,,,Good,1,owned,,,1001100,Power AC Impresora Brother QL-1110NWB,Origen: Rentman legacy inventory 2021-10-15; Código Rentman original: 1136; Carpeta Rentman: Power/Alimentadores AC/Asignados; Tipo carpeta Rentman: Equipos; Tipo item Rentman: Articulo; Tiene accesorios Rentman: 0,,,
Monitor Blackmagic SmartScope Duo,R-1137,MON,,,2038521,Good,1,owned,,,1001102,Monitor Blackmagic SmartScope Duo,Origen: Rentman legacy inventory 2021-10-15; Código Rentman original: 1137; Carpeta Rentman: Monitores; Tipo carpeta Rentman: Equipos; Tipo item Rentman: Articulo; Tiene accesorios Rentman: 0,,,
Power AC Monitor BM SmartScope Duo,R-1138,POW,,,,Good,1,owned,,,1001104,Power AC Monitor BM SmartScope Duo,Origen: Rentman legacy inventory 2021-10-15; Código Rentman original: 1138; Carpeta Rentman: Power/Alimentadores AC/Asignados; Tipo carpeta Rentman: Equipos; Tipo item Rentman: Articulo; Tiene accesorios Rentman: 0,,,
Power AC Ventilador AC Infinity Rack,R-1139,POW,,,,Good,1,owned,,,1001106,Power AC Ventilador AC Infinity Rack,Origen: Rentman legacy inventory 2021-10-15; Código Rentman original: 1139; Carpeta Rentman: Power/Alimentadores AC/Asignados; Tipo carpeta Rentman: Equipos; Tipo item Rentman: Articulo; Tiene accesorios Rentman: 0,,,
UPS CyberPower CPS-1215RM Rack,R-1140,POW,,,,Good,1,owned,,,1001107,UPS CyberPower CPS-1215RM Rack,Origen: Rentman legacy inventory 2021-10-15; Código Rentman original: 1140; Carpeta Rentman: Power/UPS; Tipo carpeta Rentman: Equipos; Tipo item Rentman: Articulo; Tiene accesorios Rentman: 0,,,
Power AC Monitor Dell,R-1141,POW,,,,Good,2,owned,,,1001108,Power AC Monitor Dell,Origen: Rentman legacy inventory 2021-10-15; Código Rentman original: 1141; Carpeta Rentman: Power/Alimentadores AC/Asignados; Tipo carpeta Rentman: Equipos; Tipo item Rentman: Articulo; Tiene accesorios Rentman: 0,,,
Router TP-Link Archer A20,R-1142,ACC,,,Y2050A6002003,Good,1,owned,,,1001109,Router TP-Link Archer A20,Origen: Rentman legacy inventory 2021-10-15; Código Rentman original: 1142; Carpeta Rentman: Wireless Systems; Tipo carpeta Rentman: Equipos; Tipo item Rentman: Articulo; Tiene accesorios Rentman: 1,,,
Power AC Router TP-Link Archer A20,R-1143,POW,,,,Good,1,owned,,,1001111,Power AC Router TP-Link Archer A20,Origen: Rentman legacy inventory 2021-10-15; Código Rentman original: 1143; Carpeta Rentman: Power/Alimentadores AC/Asignados; Tipo carpeta Rentman: Equipos; Tipo item Rentman: Articulo; Tiene accesorios Rentman: 0,,,
Cable Sensor AC Infinity,R-1145,ACC,,,,Good,1,owned,,,1001115,Cable Sensor AC Infinity,Origen: Rentman legacy inventory 2021-10-15; Código Rentman original: 1145; Carpeta Rentman: Accesorios; Tipo carpeta Rentman: Equipos; Tipo item Rentman: Articulo; Tiene accesorios Rentman: 0,,,
Regleta Genérica 6 Entradas (Black),R-1146,POW,,,,Good,3,owned,,02 A,1001118,Regleta Genérica 6 Entradas (Black),Origen: Rentman legacy inventory 2021-10-15; Código Rentman original: 1146; Carpeta Rentman: Power/Regletas; Tipo carpeta Rentman: Equipos; Tipo item Rentman: Articulo; Tiene accesorios Rentman: 0,,,
Cable Data USB3 - USB3 (B) 5ft,R-1147,DAC,,,,Good,1,owned,,08 E,1001122,Cable Data USB3 - USB3 (B) 5ft,Origen: Rentman legacy inventory 2021-10-15; Código Rentman original: 1147; Carpeta Rentman: Cables/Cables Data; Tipo carpeta Rentman: Equipos; Tipo item Rentman: Articulo; Tiene accesorios Rentman: 0,,,
Color Chart DataColor FadeCheckr w/ Case,R-1148,ACC,,,,Good,1,owned,,,1001123,Color Chart DataColor FadeCheckr w/ Case,Origen: Rentman legacy inventory 2021-10-15; Código Rentman original: 1148; Carpeta Rentman: Accesorios/Accesorios Color; Tipo carpeta Rentman: Equipos; Tipo item Rentman: Articulo; Tiene accesorios Rentman: 0,,,
Regleta Forza 6 Entradas,R-1149,POW,,,,Good,1,owned,,02 A,1001124,Regleta Forza 6 Entradas,Origen: Rentman legacy inventory 2021-10-15; Código Rentman original: 1149; Carpeta Rentman: Power/Regletas; Tipo carpeta Rentman: Equipos; Tipo item Rentman: Articulo; Tiene accesorios Rentman: 0,,,
Pilas Recargables Watson MX 4Set,R-1150,BATT,,,,Good,3,owned,,,1001125,Pilas Recargables Watson MX 4Set,Origen: Rentman legacy inventory 2021-10-15; Código Rentman original: 1150; Carpeta Rentman: Power/Baterías; Tipo carpeta Rentman: Equipos; Tipo item Rentman: Articulo; Tiene accesorios Rentman: 0,,,
Seagate IronWolf 125 1TB SSD,R-1151,HD,,,7TC004X7,Good,12,owned,,,1001126,Seagate IronWolf 125 1TB SSD,Origen: Rentman legacy inventory 2021-10-15; Código Rentman original: 1151; Carpeta Rentman: Archiving/Hardrives; Tipo carpeta Rentman: Equipos; Tipo item Rentman: Articulo; Tiene accesorios Rentman: 0,,,
Seagate IronWolf 125 1TB SSD,R-1151-2,HD,,,7TC0052Y,Good,12,owned,,,1001126,Seagate IronWolf 125 1TB SSD,Origen: Rentman legacy inventory 2021-10-15; Código Rentman original: 1151; Carpeta Rentman: Archiving/Hardrives; Tipo carpeta Rentman: Equipos; Tipo item Rentman: Articulo; Tiene accesorios Rentman: 0,,,
Seagate IronWolf 125 1TB SSD,R-1151-3,HD,,,7TC004XC,Good,12,owned,,,1001126,Seagate IronWolf 125 1TB SSD,Origen: Rentman legacy inventory 2021-10-15; Código Rentman original: 1151; Carpeta Rentman: Archiving/Hardrives; Tipo carpeta Rentman: Equipos; Tipo item Rentman: Articulo; Tiene accesorios Rentman: 0,,,
Seagate IronWolf 125 1TB SSD,R-1151-4,HD,,,7TC004ZC,Good,12,owned,,,1001126,Seagate IronWolf 125 1TB SSD,Origen: Rentman legacy inventory 2021-10-15; Código Rentman original: 1151; Carpeta Rentman: Archiving/Hardrives; Tipo carpeta Rentman: Equipos; Tipo item Rentman: Articulo; Tiene accesorios Rentman: 0,,,
Seagate IronWolf 125 1TB SSD,R-1151-5,HD,,,7TC0059J,Good,12,owned,,,1001126,Seagate IronWolf 125 1TB SSD,Origen: Rentman legacy inventory 2021-10-15; Código Rentman original: 1151; Carpeta Rentman: Archiving/Hardrives; Tipo carpeta Rentman: Equipos; Tipo item Rentman: Articulo; Tiene accesorios Rentman: 0,,,
Seagate IronWolf 125 1TB SSD,R-1151-6,HD,,,7TC004WZ,Good,12,owned,,,1001126,Seagate IronWolf 125 1TB SSD,Origen: Rentman legacy inventory 2021-10-15; Código Rentman original: 1151; Carpeta Rentman: Archiving/Hardrives; Tipo carpeta Rentman: Equipos; Tipo item Rentman: Articulo; Tiene accesorios Rentman: 0,,,
Seagate IronWolf 125 1TB SSD,R-1151-7,HD,,,7TC0054F,Good,12,owned,,,1001126,Seagate IronWolf 125 1TB SSD,Origen: Rentman legacy inventory 2021-10-15; Código Rentman original: 1151; Carpeta Rentman: Archiving/Hardrives; Tipo carpeta Rentman: Equipos; Tipo item Rentman: Articulo; Tiene accesorios Rentman: 0,,,
Seagate IronWolf 125 1TB SSD,R-1151-8,HD,,,7TC0050J,Good,12,owned,,,1001126,Seagate IronWolf 125 1TB SSD,Origen: Rentman legacy inventory 2021-10-15; Código Rentman original: 1151; Carpeta Rentman: Archiving/Hardrives; Tipo carpeta Rentman: Equipos; Tipo item Rentman: Articulo; Tiene accesorios Rentman: 0,,,
Seagate IronWolf 125 1TB SSD,R-1151-9,HD,,,7TC004ZQ,Good,12,owned,,,1001126,Seagate IronWolf 125 1TB SSD,Origen: Rentman legacy inventory 2021-10-15; Código Rentman original: 1151; Carpeta Rentman: Archiving/Hardrives; Tipo carpeta Rentman: Equipos; Tipo item Rentman: Articulo; Tiene accesorios Rentman: 0,,,
Seagate IronWolf 125 1TB SSD,R-1151-10,HD,,,7TC0059B,Good,12,owned,,,1001126,Seagate IronWolf 125 1TB SSD,Origen: Rentman legacy inventory 2021-10-15; Código Rentman original: 1151; Carpeta Rentman: Archiving/Hardrives; Tipo carpeta Rentman: Equipos; Tipo item Rentman: Articulo; Tiene accesorios Rentman: 0,,,
Seagate IronWolf 125 1TB SSD,R-1151-11,HD,,,7TC004YN,Good,12,owned,,,1001126,Seagate IronWolf 125 1TB SSD,Origen: Rentman legacy inventory 2021-10-15; Código Rentman original: 1151; Carpeta Rentman: Archiving/Hardrives; Tipo carpeta Rentman: Equipos; Tipo item Rentman: Articulo; Tiene accesorios Rentman: 0,,,
Seagate IronWolf 125 1TB SSD,R-1151-12,HD,,,7TC005CC,Good,12,owned,,,1001126,Seagate IronWolf 125 1TB SSD,Origen: Rentman legacy inventory 2021-10-15; Código Rentman original: 1151; Carpeta Rentman: Archiving/Hardrives; Tipo carpeta Rentman: Equipos; Tipo item Rentman: Articulo; Tiene accesorios Rentman: 0,,,
Western Digital WD RED SA500 1TB SSD,R-1152,HD,,,21115Z800059,Good,4,owned,,,1001139,Western Digital WD RED SA500 1TB SSD,Origen: Rentman legacy inventory 2021-10-15; Código Rentman original: 1152; Carpeta Rentman: Archiving/Hardrives; Tipo carpeta Rentman: Equipos; Tipo item Rentman: Articulo; Tiene accesorios Rentman: 0,,,
Western Digital WD RED SA500 1TB SSD,R-1152-2,HD,,,21115Z800076,Good,4,owned,,,1001139,Western Digital WD RED SA500 1TB SSD,Origen: Rentman legacy inventory 2021-10-15; Código Rentman original: 1152; Carpeta Rentman: Archiving/Hardrives; Tipo carpeta Rentman: Equipos; Tipo item Rentman: Articulo; Tiene accesorios Rentman: 0,,,
Western Digital WD RED SA500 1TB SSD,R-1152-3,HD,,,21115Z800002,Good,4,owned,,,1001139,Western Digital WD RED SA500 1TB SSD,Origen: Rentman legacy inventory 2021-10-15; Código Rentman original: 1152; Carpeta Rentman: Archiving/Hardrives; Tipo carpeta Rentman: Equipos; Tipo item Rentman: Articulo; Tiene accesorios Rentman: 0,,,
Western Digital WD RED SA500 1TB SSD,R-1152-4,HD,,,21115Z800051,Good,4,owned,,,1001139,Western Digital WD RED SA500 1TB SSD,Origen: Rentman legacy inventory 2021-10-15; Código Rentman original: 1152; Carpeta Rentman: Archiving/Hardrives; Tipo carpeta Rentman: Equipos; Tipo item Rentman: Articulo; Tiene accesorios Rentman: 0,,,
Cargador Pilas Recargables 4U GP,R-1153,POW,,,,Good,1,owned,,,1001144,Cargador Pilas Recargables 4U GP,Origen: Rentman legacy inventory 2021-10-15; Código Rentman original: 1153; Carpeta Rentman: Power/Cargadores; Tipo carpeta Rentman: Equipos; Tipo item Rentman: Articulo; Tiene accesorios Rentman: 0,,,
Video Signal Tester Prophecy,R-1154,ACC,,,20090055,Good,1,owned,,,1001145,Video Signal Tester Prophecy,Origen: Rentman legacy inventory 2021-10-15; Código Rentman original: 1154; Carpeta Rentman: Accesorios; Tipo carpeta Rentman: Equipos; Tipo item Rentman: Articulo; Tiene accesorios Rentman: 0,,,
Power AC Video Signal Tester Prophecy,R-1155,POW,,,,Good,1,owned,,,1001147,Power AC Video Signal Tester Prophecy,Origen: Rentman legacy inventory 2021-10-15; Código Rentman original: 1155; Carpeta Rentman: Power/Alimentadores AC/Asignados; Tipo carpeta Rentman: Equipos; Tipo item Rentman: Articulo; Tiene accesorios Rentman: 0,,,
Cable Data USBC 1.5ft,R-1156,DAC,,,,Good,3,owned,,08 E,1001148,Cable Data USBC 1.5ft,Origen: Rentman legacy inventory 2021-10-15; Código Rentman original: 1156; Carpeta Rentman: Cables/Cables Data; Tipo carpeta Rentman: Equipos; Tipo item Rentman: Articulo; Tiene accesorios Rentman: 0,,,
Cable Data USB3 Micro - USBC 2ft,R-1157,DAC,,,,Good,1,owned,,08 E,1001149,Cable Data USB3 Micro - USBC 2ft,Origen: Rentman legacy inventory 2021-10-15; Código Rentman original: 1157; Carpeta Rentman: Cables/Cables Data; Tipo carpeta Rentman: Equipos; Tipo item Rentman: Articulo; Tiene accesorios Rentman: 0,,,
cable Data USB3 Micro - USBC 1ft,R-1158,DAC,,,,Good,3,owned,,08 E,1001150,cable Data USB3 Micro - USBC 1ft,Origen: Rentman legacy inventory 2021-10-15; Código Rentman original: 1158; Carpeta Rentman: Cables/Cables Data; Tipo carpeta Rentman: Equipos; Tipo item Rentman: Articulo; Tiene accesorios Rentman: 0,,,
Cargador Pilas Recargables Duracell 4U,R-1159,POW,,,,Good,1,owned,,,1001151,Cargador Pilas Recargables Duracell 4U,Origen: Rentman legacy inventory 2021-10-15; Código Rentman original: 1159; Carpeta Rentman: Power/Cargadores; Tipo carpeta Rentman: Equipos; Tipo item Rentman: Articulo; Tiene accesorios Rentman: 0,,,
Full Case Data / DIT Modulo D,R-1160,CAS,,,MODULDATA01C,Good,1,owned,,07 D,1001152,Full Case Data / DIT Modulo D,Origen: Rentman legacy inventory 2021-10-15; Código Rentman original: 1160; Carpeta Rentman: Full Cases/Kits; Tipo carpeta Rentman: Equipos; Tipo item Rentman: case; Tiene accesorios Rentman: 0,,,
Cable AC XLR 4 Pin 3.5ft,R-1161,POW,,,,Good,4,owned,,02 A,1001154,Cable AC XLR 4 Pin 3.5ft,Origen: Rentman legacy inventory 2021-10-15; Código Rentman original: 1161; Carpeta Rentman: Power/Alimentadores AC/No Asignados; Tipo carpeta Rentman: Equipos; Tipo item Rentman: Articulo; Tiene accesorios Rentman: 0,,,
Regleta Genérica 5 Entradas/USB (White),R-1162,POW,,,,Good,2,owned,,02 A,1001155,Regleta Genérica 5 Entradas/USB (White),Origen: Rentman legacy inventory 2021-10-15; Código Rentman original: 1162; Carpeta Rentman: Power/Regletas; Tipo carpeta Rentman: Equipos; Tipo item Rentman: Articulo; Tiene accesorios Rentman: 0,,,
Regleta Genérica 6 Entradas (White),R-1163,POW,,,,Good,2,owned,,02 A,1001156,Regleta Genérica 6 Entradas (White),Origen: Rentman legacy inventory 2021-10-15; Código Rentman original: 1163; Carpeta Rentman: Power/Regletas; Tipo carpeta Rentman: Equipos; Tipo item Rentman: Articulo; Tiene accesorios Rentman: 0,,,
Adaptador Eléctrico 3 Pin / 2 Pin,R-1164,ACC,,,,Good,1,owned,,,1001157,Adaptador Eléctrico 3 Pin / 2 Pin,Origen: Rentman legacy inventory 2021-10-15; Código Rentman original: 1164; Carpeta Rentman: Accesorios; Tipo carpeta Rentman: Equipos; Tipo item Rentman: Articulo; Tiene accesorios Rentman: 0,,,
Seagate IronWolf 125 2TB SSD,R-1165,HD,,,7TD003VR,Good,8,owned,,,1001158,Seagate IronWolf 125 2TB SSD,Origen: Rentman legacy inventory 2021-10-15; Código Rentman original: 1165; Carpeta Rentman: Archiving/Hardrives; Tipo carpeta Rentman: Equipos; Tipo item Rentman: Articulo; Tiene accesorios Rentman: 0,,,
Seagate IronWolf 125 2TB SSD,R-1165-2,HD,,,7TD003W0,Good,8,owned,,,1001158,Seagate IronWolf 125 2TB SSD,Origen: Rentman legacy inventory 2021-10-15; Código Rentman original: 1165; Carpeta Rentman: Archiving/Hardrives; Tipo carpeta Rentman: Equipos; Tipo item Rentman: Articulo; Tiene accesorios Rentman: 0,,,
Seagate IronWolf 125 2TB SSD,R-1165-3,HD,,,7TD0046G,Good,8,owned,,,1001158,Seagate IronWolf 125 2TB SSD,Origen: Rentman legacy inventory 2021-10-15; Código Rentman original: 1165; Carpeta Rentman: Archiving/Hardrives; Tipo carpeta Rentman: Equipos; Tipo item Rentman: Articulo; Tiene accesorios Rentman: 0,,,
Seagate IronWolf 125 2TB SSD,R-1165-4,HD,,,7TD0046J,Good,8,owned,,,1001158,Seagate IronWolf 125 2TB SSD,Origen: Rentman legacy inventory 2021-10-15; Código Rentman original: 1165; Carpeta Rentman: Archiving/Hardrives; Tipo carpeta Rentman: Equipos; Tipo item Rentman: Articulo; Tiene accesorios Rentman: 0,,,
Seagate IronWolf 125 2TB SSD,R-1165-5,HD,,,7TD003YT,Good,8,owned,,,1001158,Seagate IronWolf 125 2TB SSD,Origen: Rentman legacy inventory 2021-10-15; Código Rentman original: 1165; Carpeta Rentman: Archiving/Hardrives; Tipo carpeta Rentman: Equipos; Tipo item Rentman: Articulo; Tiene accesorios Rentman: 0,,,
Seagate IronWolf 125 2TB SSD,R-1165-6,HD,,,7TD00477,Good,8,owned,,,1001158,Seagate IronWolf 125 2TB SSD,Origen: Rentman legacy inventory 2021-10-15; Código Rentman original: 1165; Carpeta Rentman: Archiving/Hardrives; Tipo carpeta Rentman: Equipos; Tipo item Rentman: Articulo; Tiene accesorios Rentman: 0,,,
Seagate IronWolf 125 2TB SSD,R-1165-7,HD,,,7TD0040X,Good,8,owned,,,1001158,Seagate IronWolf 125 2TB SSD,Origen: Rentman legacy inventory 2021-10-15; Código Rentman original: 1165; Carpeta Rentman: Archiving/Hardrives; Tipo carpeta Rentman: Equipos; Tipo item Rentman: Articulo; Tiene accesorios Rentman: 0,,,
Seagate IronWolf 125 2TB SSD,R-1165-8,HD,,,7TD0044R,Good,8,owned,,,1001158,Seagate IronWolf 125 2TB SSD,Origen: Rentman legacy inventory 2021-10-15; Código Rentman original: 1165; Carpeta Rentman: Archiving/Hardrives; Tipo carpeta Rentman: Equipos; Tipo item Rentman: Articulo; Tiene accesorios Rentman: 0,,,
Western Digital WD RED SA500 2TB SSD,R-1166,HD,,,21084H800464,Good,8,owned,,,1001167,Western Digital WD RED SA500 2TB SSD,Origen: Rentman legacy inventory 2021-10-15; Código Rentman original: 1166; Carpeta Rentman: Archiving/Hardrives; Tipo carpeta Rentman: Equipos; Tipo item Rentman: Articulo; Tiene accesorios Rentman: 0,,,
Western Digital WD RED SA500 2TB SSD,R-1166-2,HD,,,21084H800516,Good,8,owned,,,1001167,Western Digital WD RED SA500 2TB SSD,Origen: Rentman legacy inventory 2021-10-15; Código Rentman original: 1166; Carpeta Rentman: Archiving/Hardrives; Tipo carpeta Rentman: Equipos; Tipo item Rentman: Articulo; Tiene accesorios Rentman: 0,,,
Western Digital WD RED SA500 2TB SSD,R-1166-3,HD,,,21084H800532,Good,8,owned,,,1001167,Western Digital WD RED SA500 2TB SSD,Origen: Rentman legacy inventory 2021-10-15; Código Rentman original: 1166; Carpeta Rentman: Archiving/Hardrives; Tipo carpeta Rentman: Equipos; Tipo item Rentman: Articulo; Tiene accesorios Rentman: 0,,,
Western Digital WD RED SA500 2TB SSD,R-1166-4,HD,,,21084H800454,Good,8,owned,,,1001167,Western Digital WD RED SA500 2TB SSD,Origen: Rentman legacy inventory 2021-10-15; Código Rentman original: 1166; Carpeta Rentman: Archiving/Hardrives; Tipo carpeta Rentman: Equipos; Tipo item Rentman: Articulo; Tiene accesorios Rentman: 0,,,
Western Digital WD RED SA500 2TB SSD,R-1166-5,HD,,,7TD0047M,Good,8,owned,,,1001167,Western Digital WD RED SA500 2TB SSD,Origen: Rentman legacy inventory 2021-10-15; Código Rentman original: 1166; Carpeta Rentman: Archiving/Hardrives; Tipo carpeta Rentman: Equipos; Tipo item Rentman: Articulo; Tiene accesorios Rentman: 0,,,
Western Digital WD RED SA500 2TB SSD,R-1166-6,HD,,,7TD0046N,Good,8,owned,,,1001167,Western Digital WD RED SA500 2TB SSD,Origen: Rentman legacy inventory 2021-10-15; Código Rentman original: 1166; Carpeta Rentman: Archiving/Hardrives; Tipo carpeta Rentman: Equipos; Tipo item Rentman: Articulo; Tiene accesorios Rentman: 0,,,
Western Digital WD RED SA500 2TB SSD,R-1166-7,HD,,,7TD0040J,Good,8,owned,,,1001167,Western Digital WD RED SA500 2TB SSD,Origen: Rentman legacy inventory 2021-10-15; Código Rentman original: 1166; Carpeta Rentman: Archiving/Hardrives; Tipo carpeta Rentman: Equipos; Tipo item Rentman: Articulo; Tiene accesorios Rentman: 0,,,
Western Digital WD RED SA500 2TB SSD,R-1166-8,HD,,,7TD0047C,Good,8,owned,,,1001167,Western Digital WD RED SA500 2TB SSD,Origen: Rentman legacy inventory 2021-10-15; Código Rentman original: 1166; Carpeta Rentman: Archiving/Hardrives; Tipo carpeta Rentman: Equipos; Tipo item Rentman: Articulo; Tiene accesorios Rentman: 0,,,
Drive Set OWC Shuttle 02 (2TBx4),R-1167,HD,,,2940003457,Good,1,owned,,STORAGE 01,1001182,Drive Set OWC Shuttle 02 (2TBx4),Origen: Rentman legacy inventory 2021-10-15; Código Rentman original: 1167; Carpeta Rentman: Archiving/Drives Sets; Tipo carpeta Rentman: Equipos; Tipo item Rentman: case; Tiene accesorios Rentman: 1,,,
Drive Set OWC Shuttle 03 (1TBx4),R-1168,HD,,,2940003463,Good,1,owned,,STORAGE 01,1001184,Drive Set OWC Shuttle 03 (1TBx4),Origen: Rentman legacy inventory 2021-10-15; Código Rentman original: 1168; Carpeta Rentman: Archiving/Drives Sets; Tipo carpeta Rentman: Equipos; Tipo item Rentman: case; Tiene accesorios Rentman: 1,,,
Drive Set OWC Shuttle 06 (2TBx4),R-1169,HD,,,2940003333,Good,1,owned,,STORAGE 01,1001186,Drive Set OWC Shuttle 06 (2TBx4),Origen: Rentman legacy inventory 2021-10-15; Código Rentman original: 1169; Carpeta Rentman: Archiving/Drives Sets; Tipo carpeta Rentman: Equipos; Tipo item Rentman: case; Tiene accesorios Rentman: 1,,,
Drive Set OWC Shuttle 08 (2TBx4),R-1170,HD,,,2940003455,Good,1,owned,,STORAGE 01,1001188,Drive Set OWC Shuttle 08 (2TBx4),Origen: Rentman legacy inventory 2021-10-15; Código Rentman original: 1170; Carpeta Rentman: Archiving/Drives Sets; Tipo carpeta Rentman: Equipos; Tipo item Rentman: case; Tiene accesorios Rentman: 1,,,
Case Pelican iM2500 (Storm Case),R-1171,CAS,,,,Good,1,owned,,,1001192,Case Pelican iM2500 (Storm Case),Origen: Rentman legacy inventory 2021-10-15; Código Rentman original: 1171; Carpeta Rentman: Maletas/Cases/Bultos/Cases; Tipo carpeta Rentman: Equipos; Tipo item Rentman: Articulo; Tiene accesorios Rentman: 0,,,
Drive Set OWC Shuttle 01 (1TBx4),R-1178,HD,,,2940003101,Good,1,owned,,STORAGE 01,1001203,Drive Set OWC Shuttle 01 (1TBx4),Origen: Rentman legacy inventory 2021-10-15; Código Rentman original: 1178; Carpeta Rentman: Archiving/Drives Sets; Tipo carpeta Rentman: Equipos; Tipo item Rentman: case; Tiene accesorios Rentman: 1,,,
Drive Set OWC Shuttle 04 (2TBx4),R-1179,HD,,,2940003735,Good,1,owned,,STORAGE 01,1001205,Drive Set OWC Shuttle 04 (2TBx4),Origen: Rentman legacy inventory 2021-10-15; Código Rentman original: 1179; Carpeta Rentman: Archiving/Drives Sets; Tipo carpeta Rentman: Equipos; Tipo item Rentman: case; Tiene accesorios Rentman: 1,,,
Drive Set OWC Shuttle 05 (1TBx4),R-1180,HD,,,2940003469,Good,1,owned,,STORAGE 01,1001207,Drive Set OWC Shuttle 05 (1TBx4),Origen: Rentman legacy inventory 2021-10-15; Código Rentman original: 1180; Carpeta Rentman: Archiving/Drives Sets; Tipo carpeta Rentman: Equipos; Tipo item Rentman: case; Tiene accesorios Rentman: 1,,,
Drive Set OWC Shuttle 07 (1TBx4),R-1181,HD,,,2940003374,Good,1,owned,,STORAGE 01,1001209,Drive Set OWC Shuttle 07 (1TBx4),Origen: Rentman legacy inventory 2021-10-15; Código Rentman original: 1181; Carpeta Rentman: Archiving/Drives Sets; Tipo carpeta Rentman: Equipos; Tipo item Rentman: case; Tiene accesorios Rentman: 1,,,
Color Panels Tangent Element,R-1182,SIG,,,CLRPANELEM01,Good,1,owned,,,1001211,Color Panels Tangent Element,Origen: Rentman legacy inventory 2021-10-15; Código Rentman original: 1182; Carpeta Rentman: Consola/Video; Tipo carpeta Rentman: Equipos; Tipo item Rentman: case; Tiene accesorios Rentman: 0,,,
Disco Seagate Desktop 6TB,R-1183,HD,,,Z4D07GKX,Good,2,owned,,STORAGE 01,1001213,Disco Seagate Desktop 6TB,Origen: Rentman legacy inventory 2021-10-15; Código Rentman original: 1183; Carpeta Rentman: Archiving/Hardrives; Tipo carpeta Rentman: Equipos; Tipo item Rentman: Articulo; Tiene accesorios Rentman: 0; Nota Rentman: Tipo :HDD Velocidad :7200 RPM,,,
Disco Seagate Desktop 6TB,R-1183-2,HD,,,Z4D03ANM,Good,2,owned,,STORAGE 01,1001213,Disco Seagate Desktop 6TB,Origen: Rentman legacy inventory 2021-10-15; Código Rentman original: 1183; Carpeta Rentman: Archiving/Hardrives; Tipo carpeta Rentman: Equipos; Tipo item Rentman: Articulo; Tiene accesorios Rentman: 0; Nota Rentman: Tipo :HDD Velocidad :7200 RPM,,,
Disco Western Digital Red Pro 6TB,R-1184,HD,,,K8G04U0N,Good,1,owned,,STORAGE 01,1001216,Disco Western Digital Red Pro 6TB,Origen: Rentman legacy inventory 2021-10-15; Código Rentman original: 1184; Carpeta Rentman: Archiving/Hardrives; Tipo carpeta Rentman: Equipos; Tipo item Rentman: Articulo; Tiene accesorios Rentman: 0; Nota Rentman: Tipo :HDD Velocidad :7200 RPM,,,
Disco Seagate IronWolf NAS 6TB,R-1185,HD,,,ZADBCVH0,Good,8,owned,,STORAGE 01,1001218,Disco Seagate IronWolf NAS 6TB,Origen: Rentman legacy inventory 2021-10-15; Código Rentman original: 1185; Carpeta Rentman: Archiving/Hardrives; Tipo carpeta Rentman: Equipos; Tipo item Rentman: Articulo; Tiene accesorios Rentman: 0; Nota Rentman: Tipo : HDD Velocidad : 7200 RPM,,,
Disco Seagate IronWolf NAS 6TB,R-1185-2,HD,,,ZADBCVMM,Good,8,owned,,STORAGE 01,1001218,Disco Seagate IronWolf NAS 6TB,Origen: Rentman legacy inventory 2021-10-15; Código Rentman original: 1185; Carpeta Rentman: Archiving/Hardrives; Tipo carpeta Rentman: Equipos; Tipo item Rentman: Articulo; Tiene accesorios Rentman: 0; Nota Rentman: Tipo : HDD Velocidad : 7200 RPM,,,
Disco Seagate IronWolf NAS 6TB,R-1185-3,HD,,,ZADBCLWT,Good,8,owned,,STORAGE 01,1001218,Disco Seagate IronWolf NAS 6TB,Origen: Rentman legacy inventory 2021-10-15; Código Rentman original: 1185; Carpeta Rentman: Archiving/Hardrives; Tipo carpeta Rentman: Equipos; Tipo item Rentman: Articulo; Tiene accesorios Rentman: 0; Nota Rentman: Tipo : HDD Velocidad : 7200 RPM,,,
Disco Seagate IronWolf NAS 6TB,R-1185-4,HD,,,ZADBCMG1,Good,8,owned,,STORAGE 01,1001218,Disco Seagate IronWolf NAS 6TB,Origen: Rentman legacy inventory 2021-10-15; Código Rentman original: 1185; Carpeta Rentman: Archiving/Hardrives; Tipo carpeta Rentman: Equipos; Tipo item Rentman: Articulo; Tiene accesorios Rentman: 0; Nota Rentman: Tipo : HDD Velocidad : 7200 RPM,,,
Disco Seagate IronWolf NAS 6TB,R-1185-5,HD,,,ZAD3FLQR,Good,8,owned,,STORAGE 01,1001218,Disco Seagate IronWolf NAS 6TB,Origen: Rentman legacy inventory 2021-10-15; Código Rentman original: 1185; Carpeta Rentman: Archiving/Hardrives; Tipo carpeta Rentman: Equipos; Tipo item Rentman: Articulo; Tiene accesorios Rentman: 0; Nota Rentman: Tipo : HDD Velocidad : 7200 RPM,,,
Disco Seagate IronWolf NAS 6TB,R-1185-6,HD,,,ZAD3GKD9,Good,8,owned,,STORAGE 01,1001218,Disco Seagate IronWolf NAS 6TB,Origen: Rentman legacy inventory 2021-10-15; Código Rentman original: 1185; Carpeta Rentman: Archiving/Hardrives; Tipo carpeta Rentman: Equipos; Tipo item Rentman: Articulo; Tiene accesorios Rentman: 0; Nota Rentman: Tipo : HDD Velocidad : 7200 RPM,,,
Disco Seagate IronWolf NAS 6TB,R-1185-7,HD,,,ZR10E1TB,Good,8,owned,,STORAGE 01,1001218,Disco Seagate IronWolf NAS 6TB,Origen: Rentman legacy inventory 2021-10-15; Código Rentman original: 1185; Carpeta Rentman: Archiving/Hardrives; Tipo carpeta Rentman: Equipos; Tipo item Rentman: Articulo; Tiene accesorios Rentman: 0; Nota Rentman: Tipo : HDD Velocidad : 7200 RPM,,,
Disco Seagate IronWolf NAS 6TB,R-1185-8,HD,,,ZR10E1T9,Good,8,owned,,STORAGE 01,1001218,Disco Seagate IronWolf NAS 6TB,Origen: Rentman legacy inventory 2021-10-15; Código Rentman original: 1185; Carpeta Rentman: Archiving/Hardrives; Tipo carpeta Rentman: Equipos; Tipo item Rentman: Articulo; Tiene accesorios Rentman: 0; Nota Rentman: Tipo : HDD Velocidad : 7200 RPM,,,
Disco Seagate Barracuda COMPUTE 6TB,R-1186,HD,,,WF203XLM,Good,4,owned,,STORAGE 01,1001227,Disco Seagate Barracuda COMPUTE 6TB,Origen: Rentman legacy inventory 2021-10-15; Código Rentman original: 1186; Carpeta Rentman: Archiving/Hardrives; Tipo carpeta Rentman: Equipos; Tipo item Rentman: Articulo; Tiene accesorios Rentman: 0; Nota Rentman: Tipo : HDD Velocidad : 5400 RPM,,,
Disco Seagate Barracuda COMPUTE 6TB,R-1186-2,HD,,,WF203XBG,Good,4,owned,,STORAGE 01,1001227,Disco Seagate Barracuda COMPUTE 6TB,Origen: Rentman legacy inventory 2021-10-15; Código Rentman original: 1186; Carpeta Rentman: Archiving/Hardrives; Tipo carpeta Rentman: Equipos; Tipo item Rentman: Articulo; Tiene accesorios Rentman: 0; Nota Rentman: Tipo : HDD Velocidad : 5400 RPM,,,
Disco Seagate Barracuda COMPUTE 6TB,R-1186-3,HD,,,WF203X4Z,Good,4,owned,,STORAGE 01,1001227,Disco Seagate Barracuda COMPUTE 6TB,Origen: Rentman legacy inventory 2021-10-15; Código Rentman original: 1186; Carpeta Rentman: Archiving/Hardrives; Tipo carpeta Rentman: Equipos; Tipo item Rentman: Articulo; Tiene accesorios Rentman: 0; Nota Rentman: Tipo : HDD Velocidad : 5400 RPM,,,
Disco Seagate Barracuda COMPUTE 6TB,R-1186-4,HD,,,WF203S6B,Good,4,owned,,STORAGE 01,1001227,Disco Seagate Barracuda COMPUTE 6TB,Origen: Rentman legacy inventory 2021-10-15; Código Rentman original: 1186; Carpeta Rentman: Archiving/Hardrives; Tipo carpeta Rentman: Equipos; Tipo item Rentman: Articulo; Tiene accesorios Rentman: 0; Nota Rentman: Tipo : HDD Velocidad : 5400 RPM,,,
Disco Western Digital Purple 4TB,R-1187,HD,,,WCC7K6ATUVRX,Good,2,owned,,STORAGE 01,1001232,Disco Western Digital Purple 4TB,Origen: Rentman legacy inventory 2021-10-15; Código Rentman original: 1187; Carpeta Rentman: Archiving/Hardrives; Tipo carpeta Rentman: Equipos; Tipo item Rentman: Articulo; Tiene accesorios Rentman: 0; Nota Rentman: Tipo : HDD Velocidad : 5400 RPM,,,
Disco Western Digital Purple 4TB,R-1187-2,HD,,,WCC7K0RHCK4F,Good,2,owned,,STORAGE 01,1001232,Disco Western Digital Purple 4TB,Origen: Rentman legacy inventory 2021-10-15; Código Rentman original: 1187; Carpeta Rentman: Archiving/Hardrives; Tipo carpeta Rentman: Equipos; Tipo item Rentman: Articulo; Tiene accesorios Rentman: 0; Nota Rentman: Tipo : HDD Velocidad : 5400 RPM,,,
Disco Seagate Barracuda COMPUTE 4TB,R-1188,HD,,,ZDH2DQJ1,Good,7,owned,,STORAGE 01,1001235,Disco Seagate Barracuda COMPUTE 4TB,Origen: Rentman legacy inventory 2021-10-15; Código Rentman original: 1188; Carpeta Rentman: Archiving/Hardrives; Tipo carpeta Rentman: Equipos; Tipo item Rentman: Articulo; Tiene accesorios Rentman: 0; Nota Rentman: Tipo : HDD Velocidad : 7200 RPM,,,
Disco Seagate Barracuda COMPUTE 4TB,R-1188-2,HD,,,WFN03EFP,Good,7,owned,,STORAGE 01,1001235,Disco Seagate Barracuda COMPUTE 4TB,Origen: Rentman legacy inventory 2021-10-15; Código Rentman original: 1188; Carpeta Rentman: Archiving/Hardrives; Tipo carpeta Rentman: Equipos; Tipo item Rentman: Articulo; Tiene accesorios Rentman: 0; Nota Rentman: Tipo : HDD Velocidad : 7200 RPM,,,
Disco Seagate Barracuda COMPUTE 4TB,R-1188-3,HD,,,ZDH2DR5H,Good,7,owned,,STORAGE 01,1001235,Disco Seagate Barracuda COMPUTE 4TB,Origen: Rentman legacy inventory 2021-10-15; Código Rentman original: 1188; Carpeta Rentman: Archiving/Hardrives; Tipo carpeta Rentman: Equipos; Tipo item Rentman: Articulo; Tiene accesorios Rentman: 0; Nota Rentman: Tipo : HDD Velocidad : 7200 RPM,,,
Disco Seagate Barracuda COMPUTE 4TB,R-1188-4,HD,,,ZDH2DQQZ,Good,7,owned,,STORAGE 01,1001235,Disco Seagate Barracuda COMPUTE 4TB,Origen: Rentman legacy inventory 2021-10-15; Código Rentman original: 1188; Carpeta Rentman: Archiving/Hardrives; Tipo carpeta Rentman: Equipos; Tipo item Rentman: Articulo; Tiene accesorios Rentman: 0; Nota Rentman: Tipo : HDD Velocidad : 7200 RPM,,,
Disco Seagate Barracuda COMPUTE 4TB,R-1188-5,HD,,,ZDH2DQLK,Good,7,owned,,STORAGE 01,1001235,Disco Seagate Barracuda COMPUTE 4TB,Origen: Rentman legacy inventory 2021-10-15; Código Rentman original: 1188; Carpeta Rentman: Archiving/Hardrives; Tipo carpeta Rentman: Equipos; Tipo item Rentman: Articulo; Tiene accesorios Rentman: 0; Nota Rentman: Tipo : HDD Velocidad : 7200 RPM,,,
Disco Seagate Barracuda COMPUTE 4TB,R-1188-6,HD,,,ZDH2DYWP,Good,7,owned,,STORAGE 01,1001235,Disco Seagate Barracuda COMPUTE 4TB,Origen: Rentman legacy inventory 2021-10-15; Código Rentman original: 1188; Carpeta Rentman: Archiving/Hardrives; Tipo carpeta Rentman: Equipos; Tipo item Rentman: Articulo; Tiene accesorios Rentman: 0; Nota Rentman: Tipo : HDD Velocidad : 7200 RPM,,,
Disco Seagate Barracuda COMPUTE 4TB,R-1188-7,HD,,,WGY0DTX4,Good,7,owned,,STORAGE 01,1001235,Disco Seagate Barracuda COMPUTE 4TB,Origen: Rentman legacy inventory 2021-10-15; Código Rentman original: 1188; Carpeta Rentman: Archiving/Hardrives; Tipo carpeta Rentman: Equipos; Tipo item Rentman: Articulo; Tiene accesorios Rentman: 0; Nota Rentman: Tipo : HDD Velocidad : 7200 RPM,,,
Disco HGST APR-2015 4TB,R-1189,HD,,,PCGH47ZN,Good,1,owned,,STORAGE 01,1001243,Disco HGST APR-2015 4TB,Origen: Rentman legacy inventory 2021-10-15; Código Rentman original: 1189; Carpeta Rentman: Archiving/Hardrives; Tipo carpeta Rentman: Equipos; Tipo item Rentman: Articulo; Tiene accesorios Rentman: 0; Nota Rentman: Tipo : HDD Velocidad : 7200 RPM,,,
Disco HGST AUG-2014 4TB,R-1190,HD,,,PCGH47ZN,Good,1,owned,,STORAGE 01,1001245,Disco HGST AUG-2014 4TB,Origen: Rentman legacy inventory 2021-10-15; Código Rentman original: 1190; Carpeta Rentman: Archiving/Hardrives; Tipo carpeta Rentman: Equipos; Tipo item Rentman: Articulo; Tiene accesorios Rentman: 0; Nota Rentman: Tipo : HDD Velocidad : 7200 RPM,,,
Disco Seagate Barracuda COMPUTE 4TB,R-1191,HD,,,WFN02PVV,Good,2,owned,,STORAGE 01,1001247,Disco Seagate Barracuda COMPUTE 4TB,Origen: Rentman legacy inventory 2021-10-15; Código Rentman original: 1191; Carpeta Rentman: Archiving/Hardrives; Tipo carpeta Rentman: Equipos; Tipo item Rentman: Articulo; Tiene accesorios Rentman: 0; Nota Rentman: Tipo : HDD Velocidad : 5400 RPM,,,
Disco Seagate Barracuda COMPUTE 4TB,R-1191-2,HD,,,WFN03BJK,Good,2,owned,,STORAGE 01,1001247,Disco Seagate Barracuda COMPUTE 4TB,Origen: Rentman legacy inventory 2021-10-15; Código Rentman original: 1191; Carpeta Rentman: Archiving/Hardrives; Tipo carpeta Rentman: Equipos; Tipo item Rentman: Articulo; Tiene accesorios Rentman: 0; Nota Rentman: Tipo : HDD Velocidad : 5400 RPM,,,
DiscoSeagate Barracuda COMPUTE,R-1192,HD,,,Z4Z90SBL,Good,2,owned,,STORAGE 01,1001250,DiscoSeagate Barracuda COMPUTE,Origen: Rentman legacy inventory 2021-10-15; Código Rentman original: 1192; Carpeta Rentman: Archiving/Hardrives; Tipo carpeta Rentman: Equipos; Tipo item Rentman: Articulo; Tiene accesorios Rentman: 0; Nota Rentman: Tipo : HDD Velocidad : 7200 RPM,,,
DiscoSeagate Barracuda COMPUTE,R-1192-2,HD,,,Z4Z911QF,Good,2,owned,,STORAGE 01,1001250,DiscoSeagate Barracuda COMPUTE,Origen: Rentman legacy inventory 2021-10-15; Código Rentman original: 1192; Carpeta Rentman: Archiving/Hardrives; Tipo carpeta Rentman: Equipos; Tipo item Rentman: Articulo; Tiene accesorios Rentman: 0; Nota Rentman: Tipo : HDD Velocidad : 7200 RPM,,,
Disco Western Digital Green 2TB,R-1193,HD,,,WCC4M4TRP5N4,Good,1,owned,,STORAGE 01,1001253,Disco Western Digital Green 2TB,Origen: Rentman legacy inventory 2021-10-15; Código Rentman original: 1193; Carpeta Rentman: Archiving/Hardrives; Tipo carpeta Rentman: Equipos; Tipo item Rentman: Articulo; Tiene accesorios Rentman: 0; Nota Rentman: Tipo : HDD Velocidad : 5400 RPM,,,
Disco Seagate IronWolf NAS 8TB,R-1194,HD,,,WSD1DBL7,Good,26,owned,,STORAGE 01,1001255,Disco Seagate IronWolf NAS 8TB,Origen: Rentman legacy inventory 2021-10-15; Código Rentman original: 1194; Carpeta Rentman: Archiving/Hardrives; Tipo carpeta Rentman: Equipos; Tipo item Rentman: Articulo; Tiene accesorios Rentman: 0; Nota Rentman: Tipo : HDD Velocidad : 7200 RPM,,,
Disco Seagate IronWolf NAS 8TB,R-1194-2,HD,,,WSD10CJB,Good,26,owned,,STORAGE 01,1001255,Disco Seagate IronWolf NAS 8TB,Origen: Rentman legacy inventory 2021-10-15; Código Rentman original: 1194; Carpeta Rentman: Archiving/Hardrives; Tipo carpeta Rentman: Equipos; Tipo item Rentman: Articulo; Tiene accesorios Rentman: 0; Nota Rentman: Tipo : HDD Velocidad : 7200 RPM,,,
Disco Seagate IronWolf NAS 8TB,R-1194-3,HD,,,WSD19NRV,Good,26,owned,,STORAGE 01,1001255,Disco Seagate IronWolf NAS 8TB,Origen: Rentman legacy inventory 2021-10-15; Código Rentman original: 1194; Carpeta Rentman: Archiving/Hardrives; Tipo carpeta Rentman: Equipos; Tipo item Rentman: Articulo; Tiene accesorios Rentman: 0; Nota Rentman: Tipo : HDD Velocidad : 7200 RPM,,,
Disco Seagate IronWolf NAS 8TB,R-1194-4,HD,,,WSD1DBPY,Good,26,owned,,STORAGE 01,1001255,Disco Seagate IronWolf NAS 8TB,Origen: Rentman legacy inventory 2021-10-15; Código Rentman original: 1194; Carpeta Rentman: Archiving/Hardrives; Tipo carpeta Rentman: Equipos; Tipo item Rentman: Articulo; Tiene accesorios Rentman: 0; Nota Rentman: Tipo : HDD Velocidad : 7200 RPM,,,
Disco Seagate IronWolf NAS 8TB,R-1194-5,HD,,,WSD0NYMF,Good,26,owned,,STORAGE 01,1001255,Disco Seagate IronWolf NAS 8TB,Origen: Rentman legacy inventory 2021-10-15; Código Rentman original: 1194; Carpeta Rentman: Archiving/Hardrives; Tipo carpeta Rentman: Equipos; Tipo item Rentman: Articulo; Tiene accesorios Rentman: 0; Nota Rentman: Tipo : HDD Velocidad : 7200 RPM,,,
Disco Seagate IronWolf NAS 8TB,R-1194-6,HD,,,WSD09PZ7,Good,26,owned,,STORAGE 01,1001255,Disco Seagate IronWolf NAS 8TB,Origen: Rentman legacy inventory 2021-10-15; Código Rentman original: 1194; Carpeta Rentman: Archiving/Hardrives; Tipo carpeta Rentman: Equipos; Tipo item Rentman: Articulo; Tiene accesorios Rentman: 0; Nota Rentman: Tipo : HDD Velocidad : 7200 RPM,,,
Disco Seagate IronWolf NAS 8TB,R-1194-7,HD,,,WSD0V35J,Good,26,owned,,STORAGE 01,1001255,Disco Seagate IronWolf NAS 8TB,Origen: Rentman legacy inventory 2021-10-15; Código Rentman original: 1194; Carpeta Rentman: Archiving/Hardrives; Tipo carpeta Rentman: Equipos; Tipo item Rentman: Articulo; Tiene accesorios Rentman: 0; Nota Rentman: Tipo : HDD Velocidad : 7200 RPM,,,
Disco Seagate IronWolf NAS 8TB,R-1194-8,HD,,,WSD0JZXM,Good,26,owned,,STORAGE 01,1001255,Disco Seagate IronWolf NAS 8TB,Origen: Rentman legacy inventory 2021-10-15; Código Rentman original: 1194; Carpeta Rentman: Archiving/Hardrives; Tipo carpeta Rentman: Equipos; Tipo item Rentman: Articulo; Tiene accesorios Rentman: 0; Nota Rentman: Tipo : HDD Velocidad : 7200 RPM,,,
Disco Seagate IronWolf NAS 8TB,R-1194-9,HD,,,WSD1DAJ3,Good,26,owned,,STORAGE 01,1001255,Disco Seagate IronWolf NAS 8TB,Origen: Rentman legacy inventory 2021-10-15; Código Rentman original: 1194; Carpeta Rentman: Archiving/Hardrives; Tipo carpeta Rentman: Equipos; Tipo item Rentman: Articulo; Tiene accesorios Rentman: 0; Nota Rentman: Tipo : HDD Velocidad : 7200 RPM,,,
Disco Seagate IronWolf NAS 8TB,R-1194-10,HD,,,WSD1DAPY,Good,26,owned,,STORAGE 01,1001255,Disco Seagate IronWolf NAS 8TB,Origen: Rentman legacy inventory 2021-10-15; Código Rentman original: 1194; Carpeta Rentman: Archiving/Hardrives; Tipo carpeta Rentman: Equipos; Tipo item Rentman: Articulo; Tiene accesorios Rentman: 0; Nota Rentman: Tipo : HDD Velocidad : 7200 RPM,,,
Disco Seagate IronWolf NAS 8TB,R-1194-11,HD,,,WSD2ARDR,Good,26,owned,,STORAGE 01,1001255,Disco Seagate IronWolf NAS 8TB,Origen: Rentman legacy inventory 2021-10-15; Código Rentman original: 1194; Carpeta Rentman: Archiving/Hardrives; Tipo carpeta Rentman: Equipos; Tipo item Rentman: Articulo; Tiene accesorios Rentman: 0; Nota Rentman: Tipo : HDD Velocidad : 7200 RPM,,,
Disco Seagate IronWolf NAS 8TB,R-1194-12,HD,,,WSD2HAYQ,Good,26,owned,,STORAGE 01,1001255,Disco Seagate IronWolf NAS 8TB,Origen: Rentman legacy inventory 2021-10-15; Código Rentman original: 1194; Carpeta Rentman: Archiving/Hardrives; Tipo carpeta Rentman: Equipos; Tipo item Rentman: Articulo; Tiene accesorios Rentman: 0; Nota Rentman: Tipo : HDD Velocidad : 7200 RPM,,,
Disco Seagate IronWolf NAS 8TB,R-1194-13,HD,,,WSD0JZVH,Good,26,owned,,STORAGE 01,1001255,Disco Seagate IronWolf NAS 8TB,Origen: Rentman legacy inventory 2021-10-15; Código Rentman original: 1194; Carpeta Rentman: Archiving/Hardrives; Tipo carpeta Rentman: Equipos; Tipo item Rentman: Articulo; Tiene accesorios Rentman: 0; Nota Rentman: Tipo : HDD Velocidad : 7200 RPM,,,
Disco Seagate IronWolf NAS 8TB,R-1194-14,HD,,,WSD0JZXL,Good,26,owned,,STORAGE 01,1001255,Disco Seagate IronWolf NAS 8TB,Origen: Rentman legacy inventory 2021-10-15; Código Rentman original: 1194; Carpeta Rentman: Archiving/Hardrives; Tipo carpeta Rentman: Equipos; Tipo item Rentman: Articulo; Tiene accesorios Rentman: 0; Nota Rentman: Tipo : HDD Velocidad : 7200 RPM,,,
Disco Seagate IronWolf NAS 8TB,R-1194-15,HD,,,WSD046PX,Good,26,owned,,STORAGE 01,1001255,Disco Seagate IronWolf NAS 8TB,Origen: Rentman legacy inventory 2021-10-15; Código Rentman original: 1194; Carpeta Rentman: Archiving/Hardrives; Tipo carpeta Rentman: Equipos; Tipo item Rentman: Articulo; Tiene accesorios Rentman: 0; Nota Rentman: Tipo : HDD Velocidad : 7200 RPM,,,
Disco Seagate IronWolf NAS 8TB,R-1194-16,HD,,,WSD1DB1B,Good,26,owned,,STORAGE 01,1001255,Disco Seagate IronWolf NAS 8TB,Origen: Rentman legacy inventory 2021-10-15; Código Rentman original: 1194; Carpeta Rentman: Archiving/Hardrives; Tipo carpeta Rentman: Equipos; Tipo item Rentman: Articulo; Tiene accesorios Rentman: 0; Nota Rentman: Tipo : HDD Velocidad : 7200 RPM,,,
Disco Seagate IronWolf NAS 8TB,R-1194-17,HD,,,WSD15Z3L,Good,26,owned,,STORAGE 01,1001255,Disco Seagate IronWolf NAS 8TB,Origen: Rentman legacy inventory 2021-10-15; Código Rentman original: 1194; Carpeta Rentman: Archiving/Hardrives; Tipo carpeta Rentman: Equipos; Tipo item Rentman: Articulo; Tiene accesorios Rentman: 0; Nota Rentman: Tipo : HDD Velocidad : 7200 RPM,,,
Disco Seagate IronWolf NAS 8TB,R-1194-18,HD,,,WSD086J0,Good,26,owned,,STORAGE 01,1001255,Disco Seagate IronWolf NAS 8TB,Origen: Rentman legacy inventory 2021-10-15; Código Rentman original: 1194; Carpeta Rentman: Archiving/Hardrives; Tipo carpeta Rentman: Equipos; Tipo item Rentman: Articulo; Tiene accesorios Rentman: 0; Nota Rentman: Tipo : HDD Velocidad : 7200 RPM,,,
Disco Seagate IronWolf NAS 8TB,R-1194-19,HD,,,WSD2BV70,Good,26,owned,,STORAGE 01,1001255,Disco Seagate IronWolf NAS 8TB,Origen: Rentman legacy inventory 2021-10-15; Código Rentman original: 1194; Carpeta Rentman: Archiving/Hardrives; Tipo carpeta Rentman: Equipos; Tipo item Rentman: Articulo; Tiene accesorios Rentman: 0; Nota Rentman: Tipo : HDD Velocidad : 7200 RPM,,,
Disco Seagate IronWolf NAS 8TB,R-1194-20,HD,,,WSD08SA1,Good,26,owned,,STORAGE 01,1001255,Disco Seagate IronWolf NAS 8TB,Origen: Rentman legacy inventory 2021-10-15; Código Rentman original: 1194; Carpeta Rentman: Archiving/Hardrives; Tipo carpeta Rentman: Equipos; Tipo item Rentman: Articulo; Tiene accesorios Rentman: 0; Nota Rentman: Tipo : HDD Velocidad : 7200 RPM,,,
Disco Seagate IronWolf NAS 8TB,R-1194-21,HD,,,WSD2HA8Z,Good,26,owned,,STORAGE 01,1001255,Disco Seagate IronWolf NAS 8TB,Origen: Rentman legacy inventory 2021-10-15; Código Rentman original: 1194; Carpeta Rentman: Archiving/Hardrives; Tipo carpeta Rentman: Equipos; Tipo item Rentman: Articulo; Tiene accesorios Rentman: 0; Nota Rentman: Tipo : HDD Velocidad : 7200 RPM,,,
Disco Seagate IronWolf NAS 8TB,R-1194-22,HD,,,WSD0FKJW,Good,26,owned,,STORAGE 01,1001255,Disco Seagate IronWolf NAS 8TB,Origen: Rentman legacy inventory 2021-10-15; Código Rentman original: 1194; Carpeta Rentman: Archiving/Hardrives; Tipo carpeta Rentman: Equipos; Tipo item Rentman: Articulo; Tiene accesorios Rentman: 0; Nota Rentman: Tipo : HDD Velocidad : 7200 RPM,,,
Disco Seagate IronWolf NAS 8TB,R-1194-23,HD,,,WSD2H0V5,Good,26,owned,,STORAGE 01,1001255,Disco Seagate IronWolf NAS 8TB,Origen: Rentman legacy inventory 2021-10-15; Código Rentman original: 1194; Carpeta Rentman: Archiving/Hardrives; Tipo carpeta Rentman: Equipos; Tipo item Rentman: Articulo; Tiene accesorios Rentman: 0; Nota Rentman: Tipo : HDD Velocidad : 7200 RPM,,,
Disco Seagate IronWolf NAS 8TB,R-1194-24,HD,,,WSD1D2CH,Good,26,owned,,STORAGE 01,1001255,Disco Seagate IronWolf NAS 8TB,Origen: Rentman legacy inventory 2021-10-15; Código Rentman original: 1194; Carpeta Rentman: Archiving/Hardrives; Tipo carpeta Rentman: Equipos; Tipo item Rentman: Articulo; Tiene accesorios Rentman: 0; Nota Rentman: Tipo : HDD Velocidad : 7200 RPM,,,
Disco Seagate IronWolf NAS 8TB,R-1194-25,HD,,,WSD15X01,Good,26,owned,,STORAGE 01,1001255,Disco Seagate IronWolf NAS 8TB,Origen: Rentman legacy inventory 2021-10-15; Código Rentman original: 1194; Carpeta Rentman: Archiving/Hardrives; Tipo carpeta Rentman: Equipos; Tipo item Rentman: Articulo; Tiene accesorios Rentman: 0; Nota Rentman: Tipo : HDD Velocidad : 7200 RPM,,,
Disco Seagate IronWolf NAS 8TB,R-1194-26,HD,,,WSD2VJJ5,Good,26,owned,,STORAGE 01,1001255,Disco Seagate IronWolf NAS 8TB,Origen: Rentman legacy inventory 2021-10-15; Código Rentman original: 1194; Carpeta Rentman: Archiving/Hardrives; Tipo carpeta Rentman: Equipos; Tipo item Rentman: Articulo; Tiene accesorios Rentman: 0; Nota Rentman: Tipo : HDD Velocidad : 7200 RPM,,,
Disco Seagate IronWolf 125 1TB,R-1195,HD,,,7TC004X7,Good,12,owned,,STORAGE 01,1001282,Disco Seagate IronWolf 125 1TB,Origen: Rentman legacy inventory 2021-10-15; Código Rentman original: 1195; Carpeta Rentman: Archiving/Hardrives; Tipo carpeta Rentman: Equipos; Tipo item Rentman: Articulo; Tiene accesorios Rentman: 0; Nota Rentman: Tipo : SDD Velocidad : SATA 6Gb/s,,,
Disco Seagate IronWolf 125 1TB,R-1195-2,HD,,,7TC0052Y,Good,12,owned,,STORAGE 01,1001282,Disco Seagate IronWolf 125 1TB,Origen: Rentman legacy inventory 2021-10-15; Código Rentman original: 1195; Carpeta Rentman: Archiving/Hardrives; Tipo carpeta Rentman: Equipos; Tipo item Rentman: Articulo; Tiene accesorios Rentman: 0; Nota Rentman: Tipo : SDD Velocidad : SATA 6Gb/s,,,
Disco Seagate IronWolf 125 1TB,R-1195-3,HD,,,7TC004XC,Good,12,owned,,STORAGE 01,1001282,Disco Seagate IronWolf 125 1TB,Origen: Rentman legacy inventory 2021-10-15; Código Rentman original: 1195; Carpeta Rentman: Archiving/Hardrives; Tipo carpeta Rentman: Equipos; Tipo item Rentman: Articulo; Tiene accesorios Rentman: 0; Nota Rentman: Tipo : SDD Velocidad : SATA 6Gb/s,,,
Disco Seagate IronWolf 125 1TB,R-1195-4,HD,,,7TC004ZC,Good,12,owned,,STORAGE 01,1001282,Disco Seagate IronWolf 125 1TB,Origen: Rentman legacy inventory 2021-10-15; Código Rentman original: 1195; Carpeta Rentman: Archiving/Hardrives; Tipo carpeta Rentman: Equipos; Tipo item Rentman: Articulo; Tiene accesorios Rentman: 0; Nota Rentman: Tipo : SDD Velocidad : SATA 6Gb/s,,,
Disco Seagate IronWolf 125 1TB,R-1195-5,HD,,,7TC0059J,Good,12,owned,,STORAGE 01,1001282,Disco Seagate IronWolf 125 1TB,Origen: Rentman legacy inventory 2021-10-15; Código Rentman original: 1195; Carpeta Rentman: Archiving/Hardrives; Tipo carpeta Rentman: Equipos; Tipo item Rentman: Articulo; Tiene accesorios Rentman: 0; Nota Rentman: Tipo : SDD Velocidad : SATA 6Gb/s,,,
Disco Seagate IronWolf 125 1TB,R-1195-6,HD,,,7TC004WZ,Good,12,owned,,STORAGE 01,1001282,Disco Seagate IronWolf 125 1TB,Origen: Rentman legacy inventory 2021-10-15; Código Rentman original: 1195; Carpeta Rentman: Archiving/Hardrives; Tipo carpeta Rentman: Equipos; Tipo item Rentman: Articulo; Tiene accesorios Rentman: 0; Nota Rentman: Tipo : SDD Velocidad : SATA 6Gb/s,,,
Disco Seagate IronWolf 125 1TB,R-1195-7,HD,,,7TC0054F,Good,12,owned,,STORAGE 01,1001282,Disco Seagate IronWolf 125 1TB,Origen: Rentman legacy inventory 2021-10-15; Código Rentman original: 1195; Carpeta Rentman: Archiving/Hardrives; Tipo carpeta Rentman: Equipos; Tipo item Rentman: Articulo; Tiene accesorios Rentman: 0; Nota Rentman: Tipo : SDD Velocidad : SATA 6Gb/s,,,
Disco Seagate IronWolf 125 1TB,R-1195-8,HD,,,7TC0050J,Good,12,owned,,STORAGE 01,1001282,Disco Seagate IronWolf 125 1TB,Origen: Rentman legacy inventory 2021-10-15; Código Rentman original: 1195; Carpeta Rentman: Archiving/Hardrives; Tipo carpeta Rentman: Equipos; Tipo item Rentman: Articulo; Tiene accesorios Rentman: 0; Nota Rentman: Tipo : SDD Velocidad : SATA 6Gb/s,,,
Disco Seagate IronWolf 125 1TB,R-1195-9,HD,,,7TC004ZQ,Good,12,owned,,STORAGE 01,1001282,Disco Seagate IronWolf 125 1TB,Origen: Rentman legacy inventory 2021-10-15; Código Rentman original: 1195; Carpeta Rentman: Archiving/Hardrives; Tipo carpeta Rentman: Equipos; Tipo item Rentman: Articulo; Tiene accesorios Rentman: 0; Nota Rentman: Tipo : SDD Velocidad : SATA 6Gb/s,,,
Disco Seagate IronWolf 125 1TB,R-1195-10,HD,,,7TC0059B,Good,12,owned,,STORAGE 01,1001282,Disco Seagate IronWolf 125 1TB,Origen: Rentman legacy inventory 2021-10-15; Código Rentman original: 1195; Carpeta Rentman: Archiving/Hardrives; Tipo carpeta Rentman: Equipos; Tipo item Rentman: Articulo; Tiene accesorios Rentman: 0; Nota Rentman: Tipo : SDD Velocidad : SATA 6Gb/s,,,
Disco Seagate IronWolf 125 1TB,R-1195-11,HD,,,7TC004YN,Good,12,owned,,STORAGE 01,1001282,Disco Seagate IronWolf 125 1TB,Origen: Rentman legacy inventory 2021-10-15; Código Rentman original: 1195; Carpeta Rentman: Archiving/Hardrives; Tipo carpeta Rentman: Equipos; Tipo item Rentman: Articulo; Tiene accesorios Rentman: 0; Nota Rentman: Tipo : SDD Velocidad : SATA 6Gb/s,,,
Disco Seagate IronWolf 125 1TB,R-1195-12,HD,,,7TC005CC,Good,12,owned,,STORAGE 01,1001282,Disco Seagate IronWolf 125 1TB,Origen: Rentman legacy inventory 2021-10-15; Código Rentman original: 1195; Carpeta Rentman: Archiving/Hardrives; Tipo carpeta Rentman: Equipos; Tipo item Rentman: Articulo; Tiene accesorios Rentman: 0; Nota Rentman: Tipo : SDD Velocidad : SATA 6Gb/s,,,
Disco Western Digital WD RED SA500 1TB,R-1196,HD,,,21115Z800059,Good,4,owned,,STORAGE 01,1001295,Disco Western Digital WD RED SA500 1TB,Origen: Rentman legacy inventory 2021-10-15; Código Rentman original: 1196; Carpeta Rentman: Archiving/Hardrives; Tipo carpeta Rentman: Equipos; Tipo item Rentman: Articulo; Tiene accesorios Rentman: 0; Nota Rentman: Tipo : SDD Velocidad : SATA 2.5,,,
Disco Western Digital WD RED SA500 1TB,R-1196-2,HD,,,21115Z800076,Good,4,owned,,STORAGE 01,1001295,Disco Western Digital WD RED SA500 1TB,Origen: Rentman legacy inventory 2021-10-15; Código Rentman original: 1196; Carpeta Rentman: Archiving/Hardrives; Tipo carpeta Rentman: Equipos; Tipo item Rentman: Articulo; Tiene accesorios Rentman: 0; Nota Rentman: Tipo : SDD Velocidad : SATA 2.5,,,
Disco Western Digital WD RED SA500 1TB,R-1196-3,HD,,,21115Z800002,Good,4,owned,,STORAGE 01,1001295,Disco Western Digital WD RED SA500 1TB,Origen: Rentman legacy inventory 2021-10-15; Código Rentman original: 1196; Carpeta Rentman: Archiving/Hardrives; Tipo carpeta Rentman: Equipos; Tipo item Rentman: Articulo; Tiene accesorios Rentman: 0; Nota Rentman: Tipo : SDD Velocidad : SATA 2.5,,,
Disco Western Digital WD RED SA500 1TB,R-1196-4,HD,,,21115Z800051,Good,4,owned,,STORAGE 01,1001295,Disco Western Digital WD RED SA500 1TB,Origen: Rentman legacy inventory 2021-10-15; Código Rentman original: 1196; Carpeta Rentman: Archiving/Hardrives; Tipo carpeta Rentman: Equipos; Tipo item Rentman: Articulo; Tiene accesorios Rentman: 0; Nota Rentman: Tipo : SDD Velocidad : SATA 2.5,,,
Disco Seagate IronWolf 125 2TB,R-1197,HD,,,7TD003VR,Good,8,owned,,STORAGE 01,1001300,Disco Seagate IronWolf 125 2TB,Origen: Rentman legacy inventory 2021-10-15; Código Rentman original: 1197; Carpeta Rentman: Archiving/Hardrives; Tipo carpeta Rentman: Equipos; Tipo item Rentman: Articulo; Tiene accesorios Rentman: 0; Nota Rentman: Tipo : SDD Velocidad : SATA 2.5,,,
Disco Seagate IronWolf 125 2TB,R-1197-2,HD,,,7TD003W0,Good,8,owned,,STORAGE 01,1001300,Disco Seagate IronWolf 125 2TB,Origen: Rentman legacy inventory 2021-10-15; Código Rentman original: 1197; Carpeta Rentman: Archiving/Hardrives; Tipo carpeta Rentman: Equipos; Tipo item Rentman: Articulo; Tiene accesorios Rentman: 0; Nota Rentman: Tipo : SDD Velocidad : SATA 2.5,,,
Disco Seagate IronWolf 125 2TB,R-1197-3,HD,,,7TD0046G,Good,8,owned,,STORAGE 01,1001300,Disco Seagate IronWolf 125 2TB,Origen: Rentman legacy inventory 2021-10-15; Código Rentman original: 1197; Carpeta Rentman: Archiving/Hardrives; Tipo carpeta Rentman: Equipos; Tipo item Rentman: Articulo; Tiene accesorios Rentman: 0; Nota Rentman: Tipo : SDD Velocidad : SATA 2.5,,,
Disco Seagate IronWolf 125 2TB,R-1197-4,HD,,,7TD0046J,Good,8,owned,,STORAGE 01,1001300,Disco Seagate IronWolf 125 2TB,Origen: Rentman legacy inventory 2021-10-15; Código Rentman original: 1197; Carpeta Rentman: Archiving/Hardrives; Tipo carpeta Rentman: Equipos; Tipo item Rentman: Articulo; Tiene accesorios Rentman: 0; Nota Rentman: Tipo : SDD Velocidad : SATA 2.5,,,
Disco Seagate IronWolf 125 2TB,R-1197-5,HD,,,7TD003YT,Good,8,owned,,STORAGE 01,1001300,Disco Seagate IronWolf 125 2TB,Origen: Rentman legacy inventory 2021-10-15; Código Rentman original: 1197; Carpeta Rentman: Archiving/Hardrives; Tipo carpeta Rentman: Equipos; Tipo item Rentman: Articulo; Tiene accesorios Rentman: 0; Nota Rentman: Tipo : SDD Velocidad : SATA 2.5,,,
Disco Seagate IronWolf 125 2TB,R-1197-6,HD,,,7TD00477,Good,8,owned,,STORAGE 01,1001300,Disco Seagate IronWolf 125 2TB,Origen: Rentman legacy inventory 2021-10-15; Código Rentman original: 1197; Carpeta Rentman: Archiving/Hardrives; Tipo carpeta Rentman: Equipos; Tipo item Rentman: Articulo; Tiene accesorios Rentman: 0; Nota Rentman: Tipo : SDD Velocidad : SATA 2.5,,,
Disco Seagate IronWolf 125 2TB,R-1197-7,HD,,,7TD0040X,Good,8,owned,,STORAGE 01,1001300,Disco Seagate IronWolf 125 2TB,Origen: Rentman legacy inventory 2021-10-15; Código Rentman original: 1197; Carpeta Rentman: Archiving/Hardrives; Tipo carpeta Rentman: Equipos; Tipo item Rentman: Articulo; Tiene accesorios Rentman: 0; Nota Rentman: Tipo : SDD Velocidad : SATA 2.5,,,
Disco Seagate IronWolf 125 2TB,R-1197-8,HD,,,7TD0044R,Good,8,owned,,STORAGE 01,1001300,Disco Seagate IronWolf 125 2TB,Origen: Rentman legacy inventory 2021-10-15; Código Rentman original: 1197; Carpeta Rentman: Archiving/Hardrives; Tipo carpeta Rentman: Equipos; Tipo item Rentman: Articulo; Tiene accesorios Rentman: 0; Nota Rentman: Tipo : SDD Velocidad : SATA 2.5,,,
Disco Western Digital WD RED SA500 2TB,R-1198,HD,,,21084H800464,Good,8,owned,,STORAGE 01,1001309,Disco Western Digital WD RED SA500 2TB,Origen: Rentman legacy inventory 2021-10-15; Código Rentman original: 1198; Carpeta Rentman: Archiving/Hardrives; Tipo carpeta Rentman: Equipos; Tipo item Rentman: Articulo; Tiene accesorios Rentman: 0; Nota Rentman: Tipo : SDD Velocidad : SATA 2.5,,,
Disco Western Digital WD RED SA500 2TB,R-1198-2,HD,,,21084H800516,Good,8,owned,,STORAGE 01,1001309,Disco Western Digital WD RED SA500 2TB,Origen: Rentman legacy inventory 2021-10-15; Código Rentman original: 1198; Carpeta Rentman: Archiving/Hardrives; Tipo carpeta Rentman: Equipos; Tipo item Rentman: Articulo; Tiene accesorios Rentman: 0; Nota Rentman: Tipo : SDD Velocidad : SATA 2.5,,,
Disco Western Digital WD RED SA500 2TB,R-1198-3,HD,,,21084H800532,Good,8,owned,,STORAGE 01,1001309,Disco Western Digital WD RED SA500 2TB,Origen: Rentman legacy inventory 2021-10-15; Código Rentman original: 1198; Carpeta Rentman: Archiving/Hardrives; Tipo carpeta Rentman: Equipos; Tipo item Rentman: Articulo; Tiene accesorios Rentman: 0; Nota Rentman: Tipo : SDD Velocidad : SATA 2.5,,,
Disco Western Digital WD RED SA500 2TB,R-1198-4,HD,,,21084H800454,Good,8,owned,,STORAGE 01,1001309,Disco Western Digital WD RED SA500 2TB,Origen: Rentman legacy inventory 2021-10-15; Código Rentman original: 1198; Carpeta Rentman: Archiving/Hardrives; Tipo carpeta Rentman: Equipos; Tipo item Rentman: Articulo; Tiene accesorios Rentman: 0; Nota Rentman: Tipo : SDD Velocidad : SATA 2.5,,,
Disco Western Digital WD RED SA500 2TB,R-1198-5,HD,,,7TD0047M,Good,8,owned,,STORAGE 01,1001309,Disco Western Digital WD RED SA500 2TB,Origen: Rentman legacy inventory 2021-10-15; Código Rentman original: 1198; Carpeta Rentman: Archiving/Hardrives; Tipo carpeta Rentman: Equipos; Tipo item Rentman: Articulo; Tiene accesorios Rentman: 0; Nota Rentman: Tipo : SDD Velocidad : SATA 2.5,,,
Disco Western Digital WD RED SA500 2TB,R-1198-6,HD,,,7TD0046N,Good,8,owned,,STORAGE 01,1001309,Disco Western Digital WD RED SA500 2TB,Origen: Rentman legacy inventory 2021-10-15; Código Rentman original: 1198; Carpeta Rentman: Archiving/Hardrives; Tipo carpeta Rentman: Equipos; Tipo item Rentman: Articulo; Tiene accesorios Rentman: 0; Nota Rentman: Tipo : SDD Velocidad : SATA 2.5,,,
Disco Western Digital WD RED SA500 2TB,R-1198-7,HD,,,7TD0040J,Good,8,owned,,STORAGE 01,1001309,Disco Western Digital WD RED SA500 2TB,Origen: Rentman legacy inventory 2021-10-15; Código Rentman original: 1198; Carpeta Rentman: Archiving/Hardrives; Tipo carpeta Rentman: Equipos; Tipo item Rentman: Articulo; Tiene accesorios Rentman: 0; Nota Rentman: Tipo : SDD Velocidad : SATA 2.5,,,
Disco Western Digital WD RED SA500 2TB,R-1198-8,HD,,,7TD0047C,Good,8,owned,,STORAGE 01,1001309,Disco Western Digital WD RED SA500 2TB,Origen: Rentman legacy inventory 2021-10-15; Código Rentman original: 1198; Carpeta Rentman: Archiving/Hardrives; Tipo carpeta Rentman: Equipos; Tipo item Rentman: Articulo; Tiene accesorios Rentman: 0; Nota Rentman: Tipo : SDD Velocidad : SATA 2.5,,,
Disco Western Digital Blue 2TB 3D NAND 2TB,R-1199,HD,,,183753801062,Good,1,owned,,STORAGE 01,1001318,Disco Western Digital Blue 2TB 3D NAND 2TB,Origen: Rentman legacy inventory 2021-10-15; Código Rentman original: 1199; Carpeta Rentman: Archiving/Hardrives; Tipo carpeta Rentman: Equipos; Tipo item Rentman: Articulo; Tiene accesorios Rentman: 0; Nota Rentman: Tipo : SDD Velocidad : SATA 2.5,,,
Enclosure G SPEED SHUTTLE A,R-1200,ACC,,,GS4000000244,Good,1,owned,,STORAGE 01,1001320,Enclosure G SPEED SHUTTLE A,Origen: Rentman legacy inventory 2021-10-15; Código Rentman original: 1200; Carpeta Rentman: Archiving/Enclosure; Tipo carpeta Rentman: Equipos; Tipo item Rentman: Articulo; Tiene accesorios Rentman: 0,,,
Enclosure Pegasus 2 R4 Promise Technology,R-1201,ACC,,,QUL042010857,Good,1,owned,,STORAGE 01,1001322,Enclosure Pegasus 2 R4 Promise Technology,Origen: Rentman legacy inventory 2021-10-15; Código Rentman original: 1201; Carpeta Rentman: Archiving/Enclosure; Tipo carpeta Rentman: Equipos; Tipo item Rentman: Articulo; Tiene accesorios Rentman: 0,,,
Enclosure LACIE 8TB (4TBx2),R-1202,ACC,,,16031405210129GHB,Good,1,owned,,STORAGE 01,1001324,Enclosure LACIE 8TB (4TBx2),Origen: Rentman legacy inventory 2021-10-15; Código Rentman original: 1202; Carpeta Rentman: Archiving/Enclosure; Tipo carpeta Rentman: Equipos; Tipo item Rentman: Articulo; Tiene accesorios Rentman: 0,,,
Enclosure Server (8TBx8),R-1203,ACC,,,2130RWRFCQ2Y7,Good,1,owned,,STORAGE 01,1001325,Enclosure Server (8TBx8),Origen: Rentman legacy inventory 2021-10-15; Código Rentman original: 1203; Carpeta Rentman: Archiving/Enclosure; Tipo carpeta Rentman: Equipos; Tipo item Rentman: Articulo; Tiene accesorios Rentman: 0,,,
Enclosure LACIE 8TB METADATA_BACKUP (4TBx2),R-1204,ACC,,,,Good,1,owned,,STORAGE 01,1001326,Enclosure LACIE 8TB METADATA_BACKUP (4TBx2),Origen: Rentman legacy inventory 2021-10-15; Código Rentman original: 1204; Carpeta Rentman: Archiving/Enclosure; Tipo carpeta Rentman: Equipos; Tipo item Rentman: Articulo; Tiene accesorios Rentman: 0,,,
Enclosure OWC-01,R-1205,ACC,,,,Good,1,owned,,STORAGE 01,1001327,Enclosure OWC-01,Origen: Rentman legacy inventory 2021-10-15; Código Rentman original: 1205; Carpeta Rentman: Archiving/Enclosure; Tipo carpeta Rentman: Equipos; Tipo item Rentman: Articulo; Tiene accesorios Rentman: 0,,,
Enclosure LACIE 16TB (8TBx2),R-1206,ACC,,,,Good,1,owned,,STORAGE 01,1001328,Enclosure LACIE 16TB (8TBx2),Origen: Rentman legacy inventory 2021-10-15; Código Rentman original: 1206; Carpeta Rentman: Archiving/Enclosure; Tipo carpeta Rentman: Equipos; Tipo item Rentman: Articulo; Tiene accesorios Rentman: 0,,,
Enclosure OWC SoftRAID XT (Backup A),R-1207,ACC,,,29578793,Good,1,owned,,STORAGE 01,1001329,Enclosure OWC SoftRAID XT (Backup A),Origen: Rentman legacy inventory 2021-10-15; Código Rentman original: 1207; Carpeta Rentman: Archiving/Enclosure; Tipo carpeta Rentman: Equipos; Tipo item Rentman: Articulo; Tiene accesorios Rentman: 0,,,
Enclosure OWC SoftRAID XT (Backup B),R-1208,ACC,,,29741493,Good,1,owned,,STORAGE 01,1001330,Enclosure OWC SoftRAID XT (Backup B),Origen: Rentman legacy inventory 2021-10-15; Código Rentman original: 1208; Carpeta Rentman: Archiving/Enclosure; Tipo carpeta Rentman: Equipos; Tipo item Rentman: Articulo; Tiene accesorios Rentman: 0,,,
Enclosure SHUTTLE 01 (1TBx4),R-1209,ACC,,,2940003101,Good,1,owned,,STORAGE 01,1001331,Enclosure SHUTTLE 01 (1TBx4),Origen: Rentman legacy inventory 2021-10-15; Código Rentman original: 1209; Carpeta Rentman: Archiving/Enclosure; Tipo carpeta Rentman: Equipos; Tipo item Rentman: Articulo; Tiene accesorios Rentman: 0,,,
Enclosure SHUTTLE 03 (1TBx4),R-1210,ACC,,,2940003463,Good,1,owned,,STORAGE 01,1001333,Enclosure SHUTTLE 03 (1TBx4),Origen: Rentman legacy inventory 2021-10-15; Código Rentman original: 1210; Carpeta Rentman: Archiving/Enclosure; Tipo carpeta Rentman: Equipos; Tipo item Rentman: Articulo; Tiene accesorios Rentman: 0,,,
Enclosure SHUTTLE 05 (1TBx4),R-1211,ACC,,,2940003469,Good,1,owned,,STORAGE 01,1001335,Enclosure SHUTTLE 05 (1TBx4),Origen: Rentman legacy inventory 2021-10-15; Código Rentman original: 1211; Carpeta Rentman: Archiving/Enclosure; Tipo carpeta Rentman: Equipos; Tipo item Rentman: Articulo; Tiene accesorios Rentman: 0,,,
Enclosure SHUTTLE 07 (1TBx4),R-1212,ACC,,,2940003374,Good,1,owned,,STORAGE 01,1001337,Enclosure SHUTTLE 07 (1TBx4),Origen: Rentman legacy inventory 2021-10-15; Código Rentman original: 1212; Carpeta Rentman: Archiving/Enclosure; Tipo carpeta Rentman: Equipos; Tipo item Rentman: Articulo; Tiene accesorios Rentman: 0,,,
Enclosure SHUTTLE 02 (2TBx4),R-1213,ACC,,,2940003457,Good,1,owned,,STORAGE 01,1001339,Enclosure SHUTTLE 02 (2TBx4),Origen: Rentman legacy inventory 2021-10-15; Código Rentman original: 1213; Carpeta Rentman: Archiving/Enclosure; Tipo carpeta Rentman: Equipos; Tipo item Rentman: Articulo; Tiene accesorios Rentman: 0,,,
Enclosure SHUTTLE 06 (2TBx4),R-1214,ACC,,,2940003333,Good,1,owned,,STORAGE 01,1001341,Enclosure SHUTTLE 06 (2TBx4),Origen: Rentman legacy inventory 2021-10-15; Código Rentman original: 1214; Carpeta Rentman: Archiving/Enclosure; Tipo carpeta Rentman: Equipos; Tipo item Rentman: Articulo; Tiene accesorios Rentman: 0,,,
Enclosure SHUTTLE 08 (2TBx4),R-1215,ACC,,,2940003455,Good,1,owned,,STORAGE 01,1001343,Enclosure SHUTTLE 08 (2TBx4),Origen: Rentman legacy inventory 2021-10-15; Código Rentman original: 1215; Carpeta Rentman: Archiving/Enclosure; Tipo carpeta Rentman: Equipos; Tipo item Rentman: Articulo; Tiene accesorios Rentman: 0,,,
Enclosure SHUTTLE 04 (2TBx4),R-1216,ACC,,,2940003735,Good,1,owned,,STORAGE 01,1001345,Enclosure SHUTTLE 04 (2TBx4),Origen: Rentman legacy inventory 2021-10-15; Código Rentman original: 1216; Carpeta Rentman: Archiving/Enclosure; Tipo carpeta Rentman: Equipos; Tipo item Rentman: Articulo; Tiene accesorios Rentman: 0,,,
Enclosure LACIE (4TBx1),R-1217,ACC,,,,Good,1,owned,,STORAGE 01,1001347,Enclosure LACIE (4TBx1),Origen: Rentman legacy inventory 2021-10-15; Código Rentman original: 1217; Carpeta Rentman: Archiving/Enclosure; Tipo carpeta Rentman: Equipos; Tipo item Rentman: Articulo; Tiene accesorios Rentman: 0,,,
Power AC Enclosure G SPEED SHUTTLE A,R-1218,POW,,,,Good,1,owned,,STORAGE 01,1001352,Power AC Enclosure G SPEED SHUTTLE A,Origen: Rentman legacy inventory 2021-10-15; Código Rentman original: 1218; Carpeta Rentman: Power/Alimentadores AC/Asignados; Tipo carpeta Rentman: Equipos; Tipo item Rentman: Articulo; Tiene accesorios Rentman: 0,,,
Power AC Enclosure LACIE 2Bay Thunderbolt 2,R-1219,POW,,,,Good,1,owned,,STORAGE 01,1001353,Power AC Enclosure LACIE 2Bay Thunderbolt 2,Origen: Rentman legacy inventory 2021-10-15; Código Rentman original: 1219; Carpeta Rentman: Power/Alimentadores AC/Asignados; Tipo carpeta Rentman: Equipos; Tipo item Rentman: Articulo; Tiene accesorios Rentman: 0,,,
Power AC Enclosure LACIE 8TB (4TBx2),R-1220,POW,,,,Good,1,owned,,STORAGE 01,1001354,Power AC Enclosure LACIE 8TB (4TBx2),Origen: Rentman legacy inventory 2021-10-15; Código Rentman original: 1220; Carpeta Rentman: Power/Alimentadores AC/Asignados; Tipo carpeta Rentman: Equipos; Tipo item Rentman: Articulo; Tiene accesorios Rentman: 0,,,
Power AC Enclosure LACIE 16TB (8TBx2),R-1221,POW,,,,Good,1,owned,,STORAGE 01,1001355,Power AC Enclosure LACIE 16TB (8TBx2),Origen: Rentman legacy inventory 2021-10-15; Código Rentman original: 1221; Carpeta Rentman: Power/Alimentadores AC/Asignados; Tipo carpeta Rentman: Equipos; Tipo item Rentman: Articulo; Tiene accesorios Rentman: 0,,,
Power AC Enclosure LACIE (4TBx1),R-1222,POW,,,,Good,1,owned,,STORAGE 01,1001356,Power AC Enclosure LACIE (4TBx1),Origen: Rentman legacy inventory 2021-10-15; Código Rentman original: 1222; Carpeta Rentman: Power/Alimentadores AC/Asignados; Tipo carpeta Rentman: Equipos; Tipo item Rentman: Articulo; Tiene accesorios Rentman: 0,,,
Power AC Enclosure OWC 4Bay Thunderbolt3,R-1223,POW,,,,Good,8,owned,,STORAGE 01,1001357,Power AC Enclosure OWC 4Bay Thunderbolt3,Origen: Rentman legacy inventory 2021-10-15; Código Rentman original: 1223; Carpeta Rentman: Power/Alimentadores AC/Asignados; Tipo carpeta Rentman: Equipos; Tipo item Rentman: Articulo; Tiene accesorios Rentman: 0,,,
Power AC Enclosure OWC 4Bay Thunderbolt 2,R-1224,POW,,,,Good,1,owned,,STORAGE 01,1001358,Power AC Enclosure OWC 4Bay Thunderbolt 2,Origen: Rentman legacy inventory 2021-10-15; Código Rentman original: 1224; Carpeta Rentman: Power/Alimentadores AC/Asignados; Tipo carpeta Rentman: Equipos; Tipo item Rentman: Articulo; Tiene accesorios Rentman: 0,,,
Power AC Enclosure OWC 8 Bay Thunderbolt 3,R-1225,POW,,,,Good,2,owned,,STORAGE 01,1001359,Power AC Enclosure OWC 8 Bay Thunderbolt 3,Origen: Rentman legacy inventory 2021-10-15; Código Rentman original: 1225; Carpeta Rentman: Power/Alimentadores AC/Asignados; Tipo carpeta Rentman: Equipos; Tipo item Rentman: Articulo; Tiene accesorios Rentman: 0,,,
Power AC Enclosure OWC SoftRAID XT (Backup A),R-1226,POW,,,,Good,1,owned,,STORAGE 01,1001360,Power AC Enclosure OWC SoftRAID XT (Backup A),Origen: Rentman legacy inventory 2021-10-15; Código Rentman original: 1226; Carpeta Rentman: Power/Alimentadores AC/Asignados; Tipo carpeta Rentman: Equipos; Tipo item Rentman: Articulo; Tiene accesorios Rentman: 0,,,
Power AC Enclosure OWC SoftRAID XT (Backup B),R-1227,POW,,,,Good,1,owned,,STORAGE 01,1001361,Power AC Enclosure OWC SoftRAID XT (Backup B),Origen: Rentman legacy inventory 2021-10-15; Código Rentman original: 1227; Carpeta Rentman: Power/Alimentadores AC/Asignados; Tipo carpeta Rentman: Equipos; Tipo item Rentman: Articulo; Tiene accesorios Rentman: 0,,,
Power AC Enclosure OWC-01,R-1228,POW,,,,Good,1,owned,,STORAGE 01,1001362,Power AC Enclosure OWC-01,Origen: Rentman legacy inventory 2021-10-15; Código Rentman original: 1228; Carpeta Rentman: Power/Alimentadores AC/Asignados; Tipo carpeta Rentman: Equipos; Tipo item Rentman: Articulo; Tiene accesorios Rentman: 0,,,
Power AC Enclosure Pegasus 2 R4 Promise Technology,R-1229,POW,,,,Good,1,owned,,STORAGE 01,1001363,Power AC Enclosure Pegasus 2 R4 Promise Technology,Origen: Rentman legacy inventory 2021-10-15; Código Rentman original: 1229; Carpeta Rentman: Power/Alimentadores AC/Asignados; Tipo carpeta Rentman: Equipos; Tipo item Rentman: Articulo; Tiene accesorios Rentman: 0,,,
Power AC Enclosure Server (8TBx8),R-1230,POW,,,,Good,1,owned,,STORAGE 01,1001364,Power AC Enclosure Server (8TBx8),Origen: Rentman legacy inventory 2021-10-15; Código Rentman original: 1230; Carpeta Rentman: Power/Alimentadores AC/Asignados; Tipo carpeta Rentman: Equipos; Tipo item Rentman: Articulo; Tiene accesorios Rentman: 0,,,
Power AC Enclosure SHUTTLE 01 (1TBx4),R-1231,POW,,,,Good,1,owned,,STORAGE 01,1001365,Power AC Enclosure SHUTTLE 01 (1TBx4),Origen: Rentman legacy inventory 2021-10-15; Código Rentman original: 1231; Carpeta Rentman: Power/Alimentadores AC/Asignados; Tipo carpeta Rentman: Equipos; Tipo item Rentman: Articulo; Tiene accesorios Rentman: 0,,,
Power AC Enclosure SHUTTLE 02 (2TBx4),R-1232,POW,,,,Good,1,owned,,STORAGE 01,1001366,Power AC Enclosure SHUTTLE 02 (2TBx4),Origen: Rentman legacy inventory 2021-10-15; Código Rentman original: 1232; Carpeta Rentman: Power/Alimentadores AC/Asignados; Tipo carpeta Rentman: Equipos; Tipo item Rentman: Articulo; Tiene accesorios Rentman: 0,,,
Power AC Enclosure SHUTTLE 03 (1TBx4),R-1233,POW,,,,Good,1,owned,,STORAGE 01,1001367,Power AC Enclosure SHUTTLE 03 (1TBx4),Origen: Rentman legacy inventory 2021-10-15; Código Rentman original: 1233; Carpeta Rentman: Power/Alimentadores AC/Asignados; Tipo carpeta Rentman: Equipos; Tipo item Rentman: Articulo; Tiene accesorios Rentman: 0,,,
Power AC Enclosure SHUTTLE 04 (2TBx4),R-1234,POW,,,,Good,1,owned,,STORAGE 01,1001368,Power AC Enclosure SHUTTLE 04 (2TBx4),Origen: Rentman legacy inventory 2021-10-15; Código Rentman original: 1234; Carpeta Rentman: Power/Alimentadores AC/Asignados; Tipo carpeta Rentman: Equipos; Tipo item Rentman: Articulo; Tiene accesorios Rentman: 0,,,
Power AC Enclosure SHUTTLE 05 (1TBx4),R-1235,POW,,,,Good,1,owned,,STORAGE 01,1001369,Power AC Enclosure SHUTTLE 05 (1TBx4),Origen: Rentman legacy inventory 2021-10-15; Código Rentman original: 1235; Carpeta Rentman: Power/Alimentadores AC/Asignados; Tipo carpeta Rentman: Equipos; Tipo item Rentman: Articulo; Tiene accesorios Rentman: 0,,,
Power AC Enclosure SHUTTLE 06 (2TBx4),R-1236,POW,,,,Good,1,owned,,STORAGE 01,1001370,Power AC Enclosure SHUTTLE 06 (2TBx4),Origen: Rentman legacy inventory 2021-10-15; Código Rentman original: 1236; Carpeta Rentman: Power/Alimentadores AC/Asignados; Tipo carpeta Rentman: Equipos; Tipo item Rentman: Articulo; Tiene accesorios Rentman: 0,,,
Power AC Enclosure SHUTTLE 07 (1TBx4),R-1237,POW,,,,Good,1,owned,,STORAGE 01,1001371,Power AC Enclosure SHUTTLE 07 (1TBx4),Origen: Rentman legacy inventory 2021-10-15; Código Rentman original: 1237; Carpeta Rentman: Power/Alimentadores AC/Asignados; Tipo carpeta Rentman: Equipos; Tipo item Rentman: Articulo; Tiene accesorios Rentman: 0,,,
Power AC Enclosure SHUTTLE 08 (2TBx4),R-1238,POW,,,,Good,1,owned,,STORAGE 01,1001372,Power AC Enclosure SHUTTLE 08 (2TBx4),Origen: Rentman legacy inventory 2021-10-15; Código Rentman original: 1238; Carpeta Rentman: Power/Alimentadores AC/Asignados; Tipo carpeta Rentman: Equipos; Tipo item Rentman: Articulo; Tiene accesorios Rentman: 0,,,
Drive Set G-Speed Shuttle A,R-1239,HD,,,GS4000000244,Good,1,owned,,STORAGE 01,1001373,Drive Set G-Speed Shuttle A,Origen: Rentman legacy inventory 2021-10-15; Código Rentman original: 1239; Carpeta Rentman: Archiving/Drives Sets; Tipo carpeta Rentman: Equipos; Tipo item Rentman: case; Tiene accesorios Rentman: 1,,,
Drive Set Pegasus 2 R4 Promise Technology,R-1240,HD,,,QUL042010857,Good,1,owned,,STORAGE 01,1001375,Drive Set Pegasus 2 R4 Promise Technology,Origen: Rentman legacy inventory 2021-10-15; Código Rentman original: 1240; Carpeta Rentman: Archiving/Drives Sets; Tipo carpeta Rentman: Equipos; Tipo item Rentman: case; Tiene accesorios Rentman: 1,,,
Drive Set LACIE 8TB (4TBx2),R-1241,HD,,,16031405210129GHB,Good,1,owned,,STORAGE 01,1001377,Drive Set LACIE 8TB (4TBx2),Origen: Rentman legacy inventory 2021-10-15; Código Rentman original: 1241; Carpeta Rentman: Archiving/Drives Sets; Tipo carpeta Rentman: Equipos; Tipo item Rentman: case; Tiene accesorios Rentman: 1,,,
Drive Set Server (8TBx8),R-1242,HD,,,2130RWRFCQ2Y7,Good,1,owned,,STORAGE 01,1001379,Drive Set Server (8TBx8),Origen: Rentman legacy inventory 2021-10-15; Código Rentman original: 1242; Carpeta Rentman: Archiving/Drives Sets; Tipo carpeta Rentman: Equipos; Tipo item Rentman: case; Tiene accesorios Rentman: 1,,,
Drive Set OWC SoftRAID XT,R-1243,HD,,,29578793,Good,1,owned,,STORAGE 01,1001381,Drive Set OWC SoftRAID XT,Origen: Rentman legacy inventory 2021-10-15; Código Rentman original: 1243; Carpeta Rentman: Archiving/Drives Sets; Tipo carpeta Rentman: Equipos; Tipo item Rentman: case; Tiene accesorios Rentman: 1,,,
Monitor Flanders Zunzheng,R-1244,MON,,,,Good,1,owned,,,1001383,Monitor Flanders Zunzheng,Origen: Rentman legacy inventory 2021-10-15; Código Rentman original: 1244; Carpeta Rentman: Monitores; Tipo carpeta Rentman: Equipos; Tipo item Rentman: Articulo; Tiene accesorios Rentman: 0,,,
DVD Player Blue Ray Disk,R-1246,ACC,,,,Good,1,owned,,,1001385,DVD Player Blue Ray Disk,Origen: Rentman legacy inventory 2021-10-15; Código Rentman original: 1246; Carpeta Rentman: Accesorios; Tipo carpeta Rentman: Equipos; Tipo item Rentman: Articulo; Tiene accesorios Rentman: 0,,,
Router Lynksys EA2700,R-1248,ACC,,,,Good,1,owned,,,1001387,Router Lynksys EA2700,Origen: Rentman legacy inventory 2021-10-15; Código Rentman original: 1248; Carpeta Rentman: Wireless Systems; Tipo carpeta Rentman: Equipos; Tipo item Rentman: Articulo; Tiene accesorios Rentman: 0,,,
Power AC Router Lynksys EA2700,R-1249,POW,,,,Good,1,owned,,,1001388,Power AC Router Lynksys EA2700,Origen: Rentman legacy inventory 2021-10-15; Código Rentman original: 1249; Carpeta Rentman: Power/Alimentadores AC/Asignados; Tipo carpeta Rentman: Equipos; Tipo item Rentman: Articulo; Tiene accesorios Rentman: 0,,,
Bocinas Panasonic SCBTT466,R-1250,ACC,,,,Good,1,owned,,,1001389,Bocinas Panasonic SCBTT466,Origen: Rentman legacy inventory 2021-10-15; Código Rentman original: 1250; Carpeta Rentman: Accesorios; Tipo carpeta Rentman: Equipos; Tipo item Rentman: Articulo; Tiene accesorios Rentman: 0,,,
UPS Unipower,R-1251,POW,,,,Good,1,owned,,COLOR LAB,1001390,UPS Unipower,Origen: Rentman legacy inventory 2021-10-15; Código Rentman original: 1251; Carpeta Rentman: Power/UPS; Tipo carpeta Rentman: Equipos; Tipo item Rentman: Articulo; Tiene accesorios Rentman: 0,,,
Dock Sabrent,R-1252,ACC,,,,Good,1,owned,,,1001391,Dock Sabrent,Origen: Rentman legacy inventory 2021-10-15; Código Rentman original: 1252; Carpeta Rentman: Accesorios; Tipo carpeta Rentman: Equipos; Tipo item Rentman: Articulo; Tiene accesorios Rentman: 0,,,
Power AC Dock Sabrent,R-1253,POW,,,,Good,1,owned,,,1001392,Power AC Dock Sabrent,Origen: Rentman legacy inventory 2021-10-15; Código Rentman original: 1253; Carpeta Rentman: Power/Alimentadores AC/Asignados; Tipo carpeta Rentman: Equipos; Tipo item Rentman: Articulo; Tiene accesorios Rentman: 0,,,
Teclado Numeric Pad (Black),R-1254,HD,,,,Good,1,owned,,COLOR LAB,1001393,Teclado Numeric Pad (Black),Origen: Rentman legacy inventory 2021-10-15; Código Rentman original: 1254; Carpeta Rentman: Hardware/Teclados; Tipo carpeta Rentman: Equipos; Tipo item Rentman: Articulo; Tiene accesorios Rentman: 0,,,
Hub Techole HDMI 3 Entradas,R-1255,SIG,,,,Good,1,owned,,,1001394,Hub Techole HDMI 3 Entradas,Origen: Rentman legacy inventory 2021-10-15; Código Rentman original: 1255; Carpeta Rentman: Accesorios/Accesorios Video; Tipo carpeta Rentman: Equipos; Tipo item Rentman: Articulo; Tiene accesorios Rentman: 0,,,
Power AC Enclosure G-Speed Shuttle A,R-1256,POW,,,,Good,1,owned,,,1001395,Power AC Enclosure G-Speed Shuttle A,Origen: Rentman legacy inventory 2021-10-15; Código Rentman original: 1256; Carpeta Rentman: Power/Alimentadores AC/Asignados; Tipo carpeta Rentman: Equipos; Tipo item Rentman: Articulo; Tiene accesorios Rentman: 0,,,
Power AC Enclosure LACIE 8TB (4TBx2),R-1257,POW,,,,Good,1,owned,,,1001396,Power AC Enclosure LACIE 8TB (4TBx2),Origen: Rentman legacy inventory 2021-10-15; Código Rentman original: 1257; Carpeta Rentman: Power/Alimentadores AC/Asignados; Tipo carpeta Rentman: Equipos; Tipo item Rentman: Articulo; Tiene accesorios Rentman: 0,,,
Power AC Enclosure OWC SoftRAID XT,R-1258,POW,,,,Good,1,owned,,,1001397,Power AC Enclosure OWC SoftRAID XT,Origen: Rentman legacy inventory 2021-10-15; Código Rentman original: 1258; Carpeta Rentman: Power/Alimentadores AC/Asignados; Tipo carpeta Rentman: Equipos; Tipo item Rentman: Articulo; Tiene accesorios Rentman: 0,,,
Power AC Enclosure Pegasus 2R4 Promise Technology,R-1259,POW,,,,Good,1,owned,,,1001398,Power AC Enclosure Pegasus 2R4 Promise Technology,Origen: Rentman legacy inventory 2021-10-15; Código Rentman original: 1259; Carpeta Rentman: Power/Alimentadores AC/Asignados; Tipo carpeta Rentman: Equipos; Tipo item Rentman: Articulo; Tiene accesorios Rentman: 0,,,
Power AC Enclosure Set Server (8TBx8),R-1260,POW,,,,Good,1,owned,,,1001399,Power AC Enclosure Set Server (8TBx8),Origen: Rentman legacy inventory 2021-10-15; Código Rentman original: 1260; Carpeta Rentman: Power/Alimentadores AC/Asignados; Tipo carpeta Rentman: Equipos; Tipo item Rentman: Articulo; Tiene accesorios Rentman: 0,,,
Power AC Enclosure LACIE,R-1261,POW,,,,Good,3,owned,,,1001400,Power AC Enclosure LACIE,Origen: Rentman legacy inventory 2021-10-15; Código Rentman original: 1261; Carpeta Rentman: Power/Alimentadores AC/Asignados; Tipo carpeta Rentman: Equipos; Tipo item Rentman: Articulo; Tiene accesorios Rentman: 0,,,
Power AC LACIE 8TB (4TBx2),R-1262,POW,,,,Good,1,owned,,,1001401,Power AC LACIE 8TB (4TBx2),Origen: Rentman legacy inventory 2021-10-15; Código Rentman original: 1262; Carpeta Rentman: Power/Alimentadores AC/Asignados; Tipo carpeta Rentman: Equipos; Tipo item Rentman: Articulo; Tiene accesorios Rentman: 0,,,
Cable AC XLR 5 Pins 10ft,R-1263,POW,,,,Good,1,owned,,,1001402,Cable AC XLR 5 Pins 10ft,Origen: Rentman legacy inventory 2021-10-15; Código Rentman original: 1263; Carpeta Rentman: Power/Alimentadores AC/No Asignados; Tipo carpeta Rentman: Equipos; Tipo item Rentman: Articulo; Tiene accesorios Rentman: 0,,,
Cable AC Europeo,R-1264,POW,,,,Good,1,owned,,,1001403,Cable AC Europeo,Origen: Rentman legacy inventory 2021-10-15; Código Rentman original: 1264; Carpeta Rentman: Power/Alimentadores AC/No Asignados; Tipo carpeta Rentman: Equipos; Tipo item Rentman: Articulo; Tiene accesorios Rentman: 0,,,
Alimentador XLR 4 Pins 10ft,R-1265,POW,,,,Good,1,owned,,,1001404,Alimentador XLR 4 Pins 10ft,Origen: Rentman legacy inventory 2021-10-15; Código Rentman original: 1265; Carpeta Rentman: Power/Alimentadores AC/No Asignados; Tipo carpeta Rentman: Equipos; Tipo item Rentman: Articulo; Tiene accesorios Rentman: 0,,,
Power AC Enclosure,R-1266,POW,,,,Good,1,owned,,,1001405,Power AC Enclosure,Origen: Rentman legacy inventory 2021-10-15; Código Rentman original: 1266; Carpeta Rentman: Power/Alimentadores AC/No Asignados; Tipo carpeta Rentman: Equipos; Tipo item Rentman: Articulo; Tiene accesorios Rentman: 0,,,
