Número de Serie (Número de serie),ID (Número de serie),Nombre (en la base de datos),Cantidad actual,Ubicado en almacén,Tiene accesorios,Códigos QR,Estructura de la carpeta (Carpeta),Tipo de articulo (Carpeta),Código,Nombre (en la base de datos) 2,Tipo (posición/case/set),Nota externa
,,Tripode C-Stand GVM C330 Turtle-Base & Grip Arm Kit (10.5'),2,,0,1000295,Gripería/Tripodes,Equipos,485,Tripode C-Stand GVM C330 Turtle-Base & Grip Arm Kit (10.5'),Articulo,
,,"Extension Grip Arm Impact 40"" (Black)",1,,0,1000296,Gripería/Accesorios Gripería,Equipos,488,"Extension Grip Arm Impact 40"" (Black)",Articulo,
,,"Tripode Baby Stand Avenger w/ Leveling Leg (Chrome-Plated, 3.3')",2,,0,1000297,Gripería/Tripodes,Equipos,489,"Tripode Baby Stand Avenger w/ Leveling Leg (Chrome-Plated, 3.3')",Articulo,
,,Barra Baby Triple Header Avenger F900 (Chrome-Plated),3,,0,1000298,Gripería/Accesorios Gripería,Equipos,490,Barra Baby Triple Header Avenger F900 (Chrome-Plated),Articulo,
,,Sliding Arm Support Impact w/ Hand Grip,1,,0,1000300,Gripería/Accesorios Gripería,Equipos,492,Sliding Arm Support Impact w/ Hand Grip,Articulo,
,,"Grip Head Impact 2.5"" (Chrome)",4,2D,0,1000301,Gripería/Accesorios Gripería,Equipos,493,"Grip Head Impact 2.5"" (Chrome)",Articulo,
,,"Threaded Adapter Impact Rapid Baby to 3/8"" Male",11,6B,0,1000302,Gripería/Accesorios Gripería,Equipos,494,"Threaded Adapter Impact Rapid Baby to 3/8"" Male",Articulo,
,,"Case Impact Rolling for Three 52"" C-Stands",1,,0,1000303,Maletas/Cases/Bultos/Cases,Equipos,495,"Case Impact Rolling for Three 52"" C-Stands",Articulo,
,,"Clamp Impact w/ 5/8"" Snap-In Pin",3,,0,1000304,Gripería/Accesorios Gripería,Equipos,496,"Clamp Impact w/ 5/8"" Snap-In Pin",Articulo,
,,"Snap-In Pin for Super Clamps Impact 5/8"" (Black)",1,,0,1000305,Gripería/Accesorios Gripería,Equipos,497,"Snap-In Pin for Super Clamps Impact 5/8"" (Black)",Articulo,
,,Batería Watson Pro 14.4V 95Wh Slim (Gold Mount),12,3A,0,1000307,Power/Baterías,Equipos,499,Batería Watson Pro 14.4V 95Wh Slim (Gold Mount),Articulo,
,,Cargador Batería Watson Pro Dual Position (Gold Mount),2,3A,1,1000308,Power/Cargadores,Equipos,500,Cargador Batería Watson Pro Dual Position (Gold Mount),Articulo,
,,Plate SHAPE V-Mount to Gold Mount Converter,3,2A,0,1000309,Accesorios/Plates,Equipos,501,Plate SHAPE V-Mount to Gold Mount Converter,Articulo,
,,Plate SHAPE Pivoting for Shogun 7 Monitor Cage (V-Mount),5,2A,0,1000310,Accesorios/Plates,Equipos,502,Plate SHAPE Pivoting for Shogun 7 Monitor Cage (V-Mount),Articulo,
,,"Magliner Nose 5/8"" Baby Pin Dual",1,,0,1000311,Monitores/Accesorios Monitores,Equipos,503,"Magliner Nose 5/8"" Baby Pin Dual",Articulo,
,,Cable AC XLR 4 Pins 10ft,5,02 A,0,1000323,Power/Alimentadores AC/No Asignados,Equipos,515,Cable AC XLR 4 Pins 10ft,Articulo,
,,Power AC AJA,2,,0,1000324,Power/Alimentadores AC/Asignados,Equipos,516,Power AC AJA,Articulo,
,,Cable Video BNC 1ft (Skinny),35,08 D,0,1000326,Cables/Cables Video,Equipos,518,Cable Video BNC 1ft (Skinny),Articulo,
,,Cable Video BNC 3ft,2,08 D,0,1000327,Cables/Cables Video,Equipos,519,Cable Video BNC 3ft,Articulo,
,,Regleta IKEA,15,02 A,0,1000340,Power/Regletas,Equipos,532,Regleta IKEA,Articulo,
,,Extensión Eléctrica,4,,0,1000341,Power/Extensiones,Equipos,533,Extensión Eléctrica,Articulo,
,,Rods 6”,3,6B,0,1000346,Monitores/Accesorios Monitores,Equipos,538,Rods 6”,Articulo,
,,Cable AC Americano,29,02 A,0,1000354,Power/Alimentadores AC/No Asignados,Equipos,546,Cable AC Americano,Articulo,
,,Artículo de Limpieza Duster (Aire Comprimido),4,,0,1000355,Gastables/Artículos de Limpieza,Equipos,547,Artículo de Limpieza Duster (Aire Comprimido),Articulo,
,,Artículo de Limpieza WD-40,2,,0,1000356,Gastables/Artículos de Limpieza,Equipos,548,Artículo de Limpieza WD-40,Articulo,
,,Artículo de Limpieza Bubble Scrubbing,1,,0,1000357,Gastables/Artículos de Limpieza,Equipos,549,Artículo de Limpieza Bubble Scrubbing,Articulo,
,,Lanillas,8,,0,1000358,Gastables/Artículos de Limpieza,Equipos,550,Lanillas,Articulo,
,,Paño Atomos,3,,0,1000359,Gastables/Artículos de Limpieza,Equipos,551,Paño Atomos,Articulo,
,,Paños,5,,0,1000360,Gastables/Artículos de Limpieza,Equipos,552,Paños,Articulo,
,,Tape Velcro,1,,0,1000361,Gastables,Equipos,553,Tape Velcro,Articulo,
,,Carta de Color Xrite Classic Checker,1,,0,1000362,Accesorios/Accesorios Color,Equipos,554,Carta de Color Xrite Classic Checker,Articulo,
,,Gray Charts 18% Kit w/ Strap,3,,0,1000363,Accesorios/Accesorios Color,Equipos,555,Gray Charts 18% Kit w/ Strap,Articulo,
,,Tape Gaffer (Negro),1,,0,1000364,Gastables,Equipos,556,Tape Gaffer (Negro),Articulo,
,,Cinta Métrica,1,,0,1000365,Accesorios/Herramientas,Equipos,557,Cinta Métrica,Articulo,
,,Fajas,2,,0,1000366,Accesorios,Equipos,558,Fajas,Articulo,
,,Bulto Cinebag Tools Small,1,02 D,0,1000367,Maletas/Cases/Bultos/Bultos,Equipos,559,Bulto Cinebag Tools Small,Articulo,
,,Bulto Tool Bag (Negro),1,08 F,0,1000368,Maletas/Cases/Bultos/Bultos,Equipos,560,Bulto Tool Bag (Negro),Articulo,
,,Guantes,1,,0,1000369,Accesorios/Herramientas,Equipos,561,Guantes,Articulo,
,,Cover Bag It,1,,0,1000370,Gastables,Equipos,562,Cover Bag It,Articulo,
,,Lonas Plásticas,3,,0,1000371,Gastables,Equipos,563,Lonas Plásticas,Articulo,
,,Capa de Lluvia,1,,0,1000372,Gastables,Equipos,564,Capa de Lluvia,Articulo,
,,Luz LED USB (Small),2,,0,1000373,Accesorios,Equipos,565,Luz LED USB (Small),Articulo,
,,Antenna Replacement  (S),30,6B,0,1000375,Wireless Systems/Accesorios Wireless Systems,Equipos,567,Antenna Replacement  (S),Articulo,
,,Antenna Replacement (Flat),5,6B,0,1000376,Wireless Systems/Accesorios Wireless Systems,Equipos,568,Antenna Replacement (Flat),Articulo,
,,Antenna Replacement  (Skinny),6,6B,0,1000377,Wireless Systems/Accesorios Wireless Systems,Equipos,569,Antenna Replacement  (Skinny),Articulo,
,,Antenna Replacement  (M),5,6B,0,1000378,Wireless Systems/Accesorios Wireless Systems,Equipos,570,Antenna Replacement  (M),Articulo,
,,Herramienta Llave Allen (Pack),3,,0,1000379,Accesorios/Herramientas,Equipos,571,Herramienta Llave Allen (Pack),Articulo,
,,Calibrador Monitor x-Rite i1 Display Pro,1,,0,1000380,Accesorios/Accesorios Color,Equipos,572,Calibrador Monitor x-Rite i1 Display Pro,Articulo,
24050863000534,193,Lector Lexar CF2,3,7C,0,1000385,Lectores,Equipos,577,Lector Lexar CF2,Articulo,
24050272200730,194,Lector Lexar CF2,3,7C,0,1000385,Lectores,Equipos,577,Lector Lexar CF2,Articulo,
24050272200856,205,Lector Lexar CF2,3,7C,0,1000385,Lectores,Equipos,577,Lector Lexar CF2,Articulo,
,,Lector RED Mini-Mag,1,,0,1000386,Lectores,Equipos,578,Lector RED Mini-Mag,Articulo,
,,"Lector RED Mag 1.8""",2,,0,1000387,Lectores,Equipos,579,"Lector RED Mag 1.8""",Articulo,
673755-1046,195,Lector Transcend USB 3.0,5,7C,0,1000388,Lectores,Equipos,580,Lector Transcend USB 3.0,Articulo,
673755-1058,196,Lector Transcend USB 3.0,5,7C,0,1000388,Lectores,Equipos,580,Lector Transcend USB 3.0,Articulo,
714671-3765,206,Lector Transcend USB 3.0,5,7C,0,1000388,Lectores,Equipos,580,Lector Transcend USB 3.0,Articulo,
,,Tape Label 18mm White,9,,0,1000389,Gastables,Equipos,581,Tape Label 18mm White,Articulo,
,,Tape Label 12 mm White,4,,0,1000390,Gastables,Equipos,582,Tape Label 12 mm White,Articulo,
,,Tape Label 18mm Blue,5,,0,1000391,Gastables,Equipos,583,Tape Label 18mm Blue,Articulo,
,,Tape Label 18mm Red,6,,0,1000392,Gastables,Equipos,584,Tape Label 18mm Red,Articulo,
,,Tape Label 24mm White,1,,0,1000393,Gastables,Equipos,585,Tape Label 24mm White,Articulo,
,,Tape Label Black on Metalic Silver 12mm,2,,0,1000394,Gastables,Equipos,586,Tape Label Black on Metalic Silver 12mm,Articulo,
,,Tape Label Glow in the Dark 12mm,1,,0,1000395,Gastables,Equipos,587,Tape Label Glow in the Dark 12mm,Articulo,
,,Bulto Accessories P,1,07 F,0,1000396,Maletas/Cases/Bultos/Bultos,Equipos,588,Bulto Accessories P,Articulo,
,,Bulto Though Built Large,2,08 F,0,1000397,Maletas/Cases/Bultos/Bultos,Equipos,589,Bulto Though Built Large,Articulo,
,,Mochila JVSTZON,2,07 F,0,1000398,Maletas/Cases/Bultos/Mochilas,Equipos,590,Mochila JVSTZON,Articulo,
K0215646,191,Convertidor Video AJA T-Tap,1,7C,0,1000399,Capture & Playback,Equipos,591,Convertidor Video AJA T-Tap,Articulo,
K0532844,192,Convertidor Video AJA U-Tap SDI,1,7C,0,1000400,Capture & Playback,Equipos,592,Convertidor Video AJA U-Tap SDI,Articulo,
,,Convertidor Video Porta SDI- HDMI,1,,0,1000401,Accesorios/Accesorios Video,Equipos,593,Convertidor Video Porta SDI- HDMI,Articulo,
BA0616,198,Cargador Pilas Recargables WATSON,4,6B,1,1000402,Power/Cargadores,Equipos,594,Cargador Pilas Recargables WATSON,Articulo,
BA1113,199,Cargador Pilas Recargables WATSON,4,6B,1,1000402,Power/Cargadores,Equipos,594,Cargador Pilas Recargables WATSON,Articulo,
BA0616,209,Cargador Pilas Recargables WATSON,4,6B,1,1000402,Power/Cargadores,Equipos,594,Cargador Pilas Recargables WATSON,Articulo,
,,Pilas Recargables Watson MX AA,2,,0,1000403,Power/Baterías,Equipos,595,Pilas Recargables Watson MX AA,Articulo,
,,Pilas Recargables Activ Energy AA,4,,0,1000404,Power/Baterías,Equipos,596,Pilas Recargables Activ Energy AA,Articulo,
,,Cargador Pilas Recargables 2U GP,1,,0,1000405,Power/Cargadores,Equipos,597,Cargador Pilas Recargables 2U GP,Articulo,
,,Plate V Mount,8,2A,0,1000408,Accesorios/Plates,Equipos,600,Plate V Mount,Articulo,
,,Cargador Dolgin Sony-L Mount,1,,0,1000409,Power/Cargadores,Equipos,601,Cargador Dolgin Sony-L Mount,Articulo,
,,Rack Connector BNC,38,6B,0,1000410,Accesorios/Accesorios Video,Equipos,602,Rack Connector BNC,Articulo,
,,Tapa Panel Monitor (1 Color Pack),9,,0,1000412,Monitores/Accesorios Monitores,Equipos,604,Tapa Panel Monitor (1 Color Pack),Articulo,
,,Internet Portátil Huawei,1,,0,1000413,Wireless Systems,Equipos,605,Internet Portátil Huawei,Articulo,
UCVZ410215H,207,Impresora Label Epson LW-600P,4,LABEL,1,1000414,Accesorios/Impresoras,Equipos,606,Impresora Label Epson LW-600P,Articulo,
,,Enclosure Atomos,4,7C,0,1000415,Archiving/Enclosure,Equipos,607,Enclosure Atomos,Articulo,
,,Enclosure Atomos (w/ Drive),2,7C,0,1000416,Archiving/Enclosure,Equipos,608,Enclosure Atomos (w/ Drive),Articulo,
K534DCK018556,197,Lector Disco Atomos SSD,1,7C,0,1000417,Lectores,Equipos,609,Lector Disco Atomos SSD,Articulo,
,,Brocha,1,,0,1000418,Accesorios/Herramientas,Equipos,610,Brocha,Articulo,
,,Brocha Mini,1,,0,1000419,Accesorios/Herramientas,Equipos,611,Brocha Mini,Articulo,
,,Tiewrap Small (Packs),1,2B,0,1000420,Gastables,Equipos,612,Tiewrap Small (Packs),Articulo,
,,Tiewrap Large (Pack),1,2B,0,1000421,Gastables,Equipos,613,Tiewrap Large (Pack),Articulo,
,,Tape label 12 1/2 on White,1,,0,1000422,Gastables,Equipos,614,Tape label 12 1/2 on White,Articulo,
,,Carro ProAim Victor Large,1,,0,1000423,Movilidad/Carros,Equipos,615,Carro ProAim Victor Large,Articulo,32 inches
,,Carpa Eurmax + Sides,1,,0,1000424,Accesorios,Equipos,616,Carpa Eurmax + Sides,Articulo,
3B1919X23002,99,UPS APC 1500,5,,0,1000425,Power/UPS,Equipos,617,UPS APC 1500,Articulo,
3B1919X23011,100,UPS APC 1500,5,,0,1000425,Power/UPS,Equipos,617,UPS APC 1500,Articulo,
3B2051X68218,132,UPS APC 1500,5,,0,1000425,Power/UPS,Equipos,617,UPS APC 1500,Articulo,
3B2051X68222,133,UPS APC 1500,5,,0,1000425,Power/UPS,Equipos,617,UPS APC 1500,Articulo,
3B1919X23028,140,UPS APC 1500,5,,0,1000425,Power/UPS,Equipos,617,UPS APC 1500,Articulo,
,,Carta de Color XRite Syder Check,1,,0,1000426,Accesorios/Accesorios Color,Equipos,618,Carta de Color XRite Syder Check,Articulo,+ Case Gris
,,Cable Video BNC 25 fts,9,03 A,0,1000427,Cables/Cables Video,Equipos,619,Cable Video BNC 25 fts,Articulo,
,,Cable Video BNC 50 fts,4,03 A,0,1000428,Cables/Cables Video,Equipos,620,Cable Video BNC 50 fts,Articulo,
,,Impresora Label Epson LW-400,2,LABEL,1,1000429,Accesorios/Impresoras,Equipos,621,Impresora Label Epson LW-400,Articulo,+Power
25-01660,141,"Monitor Convergent Apollo 7""",2,,0,1000430,Monitores,Equipos,622,"Monitor Convergent Apollo 7""",Articulo,
25-01236,143,"Monitor Convergent Apollo 7""",2,,0,1000430,Monitores,Equipos,622,"Monitor Convergent Apollo 7""",Articulo,
,,Mochila Logic Case,3,DIT / DATA CASE,0,1000431,Maletas/Cases/Bultos/Mochilas,Equipos,623,Mochila Logic Case,Articulo,
,,Cable Video BNC 2fts,16,08 D,0,1000432,Cables/Cables Video,Equipos,624,Cable Video BNC 2fts,Articulo,
,,Monitor DualView Marshall,1,,1,1000433,Monitores,Equipos,625,Monitor DualView Marshall,Articulo,
1876869,201,Interface Video Ultrastudio 4K Blackmagic,2,,1,1000435,Capture & Playback,Equipos,627,Interface Video Ultrastudio 4K Blackmagic,Articulo,
MA250A00051,65,"Monitor Flanders AM250 24"" OLED",1,,1,1000436,Monitores,Equipos,628,"Monitor Flanders AM250 24"" OLED",Articulo,"2015

SIEMPRE SALE CON :

BNC 6FT

+POWER AC

+MOUNT PLATE

 

 "
CN-OG8TVH-QDC00-1B-8QFL-AL6,64,Monitor PC Dell P2419H,2,,0,1000437,Monitores,Equipos,629,Monitor PC Dell P2419H,Articulo,"+ arm plate ""M"" + power + HDMI-HDMI"
CN-0G8TVH-QDC00-09M-103S-A11,178,Monitor PC Dell P2419H,2,,0,1000437,Monitores,Equipos,629,Monitor PC Dell P2419H,Articulo,"+ arm plate ""M"" + power + HDMI-HDMI"
,,Caja Herramientas Remax,1,,0,1000438,Accesorios/Herramientas,Equipos,630,Caja Herramientas Remax,Articulo,
,,Director's Cage ProAim,1,,0,1000439,Monitores/Accesorios Monitores,Equipos,631,Director's Cage ProAim,Articulo,
,,Sunhood SHAPE,1,,0,1000440,Monitores/Accesorios Monitores,Equipos,632,Sunhood SHAPE,Articulo,
,,Power AC Apple USBC Macbook Pro,2,,0,1000445,Power/Alimentadores AC/Asignados,Equipos,637,Power AC Apple USBC Macbook Pro,Articulo,+ USB-C - USB-C Power
4865EE1-748D4,91,Adaptador Hyper Drive USBC,1,08 D,0,1000446,Accesorios/Accesorios Data,Equipos,638,Adaptador Hyper Drive USBC,Articulo,USBC- Standard 3.0/Thunderbolt 3/ HDMI
10906196,183,Color Panel Tangent Ripple,1,COLOR,1,1000447,Consola/Video,Equipos,639,Color Panel Tangent Ripple,Articulo,
,,Trackballs Kit Color Panel Tangent,1,,0,1000448,Accesorios/Accesorios Color,Equipos,640,Trackballs Kit Color Panel Tangent,Articulo,
C02V51GHHTDD,59,"Computadora Apple Macbook Pro 2017 15"" (D)",1,,1,1000449,Hardware/Computadoras,Equipos,641,"Computadora Apple Macbook Pro 2017 15"" (D)",Articulo," 

Processor : 2.8 GH2 Intel core i7

Memory : 16 GB

Graphics Radeon Pro 560 4GB 

Intel HD Graphics 630 1536 MB

SSD 500 GB

 

macOS Mojave"
,,Power AC Marshall Dual Monitor,1,,0,1000453,Power/Alimentadores AC/Asignados,Equipos,645,Power AC Marshall Dual Monitor,Articulo,
,,Cable AC Interface Video Blackmagic Ultrastudio 4K,2,,0,1000454,Power/Alimentadores AC/Asignados,Equipos,646,Cable AC Interface Video Blackmagic Ultrastudio 4K,Articulo,
,,Teclado Apple Protools Numeric,1,,0,456,Hardware/Teclados,Equipos,647,Teclado Apple Protools Numeric,Articulo,"+ Case ""Hermit Shell"" + Cable"
SHB00227,66,Hub CalDigit,1,08 D,1,1000457,Accesorios/Accesorios Data,Equipos,649,Hub CalDigit,Articulo,+ Power AC + Transformador
,,Adaptador USB 2.0 Female-Male,1,08 D,0,1000458,Accesorios/Accesorios Data,Equipos,650,Adaptador USB 2.0 Female-Male,Articulo,
,,Switch Monoprice 2In-1Out,2,,1,1000459,Capture & Playback,Equipos,651,Switch Monoprice 2In-1Out,Articulo,
,,Mouse Etekcity,1,,0,1000460,Hardware/Mouses,Equipos,652,Mouse Etekcity,Articulo,
,,Lector Tarjeta USB 3.0 Odyssey,1,7C,0,1000461,Lectores,Equipos,653,Lector Tarjeta USB 3.0 Odyssey,Articulo,
4829666,189,Convertidor Video Ultrastudio Mini Monitor Blackmagic,1,7C,0,1000462,Capture & Playback,Equipos,654,Convertidor Video Ultrastudio Mini Monitor Blackmagic,Articulo,
,,Lector Startech CF2-USBC,1,7C,0,1000464,Lectores,Equipos,656,Lector Startech CF2-USBC,Articulo,
,,Case Seahorse,4,,0,1000467,Maletas/Cases/Bultos/Cases,Equipos,659,Case Seahorse,Articulo,
,,Case Media Case,1,,0,1000468,Maletas/Cases/Bultos/Cases,Equipos,660,Case Media Case,Articulo,
,,Case SKB Teradek,2,6A,0,1000469,Maletas/Cases/Bultos/Cases,Equipos,661,Case SKB Teradek,Articulo,
,,Case Pelican 1650,2,1A,0,1000471,Maletas/Cases/Bultos/Cases,Equipos,663,Case Pelican 1650,Articulo,
,,Case Pelican IM2620,1,,0,1000473,Maletas/Cases/Bultos/Cases,Equipos,665,Case Pelican IM2620,Articulo,
,,Case Gator 6U,4,,0,1000474,Maletas/Cases/Bultos/Cases,Equipos,666,Case Gator 6U,Articulo,
,,Alimentador Serv Pro D-Tap Spliter,4,8C,0,1000478,Power/Alimentadores AC/Asignados,Equipos,670,Alimentador Serv Pro D-Tap Spliter,Articulo,
,,Roscas Male 3/8-Male 3/8,6,6B,0,1000479,Gastables,Equipos,671,Roscas Male 3/8-Male 3/8,Articulo,
,,Roscas Male 3/8-Male 1/4,4,6B,0,1000480,Gastables,Equipos,672,Roscas Male 3/8-Male 1/4,Articulo,
,,Roscas Male 1/4-Male 1/4,5,6B,0,1000481,Gastables,Equipos,673,Roscas Male 1/4-Male 1/4,Articulo,
,,Barrilito Female-Female 3/8,20,6B,0,1000482,Accesorios/Accesorios Video,Equipos,674,Barrilito Female-Female 3/8,Articulo,
,,Roscas Female-Male 1/4- 3/8,9,6B,0,1000483,Gastables,Equipos,675,Roscas Female-Male 1/4- 3/8,Articulo,
,,Roscas Male 1/4-Female 3/8,4,6B,0,1000484,Gastables,Equipos,676,Roscas Male 1/4-Female 3/8,Articulo,
,,Adaptador BNC Male-Female,14,6B,0,1000486,Gastables,Equipos,678,Adaptador BNC Male-Female,Articulo,
,,Adaptador BNC Female-Female,19,6B,0,1000487,Gastables,Equipos,679,Adaptador BNC Female-Female,Articulo,
,,Adaptador BNC  Male-Female,3,8C,0,1000488,Gastables,Equipos,680,Adaptador BNC  Male-Female,Articulo,
,,Adaptador HDMI Male-Female,6,8C,0,1000489,Gastables,Equipos,681,Adaptador HDMI Male-Female,Articulo,
,,Medidor de Tornillos,1,,0,1000494,Gastables,Equipos,686,Medidor de Tornillos,Articulo,
,,Rack Connector USB 3.0,8,08 D,0,1000495,Accesorios/Accesorios Data,Equipos,687,Rack Connector USB 3.0,Articulo,
,,"Power AC Lector RED Mag 1.8""",2,,0,1000496,Power/Alimentadores AC/Asignados,Equipos,688,"Power AC Lector RED Mag 1.8""",Articulo,
,,Cable AC Flanders Monitor,3,,0,1000498,Power/Alimentadores AC/Asignados,Equipos,690,Cable AC Flanders Monitor,Articulo,
,,Cargador Apple Ipad Lightning,7,,0,1000499,Power/Alimentadores AC/Asignados,Equipos,691,Cargador Apple Ipad Lightning,Articulo,
,,Cargador AC Carro,2,,0,1000500,Power/Cargadores,Equipos,692,Cargador AC Carro,Articulo,
,,Hub Atolla,1,08 D,0,1000502,Accesorios/Accesorios Data,Equipos,694,Hub Atolla,Articulo,
,,Accesorios de Plate Monitor,8,,0,1000503,Monitores/Accesorios Monitores,Equipos,695,Accesorios de Plate Monitor,Articulo,
,,Pins,4,,0,1000504,Gastables,Equipos,696,Pins,Articulo,
,,Mount Nebtek,1,,0,1000505,Monitores/Accesorios Monitores,Equipos,697,Mount Nebtek,Articulo,
,,Cable Video BNC 6fts,3,08 D,0,1000506,Cables/Cables Video,Equipos,698,Cable Video BNC 6fts,Articulo,
2770004060,60,Enclosure OWC 4Bay Thunderbolt 2,1,STORAGE 01,1,1000509,Archiving/Enclosure,Equipos,701,Enclosure OWC 4Bay Thunderbolt 2,Articulo,
C02S63TMG8WP,48,"Computadora Apple Macbook Pro 2015 15"" (C)",1,,1,1000510,Hardware/Computadoras,Equipos,702,"Computadora Apple Macbook Pro 2015 15"" (C)",Articulo," 

Processor : 2.5 GHz Intel Core i7

Memory : 16 GB 1600 MHz DDR3

Graphics : AMD Radeon R9 M370X 2GB

                Intel Iris Pro 1536 MB

macOS Mojave"
GG7DX7YQQ1GC,49,Tableta Apple iPad 8th Generation Wi-Fi,6,,1,1000512,Hardware/Tabletas,Equipos,703,Tableta Apple iPad 8th Generation Wi-Fi,Articulo,"+Cargador +Protector Case + Straps

32GB

Model A2270"
GG7DRJ62Q1GF,81,Tableta Apple iPad 8th Generation Wi-Fi,6,,1,1000512,Hardware/Tabletas,Equipos,703,Tableta Apple iPad 8th Generation Wi-Fi,Articulo,"+Cargador +Protector Case + Straps

32GB

Model A2270"
GG7DRL2JQ1GF,82,Tableta Apple iPad 8th Generation Wi-Fi,6,,1,1000512,Hardware/Tabletas,Equipos,703,Tableta Apple iPad 8th Generation Wi-Fi,Articulo,"+Cargador +Protector Case + Straps

32GB

Model A2270"
GG7DRBPWQ1GF,83,Tableta Apple iPad 8th Generation Wi-Fi,6,,1,1000512,Hardware/Tabletas,Equipos,703,Tableta Apple iPad 8th Generation Wi-Fi,Articulo,"+Cargador +Protector Case + Straps

32GB

Model A2270"
GG7DR8CEQ1GF,84,Tableta Apple iPad 8th Generation Wi-Fi,6,,1,1000512,Hardware/Tabletas,Equipos,703,Tableta Apple iPad 8th Generation Wi-Fi,Articulo,"+Cargador +Protector Case + Straps

32GB

Model A2270"
GG7DR6QQQ1GF,85,Tableta Apple iPad 8th Generation Wi-Fi,6,,1,1000512,Hardware/Tabletas,Equipos,703,Tableta Apple iPad 8th Generation Wi-Fi,Articulo,"+Cargador +Protector Case + Straps

32GB

Model A2270"
,,"Computadora Apple Macbook Pro 2014 15"" (B)",1,,1,1000524,Hardware/Computadoras,Equipos,709,"Computadora Apple Macbook Pro 2014 15"" (B)",Articulo," 

Processor : 2.5 GHz Intel Core i7

Memory : 16GB 1600 MHz DDR3

Graphics : NVIDIA GeForce GT 750M 2048 MB

                Intel Iris Pro 1536 MB

 

macOS High Sierra"
,,Mesa Plegable Keter,4,,0,1000525,Accesorios,Equipos,710,Mesa Plegable Keter,Articulo,
C02MM2T4FD59,55,"Computadora Apple Macbook Pro 2013 15"" (A)",1,,1,1000526,Hardware/Computadoras,Equipos,711,"Computadora Apple Macbook Pro 2013 15"" (A)",Articulo," 

Processor : 2.6 GHz Quad-Core Intel Core I7

Memory : 16GB 1600 MHz DDR3

Graphics : NVIDIA GeForce GT 750M 2GB

 

macOS BigSur"
C02W40KCJ1GQ,56,"Computadora Apple iMac (C) 27"" 2017",1,,1,1000529,Hardware/Computadoras,Equipos,713,"Computadora Apple iMac (C) 27"" 2017",Articulo,"Processor : 4.2 GHz Quad-Core Intel Core i7

Memory : 32 GB 2400 MHz DDR4

Graphics : Radeon Pro 580 8GB

 

macOS Catalina"
C02QG63GGG7J,58,"Computadora Apple iMac (B) 27"" 2015",1,,1,1000533,Hardware/Computadoras,Equipos,715,"Computadora Apple iMac (B) 27"" 2015",Articulo,"Processor : 3.2 GHz Intel Core i5

Memory : 32 GB 1867 MHz DDR3

Graphics : AMD Radeon R9 M3380 2GB

 

macOS Mojave"
NL601BQC,61,Enclosure LACIE 2Bay Thunderbolt 2,1,STORAGE 01,0,1000537,Archiving/Enclosure,Equipos,716,Enclosure LACIE 2Bay Thunderbolt 2,Articulo,
,,Disco Duro LACIE Rugged 1TB Thunderbolt 3,1,,0,1000539,Archiving/Hardrives,Equipos,717,Disco Duro LACIE Rugged 1TB Thunderbolt 3,Articulo,
,,Case Mini VKO Exposed Media,3,,0,1000540,Maletas/Cases/Bultos/Cases,Equipos,718,Case Mini VKO Exposed Media,Articulo,
,,Case Pelican 1510 (Black),2,,0,1000541,Maletas/Cases/Bultos/Cases,Equipos,719,Case Pelican 1510 (Black),Articulo,
,,"Tripode C-Stand Kupo Master 20"" Riser w/ Sliding Leg (Black, 6.5')",6,,0,1000544,Gripería/Tripodes,Equipos,721,"Tripode C-Stand Kupo Master 20"" Riser w/ Sliding Leg (Black, 6.5')",Articulo,
,,Mouse Deathadder,1,,0,1000545,Hardware/Mouses,Equipos,722,Mouse Deathadder,Articulo,
HUJ116DUTP,63,Tape Drive LTO 8 HP Ultrium 30750,1,,1,1000546,Archiving/LTO,Equipos,723,Tape Drive LTO 8 HP Ultrium 30750,Articulo,
,,Case Pelican 1300 (Grey),2,,0,1000550,Maletas/Cases/Bultos/Cases,Equipos,726,Case Pelican 1300 (Grey),Articulo,
F5KQ90BGF694,67,Computadora Apple MacPro 2013,4,,1,1000555,Hardware/Computadoras,Equipos,728,Computadora Apple MacPro 2013,Articulo," 

 

Processor : 2.7 GHz 12-Core Intel Xeon E5

Memory : 64GB 1866 MHz DDR3

Graphics : AMD FirePro D700 6GB

 

macOS Mojave"
F5KMG0ATF694,76,Computadora Apple MacPro 2013,4,,1,1000555,Hardware/Computadoras,Equipos,728,Computadora Apple MacPro 2013,Articulo," 

 

Processor : 2.7 GHz 12-Core Intel Xeon E5

Memory : 64GB 1866 MHz DDR3

Graphics : AMD FirePro D700 6GB

 

macOS Mojave"
F5KN90KKF9VN,77,Computadora Apple MacPro 2013,4,,1,1000555,Hardware/Computadoras,Equipos,728,Computadora Apple MacPro 2013,Articulo," 

 

Processor : 2.7 GHz 12-Core Intel Xeon E5

Memory : 64GB 1866 MHz DDR3

Graphics : AMD FirePro D700 6GB

 

macOS Mojave"
F5KQ40GGF694,78,Computadora Apple MacPro 2013,4,,1,1000555,Hardware/Computadoras,Equipos,728,Computadora Apple MacPro 2013,Articulo," 

 

Processor : 2.7 GHz 12-Core Intel Xeon E5

Memory : 64GB 1866 MHz DDR3

Graphics : AMD FirePro D700 6GB

 

macOS Mojave"
,,Cable Network E-Sata,1,07 E,0,1000563,Cables/Cables Network,Equipos,734,Cable Network E-Sata,Articulo,
,,Power AC Sonnet Qi0 AC,1,,0,1000565,Power/Alimentadores AC/Asignados,Equipos,736,Power AC Sonnet Qi0 AC,Articulo,
,,Pro FX 120 Audio Channel Mixer,1,,1,1000566,Consola/Audio,Equipos,737,Pro FX 120 Audio Channel Mixer,Articulo,
,,Calibrador Display Nec,1,,0,1000567,Accesorios/Accesorios Color,Equipos,738,Calibrador Display Nec,Articulo,
,,Mouse Wireless Apple,2,,0,1000568,Hardware/Mouses,Equipos,739,Mouse Wireless Apple,Articulo,A1657
,,Plate Nebtek,1,,0,1000569,Accesorios/Plates,Equipos,740,Plate Nebtek,Articulo,
,,Plate Dolgin,1,,0,1000570,Accesorios/Plates,Equipos,741,Plate Dolgin,Articulo,
,,"Adaptador Disco Duro 2.5-3"" Orico",2,,0,1000571,Accesorios,Equipos,742,"Adaptador Disco Duro 2.5-3"" Orico",Articulo,
,,Foco,2,,0,1000572,Accesorios,Equipos,743,Foco,Articulo,
,,Puerto Load Balance Broadband TP-Link,2,,0,1000577,Accesorios/Accesorios Network,Equipos,748,Puerto Load Balance Broadband TP-Link,Articulo,
,,Marco Monitor Pequeño,1,,0,1000578,Monitores/Accesorios Monitores,Equipos,749,Marco Monitor Pequeño,Articulo,
HUJ925C0U2,73,Tape Drive LTO 7 HP Ultrium 15000,1,,1,1000579,Archiving/LTO,Equipos,750,Tape Drive LTO 7 HP Ultrium 15000,Articulo,
39043752,69,Color Panel Tangent Element  Bt,1,COLOR LAB,1,1000583,Consola/Video,Equipos,754,Color Panel Tangent Element  Bt,Articulo,part of a bundle
40023470,70,Color Panel Tangent Element  Mf,1,COLOR LAB,1,1000585,Consola/Video,Equipos,755,Color Panel Tangent Element  Mf,Articulo,part of a bundle
40014362,71,Color Panel Tangent Element Tk,1,COLOR LAB,1,1000587,Consola/Video,Equipos,756,Color Panel Tangent Element Tk,Articulo,part of a bundle
39033513,72,Color Panel Tangent Element Kb,1,COLOR LAB,1,1000589,Consola/Video,Equipos,757,Color Panel Tangent Element Kb,Articulo,part of a bundle
,,Monitor Apple Thunderbolt Display,2,,0,1000592,Monitores,Equipos,758,Monitor Apple Thunderbolt Display,Articulo,
F0T1075018KHTCYAF,86,Teclado Apple Numeric (Negro),4,,0,1000593,Hardware/Teclados,Equipos,759,Teclado Apple Numeric (Negro),Articulo,
F0T105501DYHTCYAT,87,Teclado Apple Numeric (Negro),4,,0,1000593,Hardware/Teclados,Equipos,759,Teclado Apple Numeric (Negro),Articulo,
F0T0306000JHTCYAT,88,Teclado Apple Numeric (Negro),4,,0,1000593,Hardware/Teclados,Equipos,759,Teclado Apple Numeric (Negro),Articulo,
F0T107200SRHTCYAT,89,Teclado Apple Numeric (Negro),4,,0,1000593,Hardware/Teclados,Equipos,759,Teclado Apple Numeric (Negro),Articulo,
,,Mouse AV,3,,0,1000594,Hardware/Mouses,Equipos,760,Mouse AV,Articulo,
,,Mouse Polaroid,1,,0,1000595,Hardware/Mouses,Equipos,761,Mouse Polaroid,Articulo,
,,Enclosure Sonnet Echo Express III-D Desktop Thunderbolt 2 Expansion,1,STORAGE 01,1,1000596,Archiving/Enclosure,Equipos,762,Enclosure Sonnet Echo Express III-D Desktop Thunderbolt 2 Expansion,Articulo,
,,"Televisor LG OLED 55""",1,DAILIES LAB,1,1000598,Monitores/Televisores,Equipos,764,"Televisor LG OLED 55""",Articulo,
204442500DBKP0918,184,"Mackie Studio Monitors 3"" B&G (CR3)",1,,0,1000599,Accesorios/Accesorios Audio,Equipos,765,"Mackie Studio Monitors 3"" B&G (CR3)",Articulo,
2130RWRFCQ2Y7,74,Server Synology RackStation RS1221+ 8-Bay NAS,1,DAILIES LAB,1,1000600,Archiving/Server,Equipos,766,Server Synology RackStation RS1221+ 8-Bay NAS,Articulo,
,,Disco Duro Lacie 6TB,1,,0,1000601,Archiving/Hardrives,Equipos,767,Disco Duro Lacie 6TB,Articulo,
,,Proyector JVC D-ILA,1,,0,1000603,Accesorios,Equipos,768,Proyector JVC D-ILA,Articulo,
,,Quemadora de Blu-Ray,1,,0,1000604,Accesorios,Equipos,769,Quemadora de Blu-Ray,Articulo,
,,"Televisor Samsung 42""",1,COLOR LAB,1,1000606,Monitores/Televisores,Equipos,771,"Televisor Samsung 42""",Articulo,
,,Hub USB 3.0 Anker,1,08 D,0,1000607,Accesorios/Accesorios Data,Equipos,772,Hub USB 3.0 Anker,Articulo,
,,Adaptador Apple Thunderbolt 2 - Thunderbolt 3,7,08 D,0,1000608,Accesorios/Accesorios Data,Equipos,773,Adaptador Apple Thunderbolt 2 - Thunderbolt 3,Articulo,
C02PW161FY14,75,"Computadora Apple iMac (A) 27"" Late 2014",1,,1,1000609,Hardware/Computadoras,Equipos,774,"Computadora Apple iMac (A) 27"" Late 2014",Articulo," 

Processor : 4 GHz Quad-Core Intel Core i7

Memory : 32 GB 1600 MHz DDR3

Graphics : AMS Radeon R9 M295X 4 GB

 

macOS Big Sur"
,,Sandbags,1,,0,1000611,Gripería/Accesorios Gripería,Equipos,775,Sandbags,Articulo,
,,Mouse Pad Argom Tech,4,,0,1000626,Accesorios,Equipos,776,Mouse Pad Argom Tech,Articulo,
WJ0081000118,90,Hub Promise TD-300 Dock Station,1,08 D,1,1000627,Accesorios/Accesorios Data,Equipos,777,Hub Promise TD-300 Dock Station,Articulo,+power +adaptador
C02FRADXMD6R,92,"Computadora Apple Macbook Pro 2021 16"" (E)",1,,1,1000630,Hardware/Computadoras,Equipos,778,"Computadora Apple Macbook Pro 2021 16"" (E)",Articulo," 

Processor : 2.4 GHz 8-Core Intel Core i9

Memory : 32 GB 2667 MHz DDR 4

Graphics : Intel UHD Graphics 630 1536 MB

 

macOS Big Sur"
2978000019,128,Enclosure OWC 8 Bay Thunderbolt 3,2,STORAGE 01,1,1000633,Archiving/Enclosure,Equipos,780,Enclosure OWC 8 Bay Thunderbolt 3,Articulo,
2978000906,129,Enclosure OWC 8 Bay Thunderbolt 3,2,STORAGE 01,1,1000633,Archiving/Enclosure,Equipos,780,Enclosure OWC 8 Bay Thunderbolt 3,Articulo,
ABA03KB77US00146,93,Teclado Powzan Numeric KB770,3,,0,1000634,Hardware/Teclados,Equipos,781,Teclado Powzan Numeric KB770,Articulo,
ABA03KB77US00141,94,Teclado Powzan Numeric KB770,3,,0,1000634,Hardware/Teclados,Equipos,781,Teclado Powzan Numeric KB770,Articulo,
ABA03KB77US00151,95,Teclado Powzan Numeric KB770,3,,0,1000634,Hardware/Teclados,Equipos,781,Teclado Powzan Numeric KB770,Articulo,
,,Bulto Gator Soft Case,2,01 D,0,1000638,Maletas/Cases/Bultos/Bultos,Equipos,782,Bulto Gator Soft Case,Articulo,
,,Bulto FSI Flanders Monitor,2,01 B,0,1000639,Maletas/Cases/Bultos/Bultos,Equipos,783,Bulto FSI Flanders Monitor,Articulo,
,,Plate Monitor Impact ME-108P,2,,0,1000640,Accesorios/Plates,Equipos,784,Plate Monitor Impact ME-108P,Articulo,
,,Adaptador Uni USBC - Network,1,7C,0,1000641,Accesorios/Accesorios Network,Equipos,785,Adaptador Uni USBC - Network,Articulo,
,,Lector Smartech SSD- USB 3.0,3,7C,0,1000642,Lectores,Equipos,786,Lector Smartech SSD- USB 3.0,Articulo,
,,"Cable Data USB2 - Lightning 9.5""",4,08 E,0,1000648,Cables/Cables Data,Equipos,792,"Cable Data USB2 - Lightning 9.5""",Articulo,
,,Sunhood Atomos,2,,0,1000651,Monitores/Accesorios Monitores,Equipos,795,Sunhood Atomos,Articulo,
,,"Battery Plate Gold Mount Sumo 19""",2,,0,1000652,Monitores/Accesorios Monitores,Equipos,796,"Battery Plate Gold Mount Sumo 19""",Articulo,
,,"Power AC Sumo 19"" 4 Pins",4,,0,1000653,Power/Alimentadores AC/Asignados,Equipos,797,"Power AC Sumo 19"" 4 Pins",Articulo,
1929990,190,Convertidor Video Ultrastudio Mini Recorder Blackmagic,1,,0,1000655,Capture & Playback,Equipos,799,Convertidor Video Ultrastudio Mini Recorder Blackmagic,Articulo,
,,Estuche Tela  Negro (Small),5,,0,1000657,Maletas/Cases/Bultos/Estuches,Equipos,801,Estuche Tela  Negro (Small),Articulo,
,,Regleta Cyber Power,1,02 A,0,1000662,Power/Regletas,Equipos,806,Regleta Cyber Power,Articulo,
,,Adaptador Eléctrico 6 en 1,1,,0,1000663,Accesorios/Accesorios Eléctricos,Equipos,807,Adaptador Eléctrico 6 en 1,Articulo,
,,Adaptador Eléctrico 3 en 1,2,,0,1000664,Accesorios/Accesorios Eléctricos,Equipos,808,Adaptador Eléctrico 3 en 1,Articulo,
,,Clamp Small,2,,0,1000665,Gripería/Accesorios Gripería,Equipos,809,Clamp Small,Articulo,
,,Spring Clamps (Medium),3,,0,1000666,Gripería/Accesorios Gripería,Equipos,810,Spring Clamps (Medium),Articulo,
,,Clamp Spring (Small),1,,0,1000667,Gripería/Accesorios Gripería,Equipos,811,Clamp Spring (Small),Articulo,
,,Batería Watson Pro 14.4V 160Wh (Gold Mount),7,,0,1000668,Power/Baterías,Equipos,812,Batería Watson Pro 14.4V 160Wh (Gold Mount),Articulo,
2020110468,96,Cargador Batería Watson Pro C-AM-4E Quad (Gold Mount),3,,1,1000669,Power/Cargadores,Equipos,813,Cargador Batería Watson Pro C-AM-4E Quad (Gold Mount),Articulo,+Power
2020110490,97,Cargador Batería Watson Pro C-AM-4E Quad (Gold Mount),3,,1,1000669,Power/Cargadores,Equipos,813,Cargador Batería Watson Pro C-AM-4E Quad (Gold Mount),Articulo,+Power
2020110488,98,Cargador Batería Watson Pro C-AM-4E Quad (Gold Mount),3,,1,1000669,Power/Cargadores,Equipos,813,Cargador Batería Watson Pro C-AM-4E Quad (Gold Mount),Articulo,+Power
,,Bulto Though Built Small,2,08 F,0,1000673,Maletas/Cases/Bultos/Bultos,Equipos,814,Bulto Though Built Small,Articulo,
3B1812X23641,101,UPS APC PRO 1500 S,1,,0,1000676,Power/UPS,Equipos,815,UPS APC PRO 1500 S,Articulo,
,,Rods 12”,1,,0,1000678,Monitores/Accesorios Monitores,Equipos,816,Rods 12”,Articulo,
,,Teclado Apple Numeric (Blanco),1,,0,1000679,Hardware/Teclados,Equipos,817,Teclado Apple Numeric (Blanco),Articulo,
,,Estuche Teclado Baval,1,,0,1000680,Maletas/Cases/Bultos/Estuches,Equipos,818,Estuche Teclado Baval,Articulo,
,,Bulto Ikan Small,1,07 F,0,1000681,Maletas/Cases/Bultos/Bultos,Equipos,819,Bulto Ikan Small,Articulo,
,,Bulto Cinebag Life On Location,1,06 E,0,1000682,Maletas/Cases/Bultos/Bultos,Equipos,820,Bulto Cinebag Life On Location,Articulo,
,,Sunhood Ilocker,1,,0,1000683,Monitores/Accesorios Monitores,Equipos,821,Sunhood Ilocker,Articulo,
,,Sunhood Wooden Camera,3,,0,1000684,Monitores/Accesorios Monitores,Equipos,822,Sunhood Wooden Camera,Articulo,
20-01049,142,"Monitor Convergent Odyssey 7Q 7""",2,,0,1000685,Monitores,Equipos,823,"Monitor Convergent Odyssey 7Q 7""",Articulo,
20-01776,144,"Monitor Convergent Odyssey 7Q 7""",2,,0,1000685,Monitores,Equipos,823,"Monitor Convergent Odyssey 7Q 7""",Articulo,
,,Director’s Cage Wooden Camera,2,,0,1000686,Monitores/Accesorios Monitores,Equipos,824,Director’s Cage Wooden Camera,Articulo,+Straps
UML203931848,102,Monitor PC ViewSonic,1,,0,1000687,Monitores,Equipos,825,Monitor PC ViewSonic,Articulo,
,,Case Pelican 1560 (Black),1,,0,1000689,Maletas/Cases/Bultos/Cases,Equipos,826,Case Pelican 1560 (Black),Articulo,
282003003036,103,Router Network Ruckus,2,,1,1000690,Wireless Systems,Equipos,827,Router Network Ruckus,Articulo,+Power
282003002974,104,Router Network Ruckus,2,,1,1000690,Wireless Systems,Equipos,827,Router Network Ruckus,Articulo,+Power
65404472,105,Router Teradek Serv Pro,2,,1,1000693,Wireless Systems,Equipos,828,Router Teradek Serv Pro,Articulo,+Power
65404506,106,Router Teradek Serv Pro,2,,1,1000693,Wireless Systems,Equipos,828,Router Teradek Serv Pro,Articulo,+Power
2205OU3002336,107,Router TP-Link AC1750 Wi-Fi Extender,1,,1,1000696,Wireless Systems,Equipos,829,Router TP-Link AC1750 Wi-Fi Extender,Articulo,+Power
200900107901633,109,Router Maxell Rabbit Wireless,1,,1,1000700,Wireless Systems,Equipos,831,Router Maxell Rabbit Wireless,Articulo,+Power
05002448,110,Router Repeater Teradek Link,4,,1,1000702,Wireless Systems,Equipos,832,Router Repeater Teradek Link,Articulo,+Power
05002243,111,Router Repeater Teradek Link,4,,1,1000702,Wireless Systems,Equipos,832,Router Repeater Teradek Link,Articulo,+Power
05002389,112,Router Repeater Teradek Link,4,,1,1000702,Wireless Systems,Equipos,832,Router Repeater Teradek Link,Articulo,+Power
05002422,113,Router Repeater Teradek Link,4,,1,1000702,Wireless Systems,Equipos,832,Router Repeater Teradek Link,Articulo,+Power
3UJBOC5YA09A8,116,Switch Netgear ProSafe GS108PE Network,1,,1,1000710,Wireless Systems,Equipos,834,Switch Netgear ProSafe GS108PE Network,Articulo,+Power
2197086020295,117,Switch TP-Link 8Port Desktop,1,,0,1000712,Wireless Systems,Equipos,835,Switch TP-Link 8Port Desktop,Articulo,+Power
,,Power AC Ruckus Router Network,3,,0,1000714,Power/Alimentadores AC/Asignados,Equipos,836,Power AC Ruckus Router Network,Articulo,
,,Power AC Netgear ProSafe GS108PE,1,,0,1000715,Power/Alimentadores AC/Asignados,Equipos,837,Power AC Netgear ProSafe GS108PE,Articulo,
0196601449,147,Transmisor Teradek Bolt 1000 TX,2,,0,1000718,Wireless Systems,Equipos,840,Transmisor Teradek Bolt 1000 TX,Articulo,
0196602164,148,Transmisor Teradek Bolt 1000 TX,2,,0,1000718,Wireless Systems,Equipos,840,Transmisor Teradek Bolt 1000 TX,Articulo,
,,Gold Mount Monaural Bateria RX,2,,0,1000719,Accesorios,Equipos,841,Gold Mount Monaural Bateria RX,Articulo,
G2031,203,Ventilador AC Infinity Rack,1,,1,1000721,Accesorios,Equipos,843,Ventilador AC Infinity Rack,Articulo,+Power + Cable de Medidor de Temperatura
7604893,187,Interface Video BlackMagic Smart Videohub 12x12,1,,1,1000722,Capture & Playback,Equipos,844,Interface Video BlackMagic Smart Videohub 12x12,Articulo,+Power
,,Radio 2Com Wired Talkback Main Station,1,,1,1000723,Accesorios/Accesorios Audio,Equipos,845,Radio 2Com Wired Talkback Main Station,Articulo,
,,Radio 2Com Wired Talkback Receiver,1,,0,1000724,Accesorios/Accesorios Audio,Equipos,846,Radio 2Com Wired Talkback Receiver,Articulo,
Y82Y4UT048EAB9,118,Interface Audio Focusrite Scarlett,1,,0,1000725,Capture & Playback,Equipos,847,Interface Audio Focusrite Scarlett,Articulo,
10330601M,119,Interface Video AJA HD/SD SYNC Generator,1,,0,1000727,Capture & Playback,Equipos,848,Interface Video AJA HD/SD SYNC Generator,Articulo,+Power
XT008945,120,Interface Video AJA ioXT,2,,1,1000729,Capture & Playback,Equipos,849,Interface Video AJA ioXT,Articulo,+Power
XT012966,121,Interface Video AJA ioXT,2,,1,1000729,Capture & Playback,Equipos,849,Interface Video AJA ioXT,Articulo,+Power
,,Interface Video Decimator Dmon-Quad,1,,1,1000732,Capture & Playback,Equipos,850,Interface Video Decimator Dmon-Quad,Articulo,+Power
61947000789,122,Interface Video In2Core QOD+,1,,1,1000733,Capture & Playback,Equipos,851,Interface Video In2Core QOD+,Articulo,+Power +Bandeja
S3PJNF0JA25912L,124,Disco Duro Samsung 850 EVO 1TB,1,,0,1000737,Archiving/Hardrives,Equipos,853,Disco Duro Samsung 850 EVO 1TB,Articulo,
S3Z8NB1KB44055F,125,Disco Duro Samsung 860 EVO 1TB,1,,0,1000739,Archiving/Hardrives,Equipos,854,Disco Duro Samsung 860 EVO 1TB,Articulo,
S5G8NS0R204274B,126,Disco Duro Samsung 60 PRO 1TB,2,,0,1000741,Archiving/Hardrives,Equipos,855,Disco Duro Samsung 60 PRO 1TB,Articulo,
S5G8NS0N700445Y,127,Disco Duro Samsung 60 PRO 1TB,2,,0,1000741,Archiving/Hardrives,Equipos,855,Disco Duro Samsung 60 PRO 1TB,Articulo,
,,Disco Duro Convergent Design SSD Media 512 GB,2,,0,1000744,Archiving/Hardrives,Equipos,856,Disco Duro Convergent Design SSD Media 512 GB,Articulo,
,,Cable Network Cat 7 25ft,5,07 E,0,1000745,Cables/Cables Network,Equipos,857,Cable Network Cat 7 25ft,Articulo,
,,Cable Network Cat 7 Tela 50ft,1,04 A,0,1000746,Cables/Cables Network,Equipos,858,Cable Network Cat 7 Tela 50ft,Articulo,
,,Cable Network Cat 5E 3ft,2,07 E,0,1000747,Cables/Cables Network,Equipos,859,Cable Network Cat 5E 3ft,Articulo,
,,Cable Data Thunderbolt 2 - USB3,2,08 E,0,1000749,Cables/Cables Data,Equipos,861,Cable Data Thunderbolt 2 - USB3,Articulo,
,,Audífonos Genéricos B&R,1,,0,1000750,Accesorios/Accesorios Audio,Equipos,862,Audífonos Genéricos B&R,Articulo,
,,Panel Pro X 16 Entradas,1,,0,1000751,Accesorios,Equipos,863,Panel Pro X 16 Entradas,Articulo,"(x7) Entradas BNC

(x3) Entradas HDMI

(x1) Entrada USB A 3.0

(x1) Entrada USB A 2.0

(x1) Network

(x1) Tapita

(x1) Entrada XLR Macho

(x1) Entrada XLR Mujer"
,,Panel Cepillo,1,,0,1000752,Accesorios,Equipos,864,Panel Cepillo,Articulo,
,,Panel 16 Entradas,1,,0,1000753,Accesorios,Equipos,865,Panel 16 Entradas,Articulo,"(x1) Entrada HDMI

(x12) Entrada BNC

(x3) Tapitas"
,,Antenna Replacement  (L),4,,0,1000756,Wireless Systems/Accesorios Wireless Systems,Equipos,866,Antenna Replacement  (L),Articulo,
,,Antenna Replacement (Flat Roja),1,,0,1000757,Wireless Systems/Accesorios Wireless Systems,Equipos,867,Antenna Replacement (Flat Roja),Articulo,
,,Power AC Teradek D-Tap -2 Pin Lemo,4,,0,1000758,Power/Alimentadores AC/Asignados,Equipos,868,Power AC Teradek D-Tap -2 Pin Lemo,Articulo,
,,Alimentador Atomos D-Tap - XLR,6,,0,1000759,Power/Alimentadores AC/Asignados,Equipos,869,Alimentador Atomos D-Tap - XLR,Articulo,
,,Ultra Arm Mini Monitor Wooden Camera,1,,0,1000765,Gripería/Accesorios Gripería,Equipos,875,Ultra Arm Mini Monitor Wooden Camera,Articulo,
,,Case Pelican 1170,2,,0,1000766,Maletas/Cases/Bultos/Cases,Equipos,876,Case Pelican 1170,Articulo,
,,Interface Video AJA HD/SD Distribution AMP,2,,0,1000767,Capture & Playback,Equipos,877,Interface Video AJA HD/SD Distribution AMP,Articulo,+Power (x1)
,,Plate Gold Mount,3,,0,1000768,Accesorios/Plates,Equipos,878,Plate Gold Mount,Articulo,
DMPD9285LM93,131,Tableta Apple iPad Mini 5th Generation WiFi,2,,0,1000769,Hardware/Tabletas,Equipos,879,Tableta Apple iPad Mini 5th Generation WiFi,case,
DMPD6M8LLM93,145,Tableta Apple iPad Mini 5th Generation WiFi,2,,0,1000769,Hardware/Tabletas,Equipos,879,Tableta Apple iPad Mini 5th Generation WiFi,case,
,,Pin 1/4-3/8,3,,0,1000770,Gastables,Equipos,880,Pin 1/4-3/8,Articulo,
,,Power AC Monitor Odyssey 7Q,2,,0,1000771,Power/Alimentadores AC/Asignados,Equipos,881,Power AC Monitor Odyssey 7Q,Articulo,
,,Radio Walkie Talkie Unidem,1,,0,1000772,Accesorios/Accesorios Audio,Equipos,882,Radio Walkie Talkie Unidem,Articulo,(un par)
X69X9X00153,130,Impresora Label Epson LW-PX400,2,LABEL,0,1000773,Accesorios/Impresoras,Equipos,883,Impresora Label Epson LW-PX400,case,+Power
X69X1100030,159,Impresora Label Epson LW-PX400,2,LABEL,0,1000773,Accesorios/Impresoras,Equipos,883,Impresora Label Epson LW-PX400,case,+Power
,,Cable Video BNC 100ft,12,03 A,0,1000775,Cables/Cables Video,Equipos,884,Cable Video BNC 100ft,Articulo,
,,Estuche Innovativ,4,,0,1000776,Maletas/Cases/Bultos/Estuches,Equipos,885,Estuche Innovativ,Articulo,
,,Estuche Impermeable Ruedas Carro,4,,0,1000778,Movilidad/Carros/Accesorios Carros,Equipos,887,Estuche Impermeable Ruedas Carro,Articulo,
,,Hook Innovativ,1,,0,1000779,Movilidad/Carros/Accesorios Carros,Equipos,888,Hook Innovativ,Articulo,
,,Ventilador Wind Machine,2,,0,1000780,Accesorios,Equipos,889,Ventilador Wind Machine,Articulo,
,,Ventilador Nikkei,1,,0,1000781,Accesorios,Equipos,890,Ventilador Nikkei,Articulo,
,,Estuche de Alicates,1,,0,1000782,Accesorios/Herramientas,Equipos,891,Estuche de Alicates,Articulo,(x4) Alicates
,,Estuche Tensadores,1,,0,1000783,Accesorios/Herramientas,Equipos,892,Estuche Tensadores,Articulo,(x16) Tensadores 
TR48E2AX0589,186,Hub elGato,1,08 D,1,1000785,Accesorios/Accesorios Data,Equipos,894,Hub elGato,Articulo,+Power
,,Montura Monitor,1,,0,1000786,Monitores/Accesorios Monitores,Equipos,895,Montura Monitor,Articulo,
,,Capa Impermeable,5,,0,1000787,Accesorios,Equipos,896,Capa Impermeable,Articulo,
,,Estuche Plástico,10,,0,1000788,Maletas/Cases/Bultos/Estuches,Equipos,897,Estuche Plástico,Articulo,
,,Estuche Plástico Teradek,2,,0,1000789,Maletas/Cases/Bultos/Estuches,Equipos,898,Estuche Plástico Teradek,Articulo,
,,Base Atomos,2,,0,1000790,Monitores/Accesorios Monitores,Equipos,899,Base Atomos,Articulo,
,,Cable AC 2 Pin Lemo Teradek Bolt,2,,0,1000791,Power/Alimentadores AC/Asignados,Equipos,900,Cable AC 2 Pin Lemo Teradek Bolt,Articulo,
181009800245,157,Disco Duro G-Drive 1TB SSD,4,,0,1000795,Archiving/Hardrives,Equipos,904,Disco Duro G-Drive 1TB SSD,Articulo,
181364801794,158,Disco Duro G-Drive 1TB SSD,4,,0,1000795,Archiving/Hardrives,Equipos,904,Disco Duro G-Drive 1TB SSD,Articulo,
,,Estación de Carga Poweroni,1,,0,1000797,Power/Cargadores,Equipos,906,Estación de Carga Poweroni,Articulo,+(x5) Divisores Plásticos 
,,Carro Inovativ,1,,0,1000799,Movilidad/Carros,Equipos,907,Carro Inovativ,Articulo,
,,Carro  Maligner,1,,0,1000800,Movilidad/Carros,Equipos,908,Carro  Maligner,Articulo,
,,Tripode Combo Flashpoint FPLS7YL,3,,0,1000801,Gripería/Tripodes,Equipos,909,Tripode Combo Flashpoint FPLS7YL,Articulo,
,,UPS CyberPower 1500 AVR,1,,0,1000804,Power/UPS,Equipos,910,UPS CyberPower 1500 AVR,Articulo,
4B1703P24669,134,UPS APC 1500 XS,1,,0,1000805,Power/UPS,Equipos,911,UPS APC 1500 XS,Articulo,
MD240A2286,135,"Monitor Flanders AM240 24""",2,,0,1000807,Monitores,Equipos,912,"Monitor Flanders AM240 24""",Articulo,"Modelo : DM240

 "
MD240A00675,136,"Monitor Flanders AM240 24""",2,,0,1000807,Monitores,Equipos,912,"Monitor Flanders AM240 24""",Articulo,"Modelo : DM240

 "
K9A94SUM50A37,137,"Monitor Atomos Sumo 19""",4,,0,1000810,Monitores,Equipos,913,"Monitor Atomos Sumo 19""",Articulo,
K1A94SUM50M26,138,"Monitor Atomos Sumo 19""",4,,0,1000810,Monitores,Equipos,913,"Monitor Atomos Sumo 19""",Articulo,
K9A94SUM50B83,139,"Monitor Atomos Sumo 19""",4,,0,1000810,Monitores,Equipos,913,"Monitor Atomos Sumo 19""",Articulo,
K1194SUM50D13,173,"Monitor Atomos Sumo 19""",4,,0,1000810,Monitores,Equipos,913,"Monitor Atomos Sumo 19""",Articulo,
,,Case Rack SKB 6U,2,,0,1000819,Maletas/Cases/Bultos/Cases,Equipos,914,Case Rack SKB 6U,Articulo,
,,"Case Monitor ""SKB"" 6U +prof",1,,0,1000820,Maletas/Cases/Bultos/Cases,Equipos,915,"Case Monitor ""SKB"" 6U +prof",Articulo,
,,"Case Monitor ""SKB"" 4U",1,,0,1000821,Maletas/Cases/Bultos/Cases,Equipos,916,"Case Monitor ""SKB"" 4U",Articulo,
,,"Case Monitor ""SKB"" 3U",1,,0,1000822,Maletas/Cases/Bultos/Cases,Equipos,917,"Case Monitor ""SKB"" 3U",Articulo,
,,Cargador Pilas Regarcables RAYOVAC,1,,0,1000823,Power/Cargadores,Equipos,918,Cargador Pilas Regarcables RAYOVAC,Articulo,
,,Disco Duro LACIE Rugged Thunderbolt 2- Thunderbolt 3 500GB,3,,0,1000825,Archiving/Hardrives,Equipos,920,Disco Duro LACIE Rugged Thunderbolt 2- Thunderbolt 3 500GB,Articulo,
,,Caja Destornilladores JK-6089,5,,0,1000826,Accesorios/Herramientas,Equipos,921,Caja Destornilladores JK-6089,Articulo,
,,Sunhood FSI Solutions,2,,0,1000827,Monitores/Accesorios Monitores,Equipos,922,Sunhood FSI Solutions,Articulo,
,,Adaptador Adam 4X1 USBC,1,08 D,0,1000828,Accesorios/Accesorios Data,Equipos,923,Adaptador Adam 4X1 USBC,Articulo,
,,Bulto Hart Small,1,07 F,0,1000830,Maletas/Cases/Bultos/Bultos,Equipos,924,Bulto Hart Small,Articulo,
,,Adaptador USBC-USB 3.0,1,08 D,0,1000831,Accesorios/Accesorios Data,Equipos,925,Adaptador USBC-USB 3.0,Articulo,
,,"Case Macbook 15""",5,,0,1000832,Maletas/Cases/Bultos/Cases,Equipos,926,"Case Macbook 15""",Articulo,
HUJ715898N,146,Tape Drive LTO 6 HP Ultrium 6650,1,,1,1000833,Archiving/LTO,Equipos,927,Tape Drive LTO 6 HP Ultrium 6650,Articulo,
,210,Full Case Data / DIT Modulo E,1,07 C,0,1000900,Full Cases/Kits,Equipos,928,Full Case Data / DIT Modulo E,case,
,,Power AC Impresora Label Epson LW-600P,4,,0,1000836,Power/Alimentadores AC/Asignados,Equipos,929,Power AC Impresora Label Epson LW-600P,Articulo,
,,Power AC Cargador Pilas Recargables WATSON,4,,0,1000837,Power/Alimentadores AC/Asignados,Equipos,930,Power AC Cargador Pilas Recargables WATSON,Articulo,
1330002024,208,Lector Dock Voyager Q,1,,1,1000838,Lectores,Equipos,931,Lector Dock Voyager Q,Articulo,
,,Power AC Lector Dock Voyager Q,1,,0,1000839,Power/Alimentadores AC/Asignados,Equipos,932,Power AC Lector Dock Voyager Q,Articulo,
,,Bag It (S),1,,0,1000840,Accesorios,Equipos,933,Bag It (S),Articulo,
,,Bag It (M),1,,0,1000841,Accesorios,Equipos,934,Bag It (M),Articulo,
,,Lonas Plásticas,4,,0,1000842,Accesorios,Equipos,935,Lonas Plásticas,Articulo,
,,Power AC Macbook Pro MagSafe 2,3,,0,1000843,Power/Alimentadores AC/Asignados,Equipos,936,Power AC Macbook Pro MagSafe 2,Articulo,
TKB1KC01,164,Full Case Teradek Bolt 1000 XT Kit Deluxe 01,1,06 A,0,1000844,Full Cases/Kits,Equipos,937,Full Case Teradek Bolt 1000 XT Kit Deluxe 01,case,
,,Adapter Hot Shoe Wooden Camera,2,,0,1000845,Wireless Systems/Accesorios Wireless Systems,Equipos,938,Adapter Hot Shoe Wooden Camera,Articulo,
,,Lock Kit Nato Wooden Camera,2,,0,1000846,Wireless Systems/Accesorios Wireless Systems,Equipos,939,Lock Kit Nato Wooden Camera,Articulo,
,,Adapter 3/8 Light Stand Teradek,2,,0,1000847,Wireless Systems/Accesorios Wireless Systems,Equipos,940,Adapter 3/8 Light Stand Teradek,Articulo,
,,Teradek Screws Kit,2,,0,1000848,Wireless Systems/Accesorios Wireless Systems,Equipos,941,Teradek Screws Kit,Articulo,Estuche de tela (negro) + Tornillos de remplazo
,,Plug Cable Antenna Array N-Male,10,,0,1000849,Wireless Systems/Accesorios Wireless Systems,Equipos,942,Plug Cable Antenna Array N-Male,Articulo,
0196702887,149,Receptor Teradek Bolt 1000 RX,2,,0,1000850,Wireless Systems,Equipos,943,Receptor Teradek Bolt 1000 RX,Articulo,
0196701938,150,Receptor Teradek Bolt 1000 RX,2,,0,1000850,Wireless Systems,Equipos,943,Receptor Teradek Bolt 1000 RX,Articulo,
,,Antenna Multi Panel Array Teradek,2,,0,1000851,Wireless Systems,Equipos,944,Antenna Multi Panel Array Teradek,Articulo,
TKB1KC02,165,Full Case Teradek Bolt 1000 XT Kit Deluxe 02,1,06 A,0,1000852,Full Cases/Kits,Equipos,945,Full Case Teradek Bolt 1000 XT Kit Deluxe 02,case,
ATOM19C02,161,"Full Case Atomos Sumo 19""  02",1,01 A,0,1000853,Full Cases/Kits,Equipos,946,"Full Case Atomos Sumo 19""  02",case,
,,Disco Duro Atomos External SSD 500GB,3,,0,1000854,Archiving/Hardrives,Equipos,947,Disco Duro Atomos External SSD 500GB,Articulo,
,,Atom X Handle,3,,0,1000855,Monitores/Accesorios Monitores,Equipos,948,Atom X Handle,Articulo,
ATOM19C01,160,"Full Case Atomos Sumo 19"" 01",1,01 A,0,1000857,Full Cases/Kits,Equipos,950,"Full Case Atomos Sumo 19"" 01",case,
ATOM19C03,182,"Full Case Atomos Sumo 19"" 03",1,01 A,0,1000858,Full Cases/Kits,Equipos,951,"Full Case Atomos Sumo 19"" 03",case,
ATOM19C04,163,"Full Case Atomos Sumo 19"" 04",1,01 A,0,1000859,Full Cases/Kits,Equipos,952,"Full Case Atomos Sumo 19"" 04",case,
,,Case Pelican 1600,1,,0,1000861,Maletas/Cases/Bultos/Cases,Equipos,954,Case Pelican 1600,Articulo,
A01246030004752,151,Adaptador Sonnet Solo 10Gb Thunderbolt 2,4,,0,1000866,Wireless Systems,Equipos,955,Adaptador Sonnet Solo 10Gb Thunderbolt 2,Articulo,
A01246030005421,152,Adaptador Sonnet Solo 10Gb Thunderbolt 2,4,,0,1000866,Wireless Systems,Equipos,955,Adaptador Sonnet Solo 10Gb Thunderbolt 2,Articulo,
A01246030005405,256,Adaptador Sonnet Solo 10Gb Thunderbolt 2,4,,0,1000866,Wireless Systems,Equipos,955,Adaptador Sonnet Solo 10Gb Thunderbolt 2,Articulo,
A01246030005430,257,Adaptador Sonnet Solo 10Gb Thunderbolt 2,4,,0,1000866,Wireless Systems,Equipos,955,Adaptador Sonnet Solo 10Gb Thunderbolt 2,Articulo,
AJASPLTC01,170,Full Case AJA Splitter HDTV 01,1,06 B,0,1000874,Full Cases/Kits,Equipos,957,Full Case AJA Splitter HDTV 01,case,
MODULDATA01C,211,Full Case Data / DIT Modulo C,1,07 D,0,1000877,Full Cases/Kits,Equipos,960,Full Case Data / DIT Modulo C,case,
OSY7Q7C01,168,Full Case Odyssey 7Q 01,1,01 C,0,1000878,Full Cases/Kits,Equipos,961,Full Case Odyssey 7Q 01,case,
,,Disco Duro Samsung 1TB 860 EVO SSD,4,,0,1000879,Archiving/Hardrives,Equipos,962,Disco Duro Samsung 1TB 860 EVO SSD,Articulo,
,,Case FSI Flanders Dual,1,,0,1000881,Maletas/Cases/Bultos/Cases,Equipos,964,Case FSI Flanders Dual,Articulo,
,,Disco Duro LACIE Rugged 2TB Thunderbolt 2-Thunderbolt 3,1,,0,1000883,Archiving/Hardrives,Equipos,966,Disco Duro LACIE Rugged 2TB Thunderbolt 2-Thunderbolt 3,Articulo,
OSY7Q7C02,169,Full Case Odyssey 7Q 02,1,01 C,0,1000884,Full Cases/Kits,Equipos,967,Full Case Odyssey 7Q 02,case,
,,Alimentador D-Tap Odyssey,4,,0,1000885,Power/Alimentadores AC/Asignados,Equipos,968,Alimentador D-Tap Odyssey,Articulo,
MONAPL7C01,166,Full Case Apollo Monitor 01,1,01 C,0,1000886,Full Cases/Kits,Equipos,969,Full Case Apollo Monitor 01,case,
MONAPL7C02,167,Full Case Apollo Monitor 02,1,01 C,0,1000887,Full Cases/Kits,Equipos,970,Full Case Apollo Monitor 02,case,
MONVIEWSOC01,188,Full Case Monitor ViewSonic 01,1,01 D,0,1000888,Full Cases/Kits,Equipos,971,Full Case Monitor ViewSonic 01,case,
MONDELLC01,176,Full Case Dell PC Monitor 01,1,01 D,0,1000889,Full Cases/Kits,Equipos,972,Full Case Dell PC Monitor 01,case,
MONDELLC02,179,Full Case Dell PC Monitor 02,1,01 D,0,1000890,Full Cases/Kits,Equipos,973,Full Case Dell PC Monitor 02,case,
,,Cover Monitor Mosiso,3,,0,1000891,Monitores/Accesorios Monitores,Equipos,974,Cover Monitor Mosiso,Articulo,
,,Mouse Logitech,1,,0,1000892,Hardware/Mouses,Equipos,975,Mouse Logitech,Articulo,
,,Estuche Teclado Hermit Shell,3,,0,1000893,Maletas/Cases/Bultos/Estuches,Equipos,976,Estuche Teclado Hermit Shell,Articulo,
,,Straps,7,,0,1000895,Monitores/Accesorios Monitores,Equipos,978,Straps,Articulo,
,,Cable AC MacPro,4,,0,1000898,Power/Alimentadores AC/Asignados,Equipos,979,Cable AC MacPro,Articulo,
,,Teclado Rii RT518S PC con Trackpad,1,,0,1000902,Hardware/Teclados,Equipos,980,Teclado Rii RT518S PC con Trackpad,Articulo,
,,Case Shock Proof Ipad Orange,7,,0,1000904,Maletas/Cases/Bultos/Cases,Equipos,981,Case Shock Proof Ipad Orange,Articulo,
,,Case Shock Proof Ipad Mini Orange,2,,0,1000905,Maletas/Cases/Bultos/Cases,Equipos,982,Case Shock Proof Ipad Mini Orange,Articulo,
,,Bulto Tough Built Tool Box Yellow/Black,4,08 F,0,1000906,Maletas/Cases/Bultos/Bultos,Equipos,983,Bulto Tough Built Tool Box Yellow/Black,Articulo,
,,Cable Network Cat 6 200ft,1,04 A,0,1000923,Cables/Cables Network,Equipos,984,Cable Network Cat 6 200ft,Articulo,
,,"Cable Network Cat 6 6"" FT",2,07 E,0,1000924,Cables/Cables Network,Equipos,985,"Cable Network Cat 6 6"" FT",Articulo,
,,Power AC Decimator Dmon-Quad,1,,0,1000925,Power/Alimentadores AC/Asignados,Equipos,986,Power AC Decimator Dmon-Quad,Articulo,
2940003455,180,Enclosure OWC 4Bay Thunderbolt3,8,STORAGE 01,1,1000927,Archiving/Enclosure,Equipos,988,Enclosure OWC 4Bay Thunderbolt3,Articulo,
2940003457,181,Enclosure OWC 4Bay Thunderbolt3,8,STORAGE 01,1,1000927,Archiving/Enclosure,Equipos,988,Enclosure OWC 4Bay Thunderbolt3,Articulo,
2940003463,246,Enclosure OWC 4Bay Thunderbolt3,8,STORAGE 01,1,1000927,Archiving/Enclosure,Equipos,988,Enclosure OWC 4Bay Thunderbolt3,Articulo,
2940003333,247,Enclosure OWC 4Bay Thunderbolt3,8,STORAGE 01,1,1000927,Archiving/Enclosure,Equipos,988,Enclosure OWC 4Bay Thunderbolt3,Articulo,
2940003469,248,Enclosure OWC 4Bay Thunderbolt3,8,STORAGE 01,1,1000927,Archiving/Enclosure,Equipos,988,Enclosure OWC 4Bay Thunderbolt3,Articulo,
2940003374,249,Enclosure OWC 4Bay Thunderbolt3,8,STORAGE 01,1,1000927,Archiving/Enclosure,Equipos,988,Enclosure OWC 4Bay Thunderbolt3,Articulo,
2940003735,250,Enclosure OWC 4Bay Thunderbolt3,8,STORAGE 01,1,1000927,Archiving/Enclosure,Equipos,988,Enclosure OWC 4Bay Thunderbolt3,Articulo,
2940003101,251,Enclosure OWC 4Bay Thunderbolt3,8,STORAGE 01,1,1000927,Archiving/Enclosure,Equipos,988,Enclosure OWC 4Bay Thunderbolt3,Articulo,
,,Alimentador AC Elgato,1,,0,1000935,Power/Alimentadores AC/Asignados,Equipos,990,Alimentador AC Elgato,Articulo,
,,Panel ProX 8 Entradas,1,,0,1000936,Accesorios,Equipos,991,Panel ProX 8 Entradas,Articulo,
,,Rack Connector HDMI,1,,0,1000937,Accesorios/Accesorios Video,Equipos,992,Rack Connector HDMI,Articulo,
,,Rack Connector Network,1,,0,1000938,Accesorios/Accesorios Network,Equipos,993,Rack Connector Network,Articulo,
,,Carro de Carga Magna Car,2,,0,1000939,Movilidad/Carros,Equipos,994,Carro de Carga Magna Car,Articulo,
,,Arm Car Monitor Mountup,1,,0,1000940,Movilidad/Carros/Accesorios Carros,Equipos,995,Arm Car Monitor Mountup,Articulo,
,,Power AC Hub CalDigit,1,,0,1000941,Power/Alimentadores AC/Asignados,Equipos,996,Power AC Hub CalDigit,Articulo,
,,Power AC Impresora Label Epson LW-PX400,4,,0,1000942,Power/Alimentadores AC/Asignados,Equipos,997,Power AC Impresora Label Epson LW-PX400,Articulo,
,,Power AC Impresora Label Epson LW-400,1,,0,1000943,Power/Alimentadores AC/Asignados,Equipos,998,Power AC Impresora Label Epson LW-400,Articulo,
,,Power AC Monitor ViewSonic,1,,0,1000944,Power/Alimentadores AC/Asignados,Equipos,999,Power AC Monitor ViewSonic,Articulo,
,,Power AC Monitor Apollo,2,,0,1000945,Power/Alimentadores AC/Asignados,Equipos,1000,Power AC Monitor Apollo,Articulo,
,,"Power AC TV LG OLED 55""",1,,0,1000946,Power/Alimentadores AC/Asignados,Equipos,1001,"Power AC TV LG OLED 55""",Articulo,
,,"Power AC TV Samsung 42""",1,,0,1000947,Power/Alimentadores AC/Asignados,Equipos,1002,"Power AC TV Samsung 42""",Articulo,
,,"Cable AC Apple iMac 27""",3,,0,1000948,Power/Alimentadores AC/Asignados,Equipos,1003,"Cable AC Apple iMac 27""",Articulo,
,,Power AC Focusrite Scarlett,1,,0,1000949,Power/Alimentadores AC/Asignados,Equipos,1004,Power AC Focusrite Scarlett,Articulo,
,,Power AC 4-Pin AJA ioXT,2,,0,1000950,Power/Alimentadores AC/Asignados,Equipos,1005,Power AC 4-Pin AJA ioXT,Articulo,
,,Power AC Blackmagic Videohub 12x12,1,,0,1000951,Power/Alimentadores AC/Asignados,Equipos,1006,Power AC Blackmagic Videohub 12x12,Articulo,
,,Power AC Qtake QOD+,1,,0,1000952,Power/Alimentadores AC/Asignados,Equipos,1007,Power AC Qtake QOD+,Articulo,
,,Cable AC Pro FX 120 Audio Channel Mixer,1,,0,1000953,Power/Alimentadores AC/Asignados,Equipos,1008,Cable AC Pro FX 120 Audio Channel Mixer,Articulo,
,,Cable Data USB3 to USB Mini Tangent Element,4,08 E,0,1000954,Cables/Cables Data,Equipos,1009,Cable Data USB3 to USB Mini Tangent Element,Articulo,
,,Power AC Repeater Teradek Link,4,,0,1000956,Power/Alimentadores AC/Asignados,Equipos,1011,Power AC Repeater Teradek Link,Articulo,
,,Power AC Router TP-Link AC1750 Wi-Fi,1,,0,1000957,Power/Alimentadores AC/Asignados,Equipos,1012,Power AC Router TP-Link AC1750 Wi-Fi,Articulo,
,,Cable AC Tape Drive LTO HP Ultrium,3,,0,1000958,Power/Alimentadores AC/Asignados,Equipos,1013,Cable AC Tape Drive LTO HP Ultrium,Articulo,
,,Power AC Enclosure Lacie 2Bay,1,STORAGE 01,0,1000959,Power/Alimentadores AC/Asignados,Equipos,1014,Power AC Enclosure Lacie 2Bay,Articulo,
,,Power AC Enclosure OWC,11,STORAGE 01,0,1000960,Power/Alimentadores AC/Asignados,Equipos,1015,Power AC Enclosure OWC,Articulo,
,,Cable AC Sonnet Echo Express III,1,,0,1000961,Power/Alimentadores AC/Asignados,Equipos,1016,Cable AC Sonnet Echo Express III,Articulo,
,,Cable AC Server Synology RS1221+,1,,0,1000962,Power/Alimentadores AC/Asignados,Equipos,1017,Cable AC Server Synology RS1221+,Articulo,
,,Cable AC Cargador Batería Watson Quad,3,,0,1000963,Power/Alimentadores AC/Asignados,Equipos,1018,Cable AC Cargador Batería Watson Quad,Articulo,
,,Hook ProAim,4,,0,1000964,Movilidad/Carros/Accesorios Carros,Equipos,1019,Hook ProAim,Articulo,
,,Barra Impact 5 Cabezas,2,,0,1000965,Gripería/Accesorios Gripería,Equipos,1020,Barra Impact 5 Cabezas,Articulo,
,,Barra Avenger 5 Cabezas,1,,0,1000966,Gripería/Accesorios Gripería,Equipos,1021,Barra Avenger 5 Cabezas,Articulo,
,,Cable Video BNC 1.5ft,9,08 D,0,1000968,Cables/Cables Video,Equipos,1022,Cable Video BNC 1.5ft,Articulo,
,,Cable Video BNC 1.5ft (Skinny),3,08 D,0,1000969,Cables/Cables Video,Equipos,1023,Cable Video BNC 1.5ft (Skinny),Articulo,
,,Cable Video BNC 2.5ft (Skinny),13,08 D,0,1000970,Cables/Cables Video,Equipos,1024,Cable Video BNC 2.5ft (Skinny),Articulo,
,,Cable Video BNC 3ft (Skinny),1,08 D,0,1000971,Cables/Cables Video,Equipos,1025,Cable Video BNC 3ft (Skinny),Articulo,
,,Cable Video BNC 3.5ft,1,08 D,0,1000972,Cables/Cables Video,Equipos,1026,Cable Video BNC 3.5ft,Articulo,
,,Cable Video BNC 200ft,0,03 A,0,1000973,Cables/Cables Video,Equipos,1027,Cable Video BNC 200ft,Articulo,
,,Cable Video HDMI 1.5ft,5,08 D,0,1000974,Cables/Cables Video,Equipos,1028,Cable Video HDMI 1.5ft,Articulo,
,,Cable Video HDMI 1.5ft Tela,2,08 D,0,1000975,Cables/Cables Video,Equipos,1029,Cable Video HDMI 1.5ft Tela,Articulo,
,,Cable Video HDMI 5ft,1,08 D,0,1000976,Cables/Cables Video,Equipos,1030,Cable Video HDMI 5ft,Articulo,
,,Cable Video HDMI 2ft,2,08 D,0,1000977,Cables/Cables Video,Equipos,1031,Cable Video HDMI 2ft,Articulo,
,,Cable Video HDMI 4K 6.5ft Tela,2,07 E,0,1000978,Cables/Cables Video,Equipos,1032,Cable Video HDMI 4K 6.5ft Tela,Articulo,
,,Cable Video HDMI 10ft Tela,3,07 E,0,1000979,Cables/Cables Video,Equipos,1033,Cable Video HDMI 10ft Tela,Articulo,
,,Cable Video HDMI 6ft,2,08 D,0,1000980,Cables/Cables Video,Equipos,1034,Cable Video HDMI 6ft,Articulo,
,,Cable Video HDMI to Micro 6.5ft,1,08 D,0,1000981,Cables/Cables Video,Equipos,1035,Cable Video HDMI to Micro 6.5ft,Articulo,
,,Cable Video HDMI to Micro 6ft,1,08 D,0,1000982,Cables/Cables Video,Equipos,1036,Cable Video HDMI to Micro 6ft,Articulo,
,,Cable Video HDMI Mini to Micro 3ft,1,08 D,0,1000983,Cables/Cables Video,Equipos,1037,Cable Video HDMI Mini to Micro 3ft,Articulo,
,,Cable Video HDMI to Mini 6ft,2,08 D,0,1000984,Cables/Cables Video,Equipos,1038,Cable Video HDMI to Mini 6ft,Articulo,
,,Codo HDMI Male to Female,7,,0,1000985,Accesorios/Accesorios Video,Equipos,1039,Codo HDMI Male to Female,Articulo,
,,Adaptador HDMI to Micro,1,,0,1000986,Accesorios/Accesorios Video,Equipos,1040,Adaptador HDMI to Micro,Articulo,
,,Codo HDMI Female to Female,2,,0,1000987,Accesorios/Accesorios Video,Equipos,1041,Codo HDMI Female to Female,Articulo,
,,Adaptador HDMI Female to Male,2,,0,1000988,Accesorios/Accesorios Video,Equipos,1042,Adaptador HDMI Female to Male,Articulo,
,,Cable Video HDMI 25ft,2,07 E,0,1000989,Cables/Cables Video,Equipos,1043,Cable Video HDMI 25ft,Articulo,
,,Cable Video DisplayPort 6ft,2,08 D,0,1000990,Cables/Cables Video,Equipos,1044,Cable Video DisplayPort 6ft,Articulo,
,,Cable Video DisplayPort to USB-C 6ft,1,08 D,0,1000991,Cables/Cables Video,Equipos,1045,Cable Video DisplayPort to USB-C 6ft,Articulo,
,,"Cable Data USB2 - Lightning 9.5"" Tela",4,08 E,0,1000992,Cables/Cables Data,Equipos,1046,"Cable Data USB2 - Lightning 9.5"" Tela",Articulo,
,,"Cable Data USB3 - USBC 10gb 5.5""",3,08 E,0,1000993,Cables/Cables Data,Equipos,1047,"Cable Data USB3 - USBC 10gb 5.5""",Articulo,
,,"Cable Data USBC 10Gb 5.5""",3,08 E,0,1000994,Cables/Cables Data,Equipos,1048,"Cable Data USBC 10Gb 5.5""",Articulo,
,,"Cable Data USB2 - USBC 9.5""",1,08 E,0,1000995,Cables/Cables Data,Equipos,1049,"Cable Data USB2 - USBC 9.5""",Articulo,
,,Cable Data USB3 - USBC 1.5ft,5,08 E,0,1000996,Cables/Cables Data,Equipos,1050,Cable Data USB3 - USBC 1.5ft,Articulo,
,,Cable Data USBC 10Gb 1.5ft,7,08 E,0,1000997,Cables/Cables Data,Equipos,1051,Cable Data USBC 10Gb 1.5ft,Articulo,
,,Cable Data USBC 2ft,1,08 E,0,1000998,Cables/Cables Data,Equipos,1052,Cable Data USBC 2ft,Articulo,
,,Cable Data USB2 - USBC 3ft,3,08 E,0,1000999,Cables/Cables Data,Equipos,1053,Cable Data USB2 - USBC 3ft,Articulo,
,,Cable Data USB3 - USBC 3ft,7,08 E,0,1001000,Cables/Cables Data,Equipos,1054,Cable Data USB3 - USBC 3ft,Articulo,
,,Cable Data USB3 - USB3 Micro 1.5ft,15,08 E,0,1001001,Cables/Cables Data,Equipos,1055,Cable Data USB3 - USB3 Micro 1.5ft,Articulo,
,,Cable Data USB3 - USB3 Micro 2ft,3,08 E,0,1001002,Cables/Cables Data,Equipos,1056,Cable Data USB3 - USB3 Micro 2ft,Articulo,
,,Cable Data USB3 - USB3 Micro 3.5ft,3,08 E,0,1001003,Cables/Cables Data,Equipos,1057,Cable Data USB3 - USB3 Micro 3.5ft,Articulo,
,,Cable Data USB3 - USB3 Micro 3ft,3,08 E,0,1001004,Cables/Cables Data,Equipos,1058,Cable Data USB3 - USB3 Micro 3ft,Articulo,
,,Cable Data USB3 - USB3 (B) 6ft,4,08 E,0,1001005,Cables/Cables Data,Equipos,1059,Cable Data USB3 - USB3 (B) 6ft,Articulo,
,,Cable Data USB3 - USB3 Micro 6ft,1,08 E,0,1001006,Cables/Cables Data,Equipos,1060,Cable Data USB3 - USB3 Micro 6ft,Articulo,
,,Cable Data USB3 - USB3 (B) 3ft,8,08 E,0,1001007,Cables/Cables Data,Equipos,1061,Cable Data USB3 - USB3 (B) 3ft,Articulo,
,,Cable Video HDMI 4K 25ft Tela,1,07 E,0,1001008,Cables/Cables Video,Equipos,1062,Cable Video HDMI 4K 25ft Tela,Articulo,
,,"Cable Data USB2 - USB2 Micro 10""",6,08 E,0,1001009,Cables/Cables Data,Equipos,1063,"Cable Data USB2 - USB2 Micro 10""",Articulo,
,,Cable Data USB2 - USB2 Mini 1.5ft,3,08 E,0,1001010,Cables/Cables Data,Equipos,1064,Cable Data USB2 - USB2 Mini 1.5ft,Articulo,
,,Cable Data USB2 - USB2 Micro 2ft,4,08 E,0,1001011,Cables/Cables Data,Equipos,1065,Cable Data USB2 - USB2 Micro 2ft,Articulo,
,,Cable Data USB2 - USB2 Mini 2.5ft,1,08 E,0,1001012,Cables/Cables Data,Equipos,1066,Cable Data USB2 - USB2 Mini 2.5ft,Articulo,
,,Cable Data USB2 - USB2 (B) 6ft,6,08 E,0,1001013,Cables/Cables Data,Equipos,1067,Cable Data USB2 - USB2 (B) 6ft,Articulo,
,,Cable Data USB2 - USB2 Mini 3ft,2,08 E,0,1001014,Cables/Cables Data,Equipos,1068,Cable Data USB2 - USB2 Mini 3ft,Articulo,
,,Cable Data USB2 - USB2 (B) 3.5ft,2,08 E,0,1001015,Cables/Cables Data,Equipos,1069,Cable Data USB2 - USB2 (B) 3.5ft,Articulo,
,,Cable Data USB2 - USB2 Mini 5ft,3,08 E,0,1001016,Cables/Cables Data,Equipos,1070,Cable Data USB2 - USB2 Mini 5ft,Articulo,
,,Cable Data USB2 - USB2 Female 3ft,1,08 E,0,1001017,Cables/Cables Data,Equipos,1071,Cable Data USB2 - USB2 Female 3ft,Articulo,
,,Cable Data Thunberbolt 2 6.5ft,3,08 E,0,1001018,Cables/Cables Data,Equipos,1072,Cable Data Thunberbolt 2 6.5ft,Articulo,
,,Cable Data Thunderbolt 2 1.5ft,7,08 E,0,1001019,Cables/Cables Data,Equipos,1073,Cable Data Thunderbolt 2 1.5ft,Articulo,
,,Cable Data Thunderbolt 3 2ft,9,08 E,0,1001020,Cables/Cables Data,Equipos,1074,Cable Data Thunderbolt 3 2ft,Articulo,
,,Cable Audio XLR 100ft,2,04 A,0,1001021,Cables/Cables Audio,Equipos,1075,Cable Audio XLR 100ft,Articulo,
,,"Adaptador Audio XLR - 1/4"" 1ft",2,,0,1001022,Accesorios/Accesorios Audio,Equipos,1076,"Adaptador Audio XLR - 1/4"" 1ft",Articulo,
,,Cable Audio Splitter XLR Fe / Ma 1.5ft,2,08 E,0,1001023,Cables/Cables Audio,Equipos,1077,Cable Audio Splitter XLR Fe / Ma 1.5ft,Articulo,
,,Cable Audio Fe / Ma 2ft,2,08 E,0,1001024,Cables/Cables Audio,Equipos,1078,Cable Audio Fe / Ma 2ft,Articulo,
,,Adaptador Audio XLR Fe to MiniJack 1ft,1,,0,1001025,Accesorios/Accesorios Audio,Equipos,1079,Adaptador Audio XLR Fe to MiniJack 1ft,Articulo,
,,Cable Audio XLR Fe/Ma 1ft,2,04 A,0,1001026,Cables/Cables Audio,Equipos,1080,Cable Audio XLR Fe/Ma 1ft,Articulo,
,,Adaptador Audio XLR Fe - MiniJack 2ft,2,,0,1001027,Accesorios/Accesorios Audio,Equipos,1081,Adaptador Audio XLR Fe - MiniJack 2ft,Articulo,
,,Cable Audio MiniJack Tela 1.5ft,2,08 E,0,1001028,Cables/Cables Audio,Equipos,1082,Cable Audio MiniJack Tela 1.5ft,Articulo,
,,Cable Audio MiniJack Tela 3ft,2,08 E,0,1001029,Cables/Cables Audio,Equipos,1083,Cable Audio MiniJack Tela 3ft,Articulo,
,,Cable Audio MiniJack 5ft,3,04 A,0,1001030,Cables/Cables Audio,Equipos,1084,Cable Audio MiniJack 5ft,Articulo,
,,"Adaptador Audio Splitter MiniJack 9""",1,,0,1001031,Accesorios/Accesorios Audio,Equipos,1085,"Adaptador Audio Splitter MiniJack 9""",Articulo,
,,Cable Audio MiniJack / RCA 5ft,1,04 A,0,1001032,Cables/Cables Audio,Equipos,1086,Cable Audio MiniJack / RCA 5ft,Articulo,
,,Adaptador Audio MiniJack / TRS,2,,0,1001033,Accesorios/Accesorios Audio,Equipos,1087,Adaptador Audio MiniJack / TRS,Articulo,
,,Adaptador Audio MiniJack / USBC 1ft,1,,0,1001034,Accesorios/Accesorios Audio,Equipos,1088,Adaptador Audio MiniJack / USBC 1ft,Articulo,
,,Adaptador Audio MiniJack,1,,0,1001035,Accesorios/Accesorios Audio,Equipos,1089,Adaptador Audio MiniJack,Articulo,
,,Cable Network Cat 6 3ft,6,07 E,0,1001036,Cables/Cables Network,Equipos,1090,Cable Network Cat 6 3ft,Articulo,
,,Cable Network Cat 6 1ft,2,07 E,0,1001037,Cables/Cables Network,Equipos,1091,Cable Network Cat 6 1ft,Articulo,
,,Cable Network - USB2 3ft,1,07 E,0,1001038,Cables/Cables Network,Equipos,1092,Cable Network - USB2 3ft,Articulo,
,,Cable Network Cat 6 10ft,1,07 E,0,1001039,Cables/Cables Network,Equipos,1093,Cable Network Cat 6 10ft,Articulo,
,,Cable Network Cat 7 Tela 25ft,2,04 A,0,1001040,Cables/Cables Network,Equipos,1094,Cable Network Cat 7 Tela 25ft,Articulo,
,,Cable Network Cat 6 25ft,3,04 A,0,1001041,Cables/Cables Network,Equipos,1095,Cable Network Cat 6 25ft,Articulo,
,,Cable Network Cat 5E 50ft,1,04 A,0,1001042,Cables/Cables Network,Equipos,1096,Cable Network Cat 5E 50ft,Articulo,
,,Color Chart Datacolor SpyderCheckr 24,1,,0,1001043,Accesorios/Accesorios Color,Equipos,1097,Color Chart Datacolor SpyderCheckr 24,Articulo,
,,Codo BNC Female - Female,18,,0,1001045,Accesorios/Accesorios Video,Equipos,1098,Codo BNC Female - Female,Articulo,
,,Rack Color Connector Frames,12,,0,1001046,Accesorios/Accesorios Video,Equipos,1099,Rack Color Connector Frames,Articulo,
,,Connector Round Cap,43,,0,1001047,Accesorios/Accesorios Video,Equipos,1100,Connector Round Cap,Articulo,
,,Rack Connector XLR Male,2,,0,1001048,Accesorios/Accesorios Audio,Equipos,1101,Rack Connector XLR Male,Articulo,
,,Rack Connector XLR Female,2,,0,1001049,Accesorios/Accesorios Audio,Equipos,1102,Rack Connector XLR Female,Articulo,
AJASPLTC02,185,Full Case AJA Splitter HDTV 02,1,06 B,0,1001051,Full Cases/Kits,Equipos,1103,Full Case AJA Splitter HDTV 02,case,
,,Power AC AJA D-Tap,2,,0,1001053,Power/Alimentadores AC/Asignados,Equipos,1104,Power AC AJA D-Tap,Articulo,
,,Cable Data Thunderbolt 2 3ft,12,08 E,0,1001054,Cables/Cables Data,Equipos,1105,Cable Data Thunderbolt 2 3ft,Articulo,
,,Case Pelican 1300 (Black),3,,0,1001056,Maletas/Cases/Bultos/Cases,Equipos,1106,Case Pelican 1300 (Black),Articulo,
,,Power AC Switch TP-Link 8Port,1,,0,1001057,Power/Alimentadores AC/Asignados,Equipos,1107,Power AC Switch TP-Link 8Port,Articulo,
,,Cable AC BM Smart  VideoHub 12x12,1,,0,1001059,Power/Alimentadores AC/Asignados,Equipos,1108,Cable AC BM Smart  VideoHub 12x12,Articulo,
,,Power AC 2-Pin AJA HD/SD Sync Gen,1,,0,1001060,Gastables,Equipos,1109,Power AC 2-Pin AJA HD/SD Sync Gen,Articulo,
,,Cable Video DisplayPort - Thunderbolt 2 6ft,1,08 D,0,1001061,Cables/Cables Video,Equipos,1110,Cable Video DisplayPort - Thunderbolt 2 6ft,Articulo,
,,Cable Audio XLR Fe/Ma 3ft,1,,0,1001062,Gastables,Equipos,1111,Cable Audio XLR Fe/Ma 3ft,Articulo,
,,Carro ProAim Victor Medium,1,,0,1001063,Movilidad/Carros,Equipos,1112,Carro ProAim Victor Medium,Articulo,
,,Cable AC Batería Watson Dual,2,,0,1001064,Gastables,Equipos,1113,Cable AC Batería Watson Dual,Articulo,
,,Power AC Router Maxell Rabbit,1,,0,1001065,Power/Alimentadores AC/Asignados,Equipos,1114,Power AC Router Maxell Rabbit,Articulo,
,,Power AC Serv Pro D-Tap 2-Pin Lemo,2,,0,1001066,Wireless Systems,Equipos,1115,Power AC Serv Pro D-Tap 2-Pin Lemo,Articulo,
,,UPS CyberPower 1000,1,,0,1001067,Power/UPS,Equipos,1116,UPS CyberPower 1000,Articulo,
,,Cable Tester CT-20,1,,0,1001069,Accesorios/Herramientas,Equipos,1117,Cable Tester CT-20,Articulo,
,,Cable Data USB2 - Lightning 3.5ft,3,08 E,0,1001070,Cables/Cables Data,Equipos,1118,Cable Data USB2 - Lightning 3.5ft,Articulo,
,,Cable Data USB2 - USB2 (B) 5ft,2,08 E,0,1001071,Cables/Cables Data,Equipos,1119,Cable Data USB2 - USB2 (B) 5ft,Articulo,
,,Cable Data USB2 - USB2 (B) 6ft,1,08 E,0,1001072,Cables/Cables Data,Equipos,1120,Cable Data USB2 - USB2 (B) 6ft,Articulo,
,,Cable Data USB3 Micro - USBC 1.5ft,2,08 E,0,1001073,Cables/Cables Data,Equipos,1121,Cable Data USB3 Micro - USBC 1.5ft,Articulo,
,,Cable Data Thunderbolt 3 3ft,3,08 E,0,1001074,Cables/Cables Data,Equipos,1122,Cable Data Thunderbolt 3 3ft,Articulo,
,,Cable Data Thunderbolt 3 1.5ft,4,08 E,0,1001075,Cables/Cables Data,Equipos,1123,Cable Data Thunderbolt 3 1.5ft,Articulo,
,,Cable Data Thunderbolt 3 6.5ft,3,08 E,0,1001076,Cables/Cables Data,Equipos,1124,Cable Data Thunderbolt 3 6.5ft,Articulo,
,,Cable Data USBC 3ft,1,08 E,0,1001077,Cables/Cables Data,Equipos,1125,Cable Data USBC 3ft,Articulo,
,,Cable Data Thunderbolt 2 6.5ft,2,08 E,0,1001078,Cables/Cables Data,Equipos,1126,Cable Data Thunderbolt 2 6.5ft,Articulo,
,,Cable Network Optic Fiber 3.5ft,1,07 E,0,1001080,Cables/Cables Network,Equipos,1128,Cable Network Optic Fiber 3.5ft,Articulo,
,,Power AC Hub Promise TD-300 Dock Station,1,,0,1001081,Power/Alimentadores AC/Asignados,Equipos,1129,Power AC Hub Promise TD-300 Dock Station,Articulo,
,,Power AC Switch Monoprice 2In-1Out,2,,0,1001082,Power/Alimentadores AC/Asignados,Equipos,1130,Power AC Switch Monoprice 2In-1Out,Articulo,
,,Switch Monoprice 4Out-1In,1,,1,1001083,Capture & Playback,Equipos,1131,Switch Monoprice 4Out-1In,Articulo,
,,Power AC Switch Monoprice 4Out-1In,1,,0,1001084,Power/Alimentadores AC/Asignados,Equipos,1132,Power AC Switch Monoprice 4Out-1In,Articulo,
,,Adaptador Apple Thunderbolt 2 - Network,2,08 D,0,1001089,Accesorios/Accesorios Data,Equipos,1133,Adaptador Apple Thunderbolt 2 - Network,Articulo,
,,"Cable AC RED Mag 1.8"" USB2",2,,0,1001095,Power/Alimentadores AC/Asignados,Equipos,1134,"Cable AC RED Mag 1.8"" USB2",Articulo,
U64894F1Z393383,200,Impresora Label Brother QL-1110NWB,1,LABEL,1,1001098,Accesorios/Impresoras,Equipos,1135,Impresora Label Brother QL-1110NWB,Articulo,
,,Power AC Impresora Brother QL-1110NWB,1,,0,1001100,Power/Alimentadores AC/Asignados,Equipos,1136,Power AC Impresora Brother QL-1110NWB,Articulo,
2038521,202,Monitor Blackmagic SmartScope Duo,1,,0,1001102,Monitores,Equipos,1137,Monitor Blackmagic SmartScope Duo,Articulo,
,,Power AC Monitor BM SmartScope Duo,1,,0,1001104,Power/Alimentadores AC/Asignados,Equipos,1138,Power AC Monitor BM SmartScope Duo,Articulo,
,,Power AC Ventilador AC Infinity Rack,1,,0,1001106,Power/Alimentadores AC/Asignados,Equipos,1139,Power AC Ventilador AC Infinity Rack,Articulo,
,,UPS CyberPower CPS-1215RM Rack,1,,0,1001107,Power/UPS,Equipos,1140,UPS CyberPower CPS-1215RM Rack,Articulo,
,,Power AC Monitor Dell,2,,0,1001108,Power/Alimentadores AC/Asignados,Equipos,1141,Power AC Monitor Dell,Articulo,
Y2050A6002003,204,Router TP-Link Archer A20,1,,1,1001109,Wireless Systems,Equipos,1142,Router TP-Link Archer A20,Articulo,
,,Power AC Router TP-Link Archer A20,1,,0,1001111,Power/Alimentadores AC/Asignados,Equipos,1143,Power AC Router TP-Link Archer A20,Articulo,
,,Cable Sensor AC Infinity,1,,0,1001115,Accesorios,Equipos,1145,Cable Sensor AC Infinity,Articulo,
,,Regleta Genérica 6 Entradas (Black),3,02 A,0,1001118,Power/Regletas,Equipos,1146,Regleta Genérica 6 Entradas (Black),Articulo,
,,Cable Data USB3 - USB3 (B) 5ft,1,08 E,0,1001122,Cables/Cables Data,Equipos,1147,Cable Data USB3 - USB3 (B) 5ft,Articulo,
,,Color Chart DataColor FadeCheckr w/ Case,1,,0,1001123,Accesorios/Accesorios Color,Equipos,1148,Color Chart DataColor FadeCheckr w/ Case,Articulo,
,,Regleta Forza 6 Entradas,1,02 A,0,1001124,Power/Regletas,Equipos,1149,Regleta Forza 6 Entradas,Articulo,
,,Pilas Recargables Watson MX 4Set,3,,0,1001125,Power/Baterías,Equipos,1150,Pilas Recargables Watson MX 4Set,Articulo,
7TC004X7,212,Seagate IronWolf 125 1TB SSD,12,,0,1001126,Archiving/Hardrives,Equipos,1151,Seagate IronWolf 125 1TB SSD,Articulo,
7TC0052Y,213,Seagate IronWolf 125 1TB SSD,12,,0,1001126,Archiving/Hardrives,Equipos,1151,Seagate IronWolf 125 1TB SSD,Articulo,
7TC004XC,214,Seagate IronWolf 125 1TB SSD,12,,0,1001126,Archiving/Hardrives,Equipos,1151,Seagate IronWolf 125 1TB SSD,Articulo,
7TC004ZC,215,Seagate IronWolf 125 1TB SSD,12,,0,1001126,Archiving/Hardrives,Equipos,1151,Seagate IronWolf 125 1TB SSD,Articulo,
7TC0059J,216,Seagate IronWolf 125 1TB SSD,12,,0,1001126,Archiving/Hardrives,Equipos,1151,Seagate IronWolf 125 1TB SSD,Articulo,
7TC004WZ,217,Seagate IronWolf 125 1TB SSD,12,,0,1001126,Archiving/Hardrives,Equipos,1151,Seagate IronWolf 125 1TB SSD,Articulo,
7TC0054F,218,Seagate IronWolf 125 1TB SSD,12,,0,1001126,Archiving/Hardrives,Equipos,1151,Seagate IronWolf 125 1TB SSD,Articulo,
7TC0050J,219,Seagate IronWolf 125 1TB SSD,12,,0,1001126,Archiving/Hardrives,Equipos,1151,Seagate IronWolf 125 1TB SSD,Articulo,
7TC004ZQ,220,Seagate IronWolf 125 1TB SSD,12,,0,1001126,Archiving/Hardrives,Equipos,1151,Seagate IronWolf 125 1TB SSD,Articulo,
7TC0059B,221,Seagate IronWolf 125 1TB SSD,12,,0,1001126,Archiving/Hardrives,Equipos,1151,Seagate IronWolf 125 1TB SSD,Articulo,
7TC004YN,222,Seagate IronWolf 125 1TB SSD,12,,0,1001126,Archiving/Hardrives,Equipos,1151,Seagate IronWolf 125 1TB SSD,Articulo,
7TC005CC,223,Seagate IronWolf 125 1TB SSD,12,,0,1001126,Archiving/Hardrives,Equipos,1151,Seagate IronWolf 125 1TB SSD,Articulo,
21115Z800059,224,Western Digital WD RED SA500 1TB SSD,4,,0,1001139,Archiving/Hardrives,Equipos,1152,Western Digital WD RED SA500 1TB SSD,Articulo,
21115Z800076,225,Western Digital WD RED SA500 1TB SSD,4,,0,1001139,Archiving/Hardrives,Equipos,1152,Western Digital WD RED SA500 1TB SSD,Articulo,
21115Z800002,226,Western Digital WD RED SA500 1TB SSD,4,,0,1001139,Archiving/Hardrives,Equipos,1152,Western Digital WD RED SA500 1TB SSD,Articulo,
21115Z800051,227,Western Digital WD RED SA500 1TB SSD,4,,0,1001139,Archiving/Hardrives,Equipos,1152,Western Digital WD RED SA500 1TB SSD,Articulo,
,,Cargador Pilas Recargables 4U GP,1,,0,1001144,Power/Cargadores,Equipos,1153,Cargador Pilas Recargables 4U GP,Articulo,
20090055,228,Video Signal Tester Prophecy,1,,0,1001145,Accesorios,Equipos,1154,Video Signal Tester Prophecy,Articulo,
,,Power AC Video Signal Tester Prophecy,1,,0,1001147,Power/Alimentadores AC/Asignados,Equipos,1155,Power AC Video Signal Tester Prophecy,Articulo,
,,Cable Data USBC 1.5ft,3,08 E,0,1001148,Cables/Cables Data,Equipos,1156,Cable Data USBC 1.5ft,Articulo,
,,Cable Data USB3 Micro - USBC 2ft,1,08 E,0,1001149,Cables/Cables Data,Equipos,1157,Cable Data USB3 Micro - USBC 2ft,Articulo,
,,cable Data USB3 Micro - USBC 1ft,3,08 E,0,1001150,Cables/Cables Data,Equipos,1158,cable Data USB3 Micro - USBC 1ft,Articulo,
,,Cargador Pilas Recargables Duracell 4U,1,,0,1001151,Power/Cargadores,Equipos,1159,Cargador Pilas Recargables Duracell 4U,Articulo,
MODULDATA01C,229,Full Case Data / DIT Modulo D,0,07 D,0,1001152,Full Cases/Kits,Equipos,1160,Full Case Data / DIT Modulo D,case,
,,Cable AC XLR 4 Pin 3.5ft,4,02 A,0,1001154,Power/Alimentadores AC/No Asignados,Equipos,1161,Cable AC XLR 4 Pin 3.5ft,Articulo,
,,Regleta Genérica 5 Entradas/USB (White),2,02 A,0,1001155,Power/Regletas,Equipos,1162,Regleta Genérica 5 Entradas/USB (White),Articulo,
,,Regleta Genérica 6 Entradas (White),2,02 A,0,1001156,Power/Regletas,Equipos,1163,Regleta Genérica 6 Entradas (White),Articulo,
,,Adaptador Eléctrico 3 Pin / 2 Pin,1,,0,1001157,Accesorios,Equipos,1164,Adaptador Eléctrico 3 Pin / 2 Pin,Articulo,
7TD003VR,230,Seagate IronWolf 125  2TB SSD,8,,0,1001158,Archiving/Hardrives,Equipos,1165,Seagate IronWolf 125  2TB SSD,Articulo,
7TD003W0,231,Seagate IronWolf 125  2TB SSD,8,,0,1001158,Archiving/Hardrives,Equipos,1165,Seagate IronWolf 125  2TB SSD,Articulo,
7TD0046G,232,Seagate IronWolf 125  2TB SSD,8,,0,1001158,Archiving/Hardrives,Equipos,1165,Seagate IronWolf 125  2TB SSD,Articulo,
7TD0046J,233,Seagate IronWolf 125  2TB SSD,8,,0,1001158,Archiving/Hardrives,Equipos,1165,Seagate IronWolf 125  2TB SSD,Articulo,
7TD003YT,234,Seagate IronWolf 125  2TB SSD,8,,0,1001158,Archiving/Hardrives,Equipos,1165,Seagate IronWolf 125  2TB SSD,Articulo,
7TD00477,235,Seagate IronWolf 125  2TB SSD,8,,0,1001158,Archiving/Hardrives,Equipos,1165,Seagate IronWolf 125  2TB SSD,Articulo,
7TD0040X,236,Seagate IronWolf 125  2TB SSD,8,,0,1001158,Archiving/Hardrives,Equipos,1165,Seagate IronWolf 125  2TB SSD,Articulo,
7TD0044R,237,Seagate IronWolf 125  2TB SSD,8,,0,1001158,Archiving/Hardrives,Equipos,1165,Seagate IronWolf 125  2TB SSD,Articulo,
21084H800464,238,Western Digital WD RED SA500 2TB SSD,8,,0,1001167,Archiving/Hardrives,Equipos,1166,Western Digital WD RED SA500 2TB SSD,Articulo,
21084H800516,239,Western Digital WD RED SA500 2TB SSD,8,,0,1001167,Archiving/Hardrives,Equipos,1166,Western Digital WD RED SA500 2TB SSD,Articulo,
21084H800532,240,Western Digital WD RED SA500 2TB SSD,8,,0,1001167,Archiving/Hardrives,Equipos,1166,Western Digital WD RED SA500 2TB SSD,Articulo,
21084H800454,241,Western Digital WD RED SA500 2TB SSD,8,,0,1001167,Archiving/Hardrives,Equipos,1166,Western Digital WD RED SA500 2TB SSD,Articulo,
7TD0047M,242,Western Digital WD RED SA500 2TB SSD,8,,0,1001167,Archiving/Hardrives,Equipos,1166,Western Digital WD RED SA500 2TB SSD,Articulo,
7TD0046N,243,Western Digital WD RED SA500 2TB SSD,8,,0,1001167,Archiving/Hardrives,Equipos,1166,Western Digital WD RED SA500 2TB SSD,Articulo,
7TD0040J,244,Western Digital WD RED SA500 2TB SSD,8,,0,1001167,Archiving/Hardrives,Equipos,1166,Western Digital WD RED SA500 2TB SSD,Articulo,
7TD0047C,245,Western Digital WD RED SA500 2TB SSD,8,,0,1001167,Archiving/Hardrives,Equipos,1166,Western Digital WD RED SA500 2TB SSD,Articulo,
2940003457,252,Drive Set OWC Shuttle 02 (2TBx4),1,STORAGE 01,1,1001182,Archiving/Drives Sets,Equipos,1167,Drive Set OWC Shuttle 02 (2TBx4),case,
2940003463,253,Drive Set OWC Shuttle 03 (1TBx4),1,STORAGE 01,1,1001184,Archiving/Drives Sets,Equipos,1168,Drive Set OWC Shuttle 03 (1TBx4),case,
2940003333,254,Drive Set OWC Shuttle 06 (2TBx4),1,STORAGE 01,1,1001186,Archiving/Drives Sets,Equipos,1169,Drive Set OWC Shuttle 06 (2TBx4),case,
2940003455,255,Drive Set OWC Shuttle 08  (2TBx4),1,STORAGE 01,1,1001188,Archiving/Drives Sets,Equipos,1170,Drive Set OWC Shuttle 08  (2TBx4),case,
,,Case Pelican iM2500 (Storm Case),1,,0,1001192,Maletas/Cases/Bultos/Cases,Equipos,1171,Case Pelican iM2500 (Storm Case),Articulo,
2940003101,262,Drive Set OWC Shuttle 01 (1TBx4),1,STORAGE 01,1,1001203,Archiving/Drives Sets,Equipos,1178,Drive Set OWC Shuttle 01 (1TBx4),case,
2940003735,263,Drive Set OWC Shuttle 04  (2TBx4),1,STORAGE 01,1,1001205,Archiving/Drives Sets,Equipos,1179,Drive Set OWC Shuttle 04  (2TBx4),case,
2940003469,264,Drive Set OWC Shuttle 05 (1TBx4),1,STORAGE 01,1,1001207,Archiving/Drives Sets,Equipos,1180,Drive Set OWC Shuttle 05 (1TBx4),case,
2940003374,265,Drive Set OWC Shuttle 07 (1TBx4),1,STORAGE 01,1,1001209,Archiving/Drives Sets,Equipos,1181,Drive Set OWC Shuttle 07 (1TBx4),case,
CLRPANELEM01,266,Color Panels Tangent Element,1,,0,1001211,Consola/Video,Equipos,1182,Color Panels Tangent Element,case,
Z4D07GKX,267,Disco Seagate Desktop 6TB,2,STORAGE 01,0,1001213,Archiving/Hardrives,Equipos,1183,Disco Seagate Desktop 6TB,Articulo,"Tipo :HDD 

Velocidad :7200 RPM"
Z4D03ANM,268,Disco Seagate Desktop 6TB,2,STORAGE 01,0,1001213,Archiving/Hardrives,Equipos,1183,Disco Seagate Desktop 6TB,Articulo,"Tipo :HDD 

Velocidad :7200 RPM"
K8G04U0N,269,Disco Western Digital Red Pro 6TB,1,STORAGE 01,0,1001216,Archiving/Hardrives,Equipos,1184,Disco Western Digital Red Pro 6TB,Articulo,"Tipo :HDD 

Velocidad :7200 RPM"
ZADBCVH0,270,Disco Seagate IronWolf NAS 6TB,8,STORAGE 01,0,1001218,Archiving/Hardrives,Equipos,1185,Disco Seagate IronWolf NAS 6TB,Articulo,"Tipo : HDD

Velocidad : 7200 RPM"
ZADBCVMM,271,Disco Seagate IronWolf NAS 6TB,8,STORAGE 01,0,1001218,Archiving/Hardrives,Equipos,1185,Disco Seagate IronWolf NAS 6TB,Articulo,"Tipo : HDD

Velocidad : 7200 RPM"
ZADBCLWT,272,Disco Seagate IronWolf NAS 6TB,8,STORAGE 01,0,1001218,Archiving/Hardrives,Equipos,1185,Disco Seagate IronWolf NAS 6TB,Articulo,"Tipo : HDD

Velocidad : 7200 RPM"
ZADBCMG1,273,Disco Seagate IronWolf NAS 6TB,8,STORAGE 01,0,1001218,Archiving/Hardrives,Equipos,1185,Disco Seagate IronWolf NAS 6TB,Articulo,"Tipo : HDD

Velocidad : 7200 RPM"
ZAD3FLQR,274,Disco Seagate IronWolf NAS 6TB,8,STORAGE 01,0,1001218,Archiving/Hardrives,Equipos,1185,Disco Seagate IronWolf NAS 6TB,Articulo,"Tipo : HDD

Velocidad : 7200 RPM"
ZAD3GKD9,275,Disco Seagate IronWolf NAS 6TB,8,STORAGE 01,0,1001218,Archiving/Hardrives,Equipos,1185,Disco Seagate IronWolf NAS 6TB,Articulo,"Tipo : HDD

Velocidad : 7200 RPM"
ZR10E1TB,276,Disco Seagate IronWolf NAS 6TB,8,STORAGE 01,0,1001218,Archiving/Hardrives,Equipos,1185,Disco Seagate IronWolf NAS 6TB,Articulo,"Tipo : HDD

Velocidad : 7200 RPM"
ZR10E1T9,277,Disco Seagate IronWolf NAS 6TB,8,STORAGE 01,0,1001218,Archiving/Hardrives,Equipos,1185,Disco Seagate IronWolf NAS 6TB,Articulo,"Tipo : HDD

Velocidad : 7200 RPM"
WF203XLM,278,Disco Seagate Barracuda COMPUTE 6TB,4,STORAGE 01,0,1001227,Archiving/Hardrives,Equipos,1186,Disco Seagate Barracuda COMPUTE 6TB,Articulo," 


Tipo : HDD

Velocidad : 5400 RPM"
WF203XBG,279,Disco Seagate Barracuda COMPUTE 6TB,4,STORAGE 01,0,1001227,Archiving/Hardrives,Equipos,1186,Disco Seagate Barracuda COMPUTE 6TB,Articulo," 


Tipo : HDD

Velocidad : 5400 RPM"
WF203X4Z,280,Disco Seagate Barracuda COMPUTE 6TB,4,STORAGE 01,0,1001227,Archiving/Hardrives,Equipos,1186,Disco Seagate Barracuda COMPUTE 6TB,Articulo," 


Tipo : HDD

Velocidad : 5400 RPM"
WF203S6B,281,Disco Seagate Barracuda COMPUTE 6TB,4,STORAGE 01,0,1001227,Archiving/Hardrives,Equipos,1186,Disco Seagate Barracuda COMPUTE 6TB,Articulo," 


Tipo : HDD

Velocidad : 5400 RPM"
WCC7K6ATUVRX,282,Disco Western Digital Purple 4TB,2,STORAGE 01,0,1001232,Archiving/Hardrives,Equipos,1187,Disco Western Digital Purple 4TB,Articulo," 


Tipo : HDD

Velocidad : 5400 RPM"
WCC7K0RHCK4F,283,Disco Western Digital Purple 4TB,2,STORAGE 01,0,1001232,Archiving/Hardrives,Equipos,1187,Disco Western Digital Purple 4TB,Articulo," 


Tipo : HDD

Velocidad : 5400 RPM"
ZDH2DQJ1,284,Disco Seagate Barracuda COMPUTE 4TB,7,STORAGE 01,0,1001235,Archiving/Hardrives,Equipos,1188,Disco Seagate Barracuda COMPUTE 4TB,Articulo," 


Tipo : HDD

Velocidad : 7200 RPM"
WFN03EFP,285,Disco Seagate Barracuda COMPUTE 4TB,7,STORAGE 01,0,1001235,Archiving/Hardrives,Equipos,1188,Disco Seagate Barracuda COMPUTE 4TB,Articulo," 


Tipo : HDD

Velocidad : 7200 RPM"
ZDH2DR5H,286,Disco Seagate Barracuda COMPUTE 4TB,7,STORAGE 01,0,1001235,Archiving/Hardrives,Equipos,1188,Disco Seagate Barracuda COMPUTE 4TB,Articulo," 


Tipo : HDD

Velocidad : 7200 RPM"
ZDH2DQQZ,287,Disco Seagate Barracuda COMPUTE 4TB,7,STORAGE 01,0,1001235,Archiving/Hardrives,Equipos,1188,Disco Seagate Barracuda COMPUTE 4TB,Articulo," 


Tipo : HDD

Velocidad : 7200 RPM"
ZDH2DQLK,288,Disco Seagate Barracuda COMPUTE 4TB,7,STORAGE 01,0,1001235,Archiving/Hardrives,Equipos,1188,Disco Seagate Barracuda COMPUTE 4TB,Articulo," 


Tipo : HDD

Velocidad : 7200 RPM"
ZDH2DYWP,289,Disco Seagate Barracuda COMPUTE 4TB,7,STORAGE 01,0,1001235,Archiving/Hardrives,Equipos,1188,Disco Seagate Barracuda COMPUTE 4TB,Articulo," 


Tipo : HDD

Velocidad : 7200 RPM"
WGY0DTX4,290,Disco Seagate Barracuda COMPUTE 4TB,7,STORAGE 01,0,1001235,Archiving/Hardrives,Equipos,1188,Disco Seagate Barracuda COMPUTE 4TB,Articulo," 


Tipo : HDD

Velocidad : 7200 RPM"
PCGH47ZN,291,Disco HGST APR-2015 4TB,1,STORAGE 01,0,1001243,Archiving/Hardrives,Equipos,1189,Disco HGST APR-2015 4TB,Articulo," 


Tipo : HDD

Velocidad : 7200 RPM"
PCGH47ZN,292,Disco HGST AUG-2014 4TB,1,STORAGE 01,0,1001245,Archiving/Hardrives,Equipos,1190,Disco HGST AUG-2014 4TB,Articulo,"Tipo : HDD

Velocidad : 7200 RPM"
WFN02PVV,293,Disco Seagate Barracuda COMPUTE 4TB,2,STORAGE 01,0,1001247,Archiving/Hardrives,Equipos,1191,Disco Seagate Barracuda COMPUTE 4TB,Articulo,"Tipo : HDD

Velocidad : 5400 RPM"
WFN03BJK,294,Disco Seagate Barracuda COMPUTE 4TB,2,STORAGE 01,0,1001247,Archiving/Hardrives,Equipos,1191,Disco Seagate Barracuda COMPUTE 4TB,Articulo,"Tipo : HDD

Velocidad : 5400 RPM"
Z4Z90SBL,295,DiscoSeagate Barracuda COMPUTE,2,STORAGE 01,0,1001250,Archiving/Hardrives,Equipos,1192,DiscoSeagate Barracuda COMPUTE,Articulo,"Tipo : HDD

Velocidad : 7200 RPM"
Z4Z911QF,296,DiscoSeagate Barracuda COMPUTE,2,STORAGE 01,0,1001250,Archiving/Hardrives,Equipos,1192,DiscoSeagate Barracuda COMPUTE,Articulo,"Tipo : HDD

Velocidad : 7200 RPM"
WCC4M4TRP5N4,297,Disco Western Digital Green 2TB,1,STORAGE 01,0,1001253,Archiving/Hardrives,Equipos,1193,Disco Western Digital Green 2TB,Articulo,"Tipo : HDD

Velocidad : 5400 RPM"
WSD1DBL7,298,Disco Seagate IronWolf NAS 8TB,26,STORAGE 01,0,1001255,Archiving/Hardrives,Equipos,1194,Disco Seagate IronWolf NAS 8TB,Articulo,"Tipo : HDD

Velocidad : 7200 RPM"
WSD10CJB,299,Disco Seagate IronWolf NAS 8TB,26,STORAGE 01,0,1001255,Archiving/Hardrives,Equipos,1194,Disco Seagate IronWolf NAS 8TB,Articulo,"Tipo : HDD

Velocidad : 7200 RPM"
WSD19NRV,300,Disco Seagate IronWolf NAS 8TB,26,STORAGE 01,0,1001255,Archiving/Hardrives,Equipos,1194,Disco Seagate IronWolf NAS 8TB,Articulo,"Tipo : HDD

Velocidad : 7200 RPM"
WSD1DBPY,301,Disco Seagate IronWolf NAS 8TB,26,STORAGE 01,0,1001255,Archiving/Hardrives,Equipos,1194,Disco Seagate IronWolf NAS 8TB,Articulo,"Tipo : HDD

Velocidad : 7200 RPM"
WSD0NYMF,302,Disco Seagate IronWolf NAS 8TB,26,STORAGE 01,0,1001255,Archiving/Hardrives,Equipos,1194,Disco Seagate IronWolf NAS 8TB,Articulo,"Tipo : HDD

Velocidad : 7200 RPM"
WSD09PZ7,303,Disco Seagate IronWolf NAS 8TB,26,STORAGE 01,0,1001255,Archiving/Hardrives,Equipos,1194,Disco Seagate IronWolf NAS 8TB,Articulo,"Tipo : HDD

Velocidad : 7200 RPM"
WSD0V35J,304,Disco Seagate IronWolf NAS 8TB,26,STORAGE 01,0,1001255,Archiving/Hardrives,Equipos,1194,Disco Seagate IronWolf NAS 8TB,Articulo,"Tipo : HDD

Velocidad : 7200 RPM"
WSD0JZXM,305,Disco Seagate IronWolf NAS 8TB,26,STORAGE 01,0,1001255,Archiving/Hardrives,Equipos,1194,Disco Seagate IronWolf NAS 8TB,Articulo,"Tipo : HDD

Velocidad : 7200 RPM"
WSD1DAJ3,306,Disco Seagate IronWolf NAS 8TB,26,STORAGE 01,0,1001255,Archiving/Hardrives,Equipos,1194,Disco Seagate IronWolf NAS 8TB,Articulo,"Tipo : HDD

Velocidad : 7200 RPM"
WSD1DAPY,307,Disco Seagate IronWolf NAS 8TB,26,STORAGE 01,0,1001255,Archiving/Hardrives,Equipos,1194,Disco Seagate IronWolf NAS 8TB,Articulo,"Tipo : HDD

Velocidad : 7200 RPM"
WSD2ARDR,308,Disco Seagate IronWolf NAS 8TB,26,STORAGE 01,0,1001255,Archiving/Hardrives,Equipos,1194,Disco Seagate IronWolf NAS 8TB,Articulo,"Tipo : HDD

Velocidad : 7200 RPM"
WSD2HAYQ,309,Disco Seagate IronWolf NAS 8TB,26,STORAGE 01,0,1001255,Archiving/Hardrives,Equipos,1194,Disco Seagate IronWolf NAS 8TB,Articulo,"Tipo : HDD

Velocidad : 7200 RPM"
WSD0JZVH,310,Disco Seagate IronWolf NAS 8TB,26,STORAGE 01,0,1001255,Archiving/Hardrives,Equipos,1194,Disco Seagate IronWolf NAS 8TB,Articulo,"Tipo : HDD

Velocidad : 7200 RPM"
WSD0JZXL,311,Disco Seagate IronWolf NAS 8TB,26,STORAGE 01,0,1001255,Archiving/Hardrives,Equipos,1194,Disco Seagate IronWolf NAS 8TB,Articulo,"Tipo : HDD

Velocidad : 7200 RPM"
WSD046PX,312,Disco Seagate IronWolf NAS 8TB,26,STORAGE 01,0,1001255,Archiving/Hardrives,Equipos,1194,Disco Seagate IronWolf NAS 8TB,Articulo,"Tipo : HDD

Velocidad : 7200 RPM"
WSD1DB1B,313,Disco Seagate IronWolf NAS 8TB,26,STORAGE 01,0,1001255,Archiving/Hardrives,Equipos,1194,Disco Seagate IronWolf NAS 8TB,Articulo,"Tipo : HDD

Velocidad : 7200 RPM"
WSD15Z3L,314,Disco Seagate IronWolf NAS 8TB,26,STORAGE 01,0,1001255,Archiving/Hardrives,Equipos,1194,Disco Seagate IronWolf NAS 8TB,Articulo,"Tipo : HDD

Velocidad : 7200 RPM"
WSD086J0,315,Disco Seagate IronWolf NAS 8TB,26,STORAGE 01,0,1001255,Archiving/Hardrives,Equipos,1194,Disco Seagate IronWolf NAS 8TB,Articulo,"Tipo : HDD

Velocidad : 7200 RPM"
WSD2BV70,316,Disco Seagate IronWolf NAS 8TB,26,STORAGE 01,0,1001255,Archiving/Hardrives,Equipos,1194,Disco Seagate IronWolf NAS 8TB,Articulo,"Tipo : HDD

Velocidad : 7200 RPM"
WSD08SA1,317,Disco Seagate IronWolf NAS 8TB,26,STORAGE 01,0,1001255,Archiving/Hardrives,Equipos,1194,Disco Seagate IronWolf NAS 8TB,Articulo,"Tipo : HDD

Velocidad : 7200 RPM"
WSD2HA8Z,318,Disco Seagate IronWolf NAS 8TB,26,STORAGE 01,0,1001255,Archiving/Hardrives,Equipos,1194,Disco Seagate IronWolf NAS 8TB,Articulo,"Tipo : HDD

Velocidad : 7200 RPM"
WSD0FKJW,319,Disco Seagate IronWolf NAS 8TB,26,STORAGE 01,0,1001255,Archiving/Hardrives,Equipos,1194,Disco Seagate IronWolf NAS 8TB,Articulo,"Tipo : HDD

Velocidad : 7200 RPM"
WSD2H0V5,320,Disco Seagate IronWolf NAS 8TB,26,STORAGE 01,0,1001255,Archiving/Hardrives,Equipos,1194,Disco Seagate IronWolf NAS 8TB,Articulo,"Tipo : HDD

Velocidad : 7200 RPM"
WSD1D2CH,321,Disco Seagate IronWolf NAS 8TB,26,STORAGE 01,0,1001255,Archiving/Hardrives,Equipos,1194,Disco Seagate IronWolf NAS 8TB,Articulo,"Tipo : HDD

Velocidad : 7200 RPM"
WSD15X01,322,Disco Seagate IronWolf NAS 8TB,26,STORAGE 01,0,1001255,Archiving/Hardrives,Equipos,1194,Disco Seagate IronWolf NAS 8TB,Articulo,"Tipo : HDD

Velocidad : 7200 RPM"
WSD2VJJ5,323,Disco Seagate IronWolf NAS 8TB,26,STORAGE 01,0,1001255,Archiving/Hardrives,Equipos,1194,Disco Seagate IronWolf NAS 8TB,Articulo,"Tipo : HDD

Velocidad : 7200 RPM"
7TC004X7,324,Disco Seagate IronWolf 125 1TB,12,STORAGE 01,0,1001282,Archiving/Hardrives,Equipos,1195,Disco Seagate IronWolf 125 1TB,Articulo,"Tipo : SDD

Velocidad : SATA 6Gb/s"
7TC0052Y,325,Disco Seagate IronWolf 125 1TB,12,STORAGE 01,0,1001282,Archiving/Hardrives,Equipos,1195,Disco Seagate IronWolf 125 1TB,Articulo,"Tipo : SDD

Velocidad : SATA 6Gb/s"
7TC004XC,326,Disco Seagate IronWolf 125 1TB,12,STORAGE 01,0,1001282,Archiving/Hardrives,Equipos,1195,Disco Seagate IronWolf 125 1TB,Articulo,"Tipo : SDD

Velocidad : SATA 6Gb/s"
7TC004ZC,327,Disco Seagate IronWolf 125 1TB,12,STORAGE 01,0,1001282,Archiving/Hardrives,Equipos,1195,Disco Seagate IronWolf 125 1TB,Articulo,"Tipo : SDD

Velocidad : SATA 6Gb/s"
7TC0059J,328,Disco Seagate IronWolf 125 1TB,12,STORAGE 01,0,1001282,Archiving/Hardrives,Equipos,1195,Disco Seagate IronWolf 125 1TB,Articulo,"Tipo : SDD

Velocidad : SATA 6Gb/s"
7TC004WZ,329,Disco Seagate IronWolf 125 1TB,12,STORAGE 01,0,1001282,Archiving/Hardrives,Equipos,1195,Disco Seagate IronWolf 125 1TB,Articulo,"Tipo : SDD

Velocidad : SATA 6Gb/s"
7TC0054F,330,Disco Seagate IronWolf 125 1TB,12,STORAGE 01,0,1001282,Archiving/Hardrives,Equipos,1195,Disco Seagate IronWolf 125 1TB,Articulo,"Tipo : SDD

Velocidad : SATA 6Gb/s"
7TC0050J,331,Disco Seagate IronWolf 125 1TB,12,STORAGE 01,0,1001282,Archiving/Hardrives,Equipos,1195,Disco Seagate IronWolf 125 1TB,Articulo,"Tipo : SDD

Velocidad : SATA 6Gb/s"
7TC004ZQ,332,Disco Seagate IronWolf 125 1TB,12,STORAGE 01,0,1001282,Archiving/Hardrives,Equipos,1195,Disco Seagate IronWolf 125 1TB,Articulo,"Tipo : SDD

Velocidad : SATA 6Gb/s"
7TC0059B,333,Disco Seagate IronWolf 125 1TB,12,STORAGE 01,0,1001282,Archiving/Hardrives,Equipos,1195,Disco Seagate IronWolf 125 1TB,Articulo,"Tipo : SDD

Velocidad : SATA 6Gb/s"
7TC004YN,334,Disco Seagate IronWolf 125 1TB,12,STORAGE 01,0,1001282,Archiving/Hardrives,Equipos,1195,Disco Seagate IronWolf 125 1TB,Articulo,"Tipo : SDD

Velocidad : SATA 6Gb/s"
7TC005CC,335,Disco Seagate IronWolf 125 1TB,12,STORAGE 01,0,1001282,Archiving/Hardrives,Equipos,1195,Disco Seagate IronWolf 125 1TB,Articulo,"Tipo : SDD

Velocidad : SATA 6Gb/s"
21115Z800059,336,Disco Western Digital WD RED SA500 1TB,4,STORAGE 01,0,1001295,Archiving/Hardrives,Equipos,1196,Disco Western Digital WD RED SA500 1TB,Articulo," 


Tipo : SDD

Velocidad : SATA 2.5"
21115Z800076,337,Disco Western Digital WD RED SA500 1TB,4,STORAGE 01,0,1001295,Archiving/Hardrives,Equipos,1196,Disco Western Digital WD RED SA500 1TB,Articulo," 


Tipo : SDD

Velocidad : SATA 2.5"
21115Z800002,338,Disco Western Digital WD RED SA500 1TB,4,STORAGE 01,0,1001295,Archiving/Hardrives,Equipos,1196,Disco Western Digital WD RED SA500 1TB,Articulo," 


Tipo : SDD

Velocidad : SATA 2.5"
21115Z800051,339,Disco Western Digital WD RED SA500 1TB,4,STORAGE 01,0,1001295,Archiving/Hardrives,Equipos,1196,Disco Western Digital WD RED SA500 1TB,Articulo," 


Tipo : SDD

Velocidad : SATA 2.5"
7TD003VR,340,Disco Seagate IronWolf 125 2TB,8,STORAGE 01,0,1001300,Archiving/Hardrives,Equipos,1197,Disco Seagate IronWolf 125 2TB,Articulo,"Tipo : SDD

Velocidad : SATA 2.5"
7TD003W0,341,Disco Seagate IronWolf 125 2TB,8,STORAGE 01,0,1001300,Archiving/Hardrives,Equipos,1197,Disco Seagate IronWolf 125 2TB,Articulo,"Tipo : SDD

Velocidad : SATA 2.5"
7TD0046G,342,Disco Seagate IronWolf 125 2TB,8,STORAGE 01,0,1001300,Archiving/Hardrives,Equipos,1197,Disco Seagate IronWolf 125 2TB,Articulo,"Tipo : SDD

Velocidad : SATA 2.5"
7TD0046J,343,Disco Seagate IronWolf 125 2TB,8,STORAGE 01,0,1001300,Archiving/Hardrives,Equipos,1197,Disco Seagate IronWolf 125 2TB,Articulo,"Tipo : SDD

Velocidad : SATA 2.5"
7TD003YT,344,Disco Seagate IronWolf 125 2TB,8,STORAGE 01,0,1001300,Archiving/Hardrives,Equipos,1197,Disco Seagate IronWolf 125 2TB,Articulo,"Tipo : SDD

Velocidad : SATA 2.5"
7TD00477,345,Disco Seagate IronWolf 125 2TB,8,STORAGE 01,0,1001300,Archiving/Hardrives,Equipos,1197,Disco Seagate IronWolf 125 2TB,Articulo,"Tipo : SDD

Velocidad : SATA 2.5"
7TD0040X,346,Disco Seagate IronWolf 125 2TB,8,STORAGE 01,0,1001300,Archiving/Hardrives,Equipos,1197,Disco Seagate IronWolf 125 2TB,Articulo,"Tipo : SDD

Velocidad : SATA 2.5"
7TD0044R,347,Disco Seagate IronWolf 125 2TB,8,STORAGE 01,0,1001300,Archiving/Hardrives,Equipos,1197,Disco Seagate IronWolf 125 2TB,Articulo,"Tipo : SDD

Velocidad : SATA 2.5"
21084H800464,348,Disco Western Digital WD RED SA500 2TB,8,STORAGE 01,0,1001309,Archiving/Hardrives,Equipos,1198,Disco Western Digital WD RED SA500 2TB,Articulo,"Tipo : SDD

Velocidad : SATA 2.5"
21084H800516,349,Disco Western Digital WD RED SA500 2TB,8,STORAGE 01,0,1001309,Archiving/Hardrives,Equipos,1198,Disco Western Digital WD RED SA500 2TB,Articulo,"Tipo : SDD

Velocidad : SATA 2.5"
21084H800532,350,Disco Western Digital WD RED SA500 2TB,8,STORAGE 01,0,1001309,Archiving/Hardrives,Equipos,1198,Disco Western Digital WD RED SA500 2TB,Articulo,"Tipo : SDD

Velocidad : SATA 2.5"
21084H800454,351,Disco Western Digital WD RED SA500 2TB,8,STORAGE 01,0,1001309,Archiving/Hardrives,Equipos,1198,Disco Western Digital WD RED SA500 2TB,Articulo,"Tipo : SDD

Velocidad : SATA 2.5"
7TD0047M,352,Disco Western Digital WD RED SA500 2TB,8,STORAGE 01,0,1001309,Archiving/Hardrives,Equipos,1198,Disco Western Digital WD RED SA500 2TB,Articulo,"Tipo : SDD

Velocidad : SATA 2.5"
7TD0046N,353,Disco Western Digital WD RED SA500 2TB,8,STORAGE 01,0,1001309,Archiving/Hardrives,Equipos,1198,Disco Western Digital WD RED SA500 2TB,Articulo,"Tipo : SDD

Velocidad : SATA 2.5"
7TD0040J,354,Disco Western Digital WD RED SA500 2TB,8,STORAGE 01,0,1001309,Archiving/Hardrives,Equipos,1198,Disco Western Digital WD RED SA500 2TB,Articulo,"Tipo : SDD

Velocidad : SATA 2.5"
7TD0047C,355,Disco Western Digital WD RED SA500 2TB,8,STORAGE 01,0,1001309,Archiving/Hardrives,Equipos,1198,Disco Western Digital WD RED SA500 2TB,Articulo,"Tipo : SDD

Velocidad : SATA 2.5"
183753801062,356,Disco Western Digital Blue 2TB 3D NAND 2TB,1,STORAGE 01,0,1001318,Archiving/Hardrives,Equipos,1199,Disco Western Digital Blue 2TB 3D NAND 2TB,Articulo,"Tipo : SDD

Velocidad : SATA 2.5"
GS4000000244,357,Enclosure G SPEED SHUTTLE A,1,STORAGE 01,0,1001320,Archiving/Enclosure,Equipos,1200,Enclosure G SPEED SHUTTLE A,Articulo,
QUL042010857,358,Enclosure Pegasus 2 R4 Promise Technology,1,STORAGE 01,0,1001322,Archiving/Enclosure,Equipos,1201,Enclosure Pegasus 2 R4 Promise Technology,Articulo,
16031405210129GHB,367,Enclosure LACIE 8TB (4TBx2),1,STORAGE 01,0,1001324,Archiving/Enclosure,Equipos,1202,Enclosure LACIE 8TB (4TBx2),Articulo,
2130RWRFCQ2Y7,368,Enclosure Server (8TBx8),1,STORAGE 01,0,1001325,Archiving/Enclosure,Equipos,1203,Enclosure Server (8TBx8),Articulo,
,,Enclosure LACIE 8TB METADATA_BACKUP (4TBx2),1,STORAGE 01,0,1001326,Archiving/Enclosure,Equipos,1204,Enclosure LACIE 8TB METADATA_BACKUP (4TBx2),Articulo,
,,Enclosure OWC-01,1,STORAGE 01,0,1001327,Archiving/Enclosure,Equipos,1205,Enclosure OWC-01,Articulo,
,,Enclosure LACIE 16TB (8TBx2),1,STORAGE 01,0,1001328,Archiving/Enclosure,Equipos,1206,Enclosure LACIE 16TB (8TBx2),Articulo,
29578793,369,Enclosure OWC SoftRAID XT (Backup A),1,STORAGE 01,0,1001329,Archiving/Enclosure,Equipos,1207,Enclosure OWC SoftRAID XT (Backup A),Articulo,
29741493,370,Enclosure OWC SoftRAID XT (Backup B),1,STORAGE 01,0,1001330,Archiving/Enclosure,Equipos,1208,Enclosure OWC SoftRAID XT (Backup B),Articulo,
2940003101,359,Enclosure SHUTTLE 01 (1TBx4),1,STORAGE 01,0,1001331,Archiving/Enclosure,Equipos,1209,Enclosure SHUTTLE 01 (1TBx4),Articulo,
2940003463,360,Enclosure SHUTTLE 03 (1TBx4),1,STORAGE 01,0,1001333,Archiving/Enclosure,Equipos,1210,Enclosure SHUTTLE 03 (1TBx4),Articulo,
2940003469,361,Enclosure SHUTTLE 05 (1TBx4),1,STORAGE 01,0,1001335,Archiving/Enclosure,Equipos,1211,Enclosure SHUTTLE 05 (1TBx4),Articulo,
2940003374,362,Enclosure SHUTTLE 07 (1TBx4),1,STORAGE 01,0,1001337,Archiving/Enclosure,Equipos,1212,Enclosure SHUTTLE 07 (1TBx4),Articulo,
2940003457,363,Enclosure SHUTTLE 02 (2TBx4),1,STORAGE 01,0,1001339,Archiving/Enclosure,Equipos,1213,Enclosure SHUTTLE 02 (2TBx4),Articulo,
2940003333,364,Enclosure SHUTTLE 06 (2TBx4),1,STORAGE 01,0,1001341,Archiving/Enclosure,Equipos,1214,Enclosure SHUTTLE 06 (2TBx4),Articulo,
2940003455,365,Enclosure SHUTTLE 08 (2TBx4),1,STORAGE 01,0,1001343,Archiving/Enclosure,Equipos,1215,Enclosure SHUTTLE 08 (2TBx4),Articulo,
2940003735,366,Enclosure SHUTTLE 04 (2TBx4),1,STORAGE 01,0,1001345,Archiving/Enclosure,Equipos,1216,Enclosure SHUTTLE 04 (2TBx4),Articulo,
,,Enclosure LACIE (4TBx1),1,STORAGE 01,0,1001347,Archiving/Enclosure,Equipos,1217,Enclosure LACIE (4TBx1),Articulo,
,,Power AC Enclosure G SPEED SHUTTLE A,1,STORAGE 01,0,1001352,Power/Alimentadores AC/Asignados,Equipos,1218,Power AC Enclosure G SPEED SHUTTLE A,Articulo,
,,Power AC Enclosure LACIE 2Bay Thunderbolt 2,1,STORAGE 01,0,1001353,Power/Alimentadores AC/Asignados,Equipos,1219,Power AC Enclosure LACIE 2Bay Thunderbolt 2,Articulo,
,,Power AC Enclosure LACIE 8TB (4TBx2),1,STORAGE 01,0,1001354,Power/Alimentadores AC/Asignados,Equipos,1220,Power AC Enclosure LACIE 8TB (4TBx2),Articulo,
,,Power AC Enclosure LACIE 16TB (8TBx2),1,STORAGE 01,0,1001355,Power/Alimentadores AC/Asignados,Equipos,1221,Power AC Enclosure LACIE 16TB (8TBx2),Articulo,
,,Power AC Enclosure LACIE (4TBx1),1,STORAGE 01,0,1001356,Power/Alimentadores AC/Asignados,Equipos,1222,Power AC Enclosure LACIE (4TBx1),Articulo,
,,Power AC Enclosure OWC 4Bay Thunderbolt3,8,STORAGE 01,0,1001357,Power/Alimentadores AC/Asignados,Equipos,1223,Power AC Enclosure OWC 4Bay Thunderbolt3,Articulo,
,,Power AC Enclosure OWC 4Bay Thunderbolt 2,1,STORAGE 01,0,1001358,Power/Alimentadores AC/Asignados,Equipos,1224,Power AC Enclosure OWC 4Bay Thunderbolt 2,Articulo,
,,Power AC Enclosure OWC 8 Bay Thunderbolt 3,2,STORAGE 01,0,1001359,Power/Alimentadores AC/Asignados,Equipos,1225,Power AC Enclosure OWC 8 Bay Thunderbolt 3,Articulo,
,,Power AC Enclosure OWC SoftRAID XT (Backup A),1,STORAGE 01,0,1001360,Power/Alimentadores AC/Asignados,Equipos,1226,Power AC Enclosure OWC SoftRAID XT (Backup A),Articulo,
,,Power AC Enclosure OWC SoftRAID XT (Backup B),1,STORAGE 01,0,1001361,Power/Alimentadores AC/Asignados,Equipos,1227,Power AC Enclosure OWC SoftRAID XT (Backup B),Articulo,
,,Power AC Enclosure OWC-01,1,STORAGE 01,0,1001362,Power/Alimentadores AC/Asignados,Equipos,1228,Power AC Enclosure OWC-01,Articulo,
,,Power AC Enclosure Pegasus 2 R4 Promise Technology,1,STORAGE 01,0,1001363,Power/Alimentadores AC/Asignados,Equipos,1229,Power AC Enclosure Pegasus 2 R4 Promise Technology,Articulo,
,,Power AC Enclosure Server (8TBx8),1,STORAGE 01,0,1001364,Power/Alimentadores AC/Asignados,Equipos,1230,Power AC Enclosure Server (8TBx8),Articulo,
,,Power AC Enclosure SHUTTLE 01 (1TBx4),1,STORAGE 01,0,1001365,Power/Alimentadores AC/Asignados,Equipos,1231,Power AC Enclosure SHUTTLE 01 (1TBx4),Articulo,
,,Power AC Enclosure SHUTTLE 02 (2TBx4),1,STORAGE 01,0,1001366,Power/Alimentadores AC/Asignados,Equipos,1232,Power AC Enclosure SHUTTLE 02 (2TBx4),Articulo,
,,Power AC Enclosure SHUTTLE 03 (1TBx4),1,STORAGE 01,0,1001367,Power/Alimentadores AC/Asignados,Equipos,1233,Power AC Enclosure SHUTTLE 03 (1TBx4),Articulo,
,,Power AC Enclosure SHUTTLE 04 (2TBx4),1,STORAGE 01,0,1001368,Power/Alimentadores AC/Asignados,Equipos,1234,Power AC Enclosure SHUTTLE 04 (2TBx4),Articulo,
,,Power AC Enclosure SHUTTLE 05 (1TBx4),1,STORAGE 01,0,1001369,Power/Alimentadores AC/Asignados,Equipos,1235,Power AC Enclosure SHUTTLE 05 (1TBx4),Articulo,
,,Power AC Enclosure SHUTTLE 06 (2TBx4),1,STORAGE 01,0,1001370,Power/Alimentadores AC/Asignados,Equipos,1236,Power AC Enclosure SHUTTLE 06 (2TBx4),Articulo,
,,Power AC Enclosure SHUTTLE 07 (1TBx4),1,STORAGE 01,0,1001371,Power/Alimentadores AC/Asignados,Equipos,1237,Power AC Enclosure SHUTTLE 07 (1TBx4),Articulo,
,,Power AC Enclosure SHUTTLE 08 (2TBx4),1,STORAGE 01,0,1001372,Power/Alimentadores AC/Asignados,Equipos,1238,Power AC Enclosure SHUTTLE 08 (2TBx4),Articulo,
GS4000000244,371,Drive Set  G-Speed Shuttle A,1,STORAGE 01,1,1001373,Archiving/Drives Sets,Equipos,1239,Drive Set  G-Speed Shuttle A,case,
QUL042010857,372,Drive Set Pegasus 2 R4 Promise Technology,1,STORAGE 01,1,1001375,Archiving/Drives Sets,Equipos,1240,Drive Set Pegasus 2 R4 Promise Technology,case,
16031405210129GHB,373,Drive Set LACIE 8TB (4TBx2),1,STORAGE 01,1,1001377,Archiving/Drives Sets,Equipos,1241,Drive Set LACIE 8TB (4TBx2),case,
2130RWRFCQ2Y7,374,Drive Set Server (8TBx8),1,STORAGE 01,1,1001379,Archiving/Drives Sets,Equipos,1242,Drive Set Server (8TBx8),case,
29578793,375,Drive Set OWC SoftRAID XT,1,STORAGE 01,1,1001381,Archiving/Drives Sets,Equipos,1243,Drive Set OWC SoftRAID XT,case,
,,Monitor Flanders Zunzheng,1,,0,1001383,Monitores,Equipos,1244,Monitor Flanders Zunzheng,Articulo,
,,DVD Player Blue Ray Disk,1,,0,1001385,Accesorios,Equipos,1246,DVD Player Blue Ray Disk,Articulo,
,,Router Lynksys EA2700,1,,0,1001387,Wireless Systems,Equipos,1248,Router Lynksys EA2700,Articulo,
,,Power AC Router Lynksys EA2700,1,,0,1001388,Power/Alimentadores AC/Asignados,Equipos,1249,Power AC Router Lynksys EA2700,Articulo,
,,Bocinas Panasonic SCBTT466,1,,0,1001389,Accesorios,Equipos,1250,Bocinas Panasonic SCBTT466,Articulo,
,,UPS Unipower,1,COLOR LAB,0,1001390,Power/UPS,Equipos,1251,UPS Unipower,Articulo,
,,Dock Sabrent,1,,0,1001391,Accesorios,Equipos,1252,Dock Sabrent,Articulo,
,,Power AC Dock Sabrent,1,,0,1001392,Power/Alimentadores AC/Asignados,Equipos,1253,Power AC Dock Sabrent,Articulo,
,,Teclado Numeric Pad (Black),1,COLOR LAB,0,1001393,Hardware/Teclados,Equipos,1254,Teclado Numeric Pad (Black),Articulo,
,,Hub Techole HDMI 3 Entradas,1,,0,1001394,Accesorios/Accesorios Video,Equipos,1255,Hub Techole HDMI 3 Entradas,Articulo,
,,Power AC Enclosure G-Speed Shuttle A,1,,0,1001395,Power/Alimentadores AC/Asignados,Equipos,1256,Power AC Enclosure G-Speed Shuttle A,Articulo,
,,Power AC Enclosure LACIE 8TB (4TBx2),1,,0,1001396,Power/Alimentadores AC/Asignados,Equipos,1257,Power AC Enclosure LACIE 8TB (4TBx2),Articulo,
,,Power AC Enclosure OWC SoftRAID XT,1,,0,1001397,Power/Alimentadores AC/Asignados,Equipos,1258,Power AC Enclosure OWC SoftRAID XT,Articulo,
,,Power AC Enclosure Pegasus 2R4 Promise Technology,1,,0,1001398,Power/Alimentadores AC/Asignados,Equipos,1259,Power AC Enclosure Pegasus 2R4 Promise Technology,Articulo,
,,Power AC Enclosure Set Server (8TBx8),1,,0,1001399,Power/Alimentadores AC/Asignados,Equipos,1260,Power AC Enclosure Set Server (8TBx8),Articulo,
,,Power AC Enclosure LACIE,3,,0,1001400,Power/Alimentadores AC/Asignados,Equipos,1261,Power AC Enclosure LACIE,Articulo,
,,Power AC LACIE 8TB (4TBx2),1,,0,1001401,Power/Alimentadores AC/Asignados,Equipos,1262,Power AC LACIE 8TB (4TBx2),Articulo,
,,Cable AC XLR 5 Pins 10ft,1,,0,1001402,Power/Alimentadores AC/No Asignados,Equipos,1263,Cable AC XLR 5 Pins 10ft,Articulo,
,,Cable AC Europeo,1,,0,1001403,Power/Alimentadores AC/No Asignados,Equipos,1264,Cable AC Europeo,Articulo,
,,Alimentador XLR 4 Pins 10ft,1,,0,1001404,Power/Alimentadores AC/No Asignados,Equipos,1265,Alimentador XLR 4 Pins 10ft,Articulo,
,,Power AC Enclosure,1,,0,1001405,Power/Alimentadores AC/No Asignados,Equipos,1266,Power AC Enclosure,Articulo,